datei,anker,fragment,erste_ueberschrift,textlaenge
classes/cl_DataElement_Namespace_DataElementInterface_20492b.html,(Seite),content/ai/classes/cl_DataElement_Namespace_DataElementInterface_20492b/main_01.html,Verwendungszweck,1457
classes/cl_DataElement_Namespace_DataElementInterface_20492b.html,SWS_DM_00587,content/ai/classes/cl_DataElement_Namespace_DataElementInterface_20492b/rec_SWS_DM_00587_02.html,Verwendung KI-generiert / AI generated,1019
classes/cl_DataElement_Namespace_DataElementInterface_20492b.html,SWS_DM_00597,content/ai/classes/cl_DataElement_Namespace_DataElementInterface_20492b/rec_SWS_DM_00597_03.html,Verwendung KI-generiert / AI generated,571
classes/cl_DataElement_Namespace_DataElementInterface_20492b.html,SWS_DM_00596,content/ai/classes/cl_DataElement_Namespace_DataElementInterface_20492b/rec_SWS_DM_00596_04.html,Verwendung KI-generiert / AI generated,790
classes/cl_DataElement_Namespace_DataElementInterface_20492b.html,SWS_DM_00617,content/ai/classes/cl_DataElement_Namespace_DataElementInterface_20492b/rec_SWS_DM_00617_05.html,Verwendung KI-generiert / AI generated,452
classes/cl_DataElement_Namespace_DataElementInterface_20492b.html,SWS_DM_00588,content/ai/classes/cl_DataElement_Namespace_DataElementInterface_20492b/rec_SWS_DM_00588_06.html,Verwendung KI-generiert / AI generated,412
classes/cl_DataElement_Namespace_DataElementInterface_DataElement_Read_b50794.html,(Seite),content/ai/classes/cl_DataElement_Namespace_DataElementInterface_DataElement_Read_b50794/main_01.html,,547
classes/cl_DataIdentifier_Namespace_DataIdentifierInterface_074d99.html,(Seite),content/ai/classes/cl_DataIdentifier_Namespace_DataIdentifierInterface_074d99/main_01.html,Verwendungszweck,1485
classes/cl_DataIdentifier_Namespace_DataIdentifierInterface_074d99.html,SWS_DM_00585,content/ai/classes/cl_DataIdentifier_Namespace_DataIdentifierInterface_074d99/rec_SWS_DM_00585_02.html,Verwendung KI-generiert / AI generated,1019
classes/cl_DataIdentifier_Namespace_DataIdentifierInterface_074d99.html,SWS_DM_00599,content/ai/classes/cl_DataIdentifier_Namespace_DataIdentifierInterface_074d99/rec_SWS_DM_00599_03.html,Verwendung KI-generiert / AI generated,574
classes/cl_DataIdentifier_Namespace_DataIdentifierInterface_074d99.html,SWS_DM_00640,content/ai/classes/cl_DataIdentifier_Namespace_DataIdentifierInterface_074d99/rec_SWS_DM_00640_04.html,Verwendung KI-generiert / AI generated,760
classes/cl_DataIdentifier_Namespace_DataIdentifierInterface_074d99.html,SWS_DM_00600,content/ai/classes/cl_DataIdentifier_Namespace_DataIdentifierInterface_074d99/rec_SWS_DM_00600_05.html,Verwendung KI-generiert / AI generated,455
classes/cl_DataIdentifier_Namespace_DataIdentifierInterface_074d99.html,SWS_DM_00598,content/ai/classes/cl_DataIdentifier_Namespace_DataIdentifierInterface_074d99/rec_SWS_DM_00598_06.html,Verwendung KI-generiert / AI generated,848
classes/cl_DataIdentifier_Namespace_DataIdentifierInterface_074d99.html,SWS_DM_00586,content/ai/classes/cl_DataIdentifier_Namespace_DataIdentifierInterface_074d99/rec_SWS_DM_00586_07.html,Verwendung KI-generiert / AI generated,433
classes/cl_DataIdentifier_Namespace_DataIdentifierInterface_DataIdenti_6dbbd6.html,(Seite),content/ai/classes/cl_DataIdentifier_Namespace_DataIdentifierInterface_DataIdenti_6dbbd6/main_01.html,,541
classes/cl_ExtendedDataRecord_Namespace_ExtendedDataRecordElementInter_389847.html,(Seite),content/ai/classes/cl_ExtendedDataRecord_Namespace_ExtendedDataRecordElementInter_389847/main_01.html,Verwendungszweck,1462
classes/cl_ExtendedDataRecord_Namespace_ExtendedDataRecordElementInter_389847.html,SWS_DM_02158,content/ai/classes/cl_ExtendedDataRecord_Namespace_ExtendedDataRecordElementInter_389847/rec_SWS_DM_02158_02.html,Verwendung KI-generiert / AI generated,1053
classes/cl_ExtendedDataRecord_Namespace_ExtendedDataRecordElementInter_389847.html,SWS_DM_02152,content/ai/classes/cl_ExtendedDataRecord_Namespace_ExtendedDataRecordElementInter_389847/rec_SWS_DM_02152_03.html,Verwendung KI-generiert / AI generated,574
classes/cl_ExtendedDataRecord_Namespace_ExtendedDataRecordElementInter_389847.html,SWS_DM_02156,content/ai/classes/cl_ExtendedDataRecord_Namespace_ExtendedDataRecordElementInter_389847/rec_SWS_DM_02156_04.html,Verwendung KI-generiert / AI generated,868
classes/cl_ExtendedDataRecord_Namespace_ExtendedDataRecordElementInter_389847.html,SWS_DM_02153,content/ai/classes/cl_ExtendedDataRecord_Namespace_ExtendedDataRecordElementInter_389847/rec_SWS_DM_02153_05.html,Verwendung KI-generiert / AI generated,449
classes/cl_ExtendedDataRecord_Namespace_ExtendedDataRecordElementInter_389847.html,SWS_DM_02151,content/ai/classes/cl_ExtendedDataRecord_Namespace_ExtendedDataRecordElementInter_389847/rec_SWS_DM_02151_06.html,Verwendung KI-generiert / AI generated,421
classes/cl_ExtendedDataRecord_Namespace_ExtendedDataRecordElementInter_df5dc8.html,(Seite),content/ai/classes/cl_ExtendedDataRecord_Namespace_ExtendedDataRecordElementInter_df5dc8/main_01.html,,543
classes/cl_RoutineInterface_Namespace_RoutineInterface_RoutineInterfac_4c5e38.html,(Seite),content/ai/classes/cl_RoutineInterface_Namespace_RoutineInterface_RoutineInterfac_4c5e38/main_01.html,,526
classes/cl_RoutineInterface_Namespace_RoutineInterface_RoutineInterfac_96cc73.html,(Seite),content/ai/classes/cl_RoutineInterface_Namespace_RoutineInterface_RoutineInterfac_96cc73/main_01.html,,526
classes/cl_RoutineInterface_Namespace_RoutineInterface_RoutineInterfac_bf8729.html,(Seite),content/ai/classes/cl_RoutineInterface_Namespace_RoutineInterface_RoutineInterfac_bf8729/main_01.html,,514
classes/cl_RoutineInterface_Namespace_RoutineInterface_e99be1.html,(Seite),content/ai/classes/cl_RoutineInterface_Namespace_RoutineInterface_e99be1/main_01.html,Verwendungszweck,1696
classes/cl_RoutineInterface_Namespace_RoutineInterface_e99be1.html,SWS_DM_00589,content/ai/classes/cl_RoutineInterface_Namespace_RoutineInterface_e99be1/rec_SWS_DM_00589_02.html,Verwendung KI-generiert / AI generated,1061
classes/cl_RoutineInterface_Namespace_RoutineInterface_e99be1.html,SWS_DM_00594,content/ai/classes/cl_RoutineInterface_Namespace_RoutineInterface_e99be1/rec_SWS_DM_00594_03.html,Verwendung KI-generiert / AI generated,557
classes/cl_RoutineInterface_Namespace_RoutineInterface_e99be1.html,SWS_DM_00593,content/ai/classes/cl_RoutineInterface_Namespace_RoutineInterface_e99be1/rec_SWS_DM_00593_04.html,Verwendung KI-generiert / AI generated,785
classes/cl_RoutineInterface_Namespace_RoutineInterface_e99be1.html,SWS_DM_00591,content/ai/classes/cl_RoutineInterface_Namespace_RoutineInterface_e99be1/rec_SWS_DM_00591_05.html,Verwendung KI-generiert / AI generated,761
classes/cl_RoutineInterface_Namespace_RoutineInterface_e99be1.html,SWS_DM_00592,content/ai/classes/cl_RoutineInterface_Namespace_RoutineInterface_e99be1/rec_SWS_DM_00592_06.html,Verwendung KI-generiert / AI generated,758
classes/cl_RoutineInterface_Namespace_RoutineInterface_e99be1.html,SWS_DM_00595,content/ai/classes/cl_RoutineInterface_Namespace_RoutineInterface_e99be1/rec_SWS_DM_00595_07.html,Verwendung KI-generiert / AI generated,455
classes/cl_RoutineInterface_Namespace_RoutineInterface_e99be1.html,SWS_DM_00590,content/ai/classes/cl_RoutineInterface_Namespace_RoutineInterface_e99be1/rec_SWS_DM_00590_08.html,Verwendung KI-generiert / AI generated,414
classes/cl_SI_Namespace_proxy_SI_Proxy_059f5c.html,(Seite),content/ai/classes/cl_SI_Namespace_proxy_SI_Proxy_059f5c/main_01.html,Verwendungszweck,4246
classes/cl_SI_Namespace_proxy_SI_Proxy_059f5c.html,SWS_CM_10438,content/ai/classes/cl_SI_Namespace_proxy_SI_Proxy_059f5c/rec_SWS_CM_10438_02.html,Verwendung KI-generiert / AI generated,1326
classes/cl_SI_Namespace_proxy_SI_Proxy_059f5c.html,SWS_CM_00122,content/ai/classes/cl_SI_Namespace_proxy_SI_Proxy_059f5c/rec_SWS_CM_00122_03.html,Verwendung KI-generiert / AI generated,1408
classes/cl_SI_Namespace_proxy_SI_Proxy_059f5c.html,SWS_CM_00622,content/ai/classes/cl_SI_Namespace_proxy_SI_Proxy_059f5c/rec_SWS_CM_00622_04.html,Verwendung KI-generiert / AI generated,1662
classes/cl_SI_Namespace_proxy_SI_Proxy_059f5c.html,SWS_CM_10383,content/ai/classes/cl_SI_Namespace_proxy_SI_Proxy_059f5c/rec_SWS_CM_10383_05.html,Verwendung KI-generiert / AI generated,475
classes/cl_SI_Namespace_proxy_SI_Proxy_059f5c.html,SWS_CM_01073,content/ai/classes/cl_SI_Namespace_proxy_SI_Proxy_059f5c/rec_SWS_CM_01073_06.html,Verwendung KI-generiert / AI generated,760
classes/cl_SI_Namespace_proxy_SI_Proxy_059f5c.html,SWS_CM_00131,content/ai/classes/cl_SI_Namespace_proxy_SI_Proxy_059f5c/rec_SWS_CM_00131_07.html,Verwendung KI-generiert / AI generated,1143
classes/cl_SI_Namespace_proxy_SI_Proxy_059f5c.html,SWS_CM_99444,content/ai/classes/cl_SI_Namespace_proxy_SI_Proxy_059f5c/rec_SWS_CM_99444_08.html,Verwendung KI-generiert / AI generated,652
classes/cl_SI_Namespace_proxy_SI_Proxy_059f5c.html,SWS_CM_00123,content/ai/classes/cl_SI_Namespace_proxy_SI_Proxy_059f5c/rec_SWS_CM_00123_09.html,Verwendung KI-generiert / AI generated,1324
classes/cl_SI_Namespace_proxy_SI_Proxy_059f5c.html,SWS_CM_00623,content/ai/classes/cl_SI_Namespace_proxy_SI_Proxy_059f5c/rec_SWS_CM_00623_10.html,Verwendung KI-generiert / AI generated,1677
classes/cl_SI_Namespace_proxy_SI_Proxy_059f5c.html,SWS_CM_01074,content/ai/classes/cl_SI_Namespace_proxy_SI_Proxy_059f5c/rec_SWS_CM_01074_11.html,Verwendung KI-generiert / AI generated,718
classes/cl_SI_Namespace_proxy_SI_Proxy_059f5c.html,SWS_CM_01076,content/ai/classes/cl_SI_Namespace_proxy_SI_Proxy_059f5c/rec_SWS_CM_01076_12.html,Verwendung KI-generiert / AI generated,750
classes/cl_SI_Namespace_proxy_SI_Proxy_059f5c.html,SWS_CM_11352,content/ai/classes/cl_SI_Namespace_proxy_SI_Proxy_059f5c/rec_SWS_CM_11352_13.html,Verwendung KI-generiert / AI generated,1115
classes/cl_SI_Namespace_proxy_SI_Proxy_059f5c.html,SWS_CM_11365,content/ai/classes/cl_SI_Namespace_proxy_SI_Proxy_059f5c/rec_SWS_CM_11365_14.html,Verwendung KI-generiert / AI generated,1336
classes/cl_SI_Namespace_proxy_SI_Proxy_059f5c.html,SWS_CM_00125,content/ai/classes/cl_SI_Namespace_proxy_SI_Proxy_059f5c/rec_SWS_CM_00125_15.html,Verwendung KI-generiert / AI generated,712
classes/cl_SI_Namespace_proxy_SI_Proxy_059f5c.html,SWS_CM_01075,content/ai/classes/cl_SI_Namespace_proxy_SI_Proxy_059f5c/rec_SWS_CM_01075_16.html,Verwendung KI-generiert / AI generated,541
classes/cl_SI_Namespace_proxy_SI_Proxy_HandleType_73854b.html,(Seite),content/ai/classes/cl_SI_Namespace_proxy_SI_Proxy_HandleType_73854b/main_01.html,Rolle im Dienstbezug,2006
classes/cl_SI_Namespace_proxy_SI_Proxy_HandleType_73854b.html,SWS_CM_11531,content/ai/classes/cl_SI_Namespace_proxy_SI_Proxy_HandleType_73854b/rec_SWS_CM_11531_02.html,Verwendung KI-generiert / AI generated,979
classes/cl_SI_Namespace_proxy_events_Event_ed6992.html,(Seite),content/ai/classes/cl_SI_Namespace_proxy_events_Event_ed6992/main_01.html,Verwendungszweck,2127
classes/cl_SI_Namespace_proxy_events_Event_ed6992.html,SWS_CM_11554,content/ai/classes/cl_SI_Namespace_proxy_events_Event_ed6992/rec_SWS_CM_11554_02.html,Verwendung KI-generiert / AI generated,566
classes/cl_SI_Namespace_proxy_events_Event_ed6992.html,SWS_CM_00705,content/ai/classes/cl_SI_Namespace_proxy_events_Event_ed6992/rec_SWS_CM_00705_03.html,Verwendung KI-generiert / AI generated,792
classes/cl_SI_Namespace_proxy_events_Event_ed6992.html,SWS_CM_00701,content/ai/classes/cl_SI_Namespace_proxy_events_Event_ed6992/rec_SWS_CM_00701_04.html,Verwendung KI-generiert / AI generated,1217
classes/cl_SI_Namespace_proxy_events_Event_ed6992.html,SWS_CM_00316,content/ai/classes/cl_SI_Namespace_proxy_events_Event_ed6992/rec_SWS_CM_00316_05.html,Verwendung KI-generiert / AI generated,730
classes/cl_SI_Namespace_proxy_events_Event_ed6992.html,SWS_CM_00181,content/ai/classes/cl_SI_Namespace_proxy_events_Event_ed6992/rec_SWS_CM_00181_06.html,Verwendung KI-generiert / AI generated,1108
classes/cl_SI_Namespace_proxy_events_Event_ed6992.html,SWS_CM_11356,content/ai/classes/cl_SI_Namespace_proxy_events_Event_ed6992/rec_SWS_CM_11356_07.html,Verwendung KI-generiert / AI generated,793
classes/cl_SI_Namespace_proxy_events_Event_ed6992.html,SWS_CM_00333,content/ai/classes/cl_SI_Namespace_proxy_events_Event_ed6992/rec_SWS_CM_00333_08.html,Verwendung KI-generiert / AI generated,918
classes/cl_SI_Namespace_proxy_events_Event_ed6992.html,SWS_CM_11354,content/ai/classes/cl_SI_Namespace_proxy_events_Event_ed6992/rec_SWS_CM_11354_09.html,Verwendung KI-generiert / AI generated,676
classes/cl_SI_Namespace_proxy_events_Event_ed6992.html,SWS_CM_00099,content/ai/classes/cl_SI_Namespace_proxy_events_Event_ed6992/rec_SWS_CM_00099_10.html,Verwendung KI-generiert / AI generated,675
classes/cl_SI_Namespace_proxy_events_Event_ed6992.html,SWS_CM_00100,content/ai/classes/cl_SI_Namespace_proxy_events_Event_ed6992/rec_SWS_CM_00100_11.html,Verwendung KI-generiert / AI generated,731
classes/cl_SI_Namespace_proxy_events_Event_ed6992.html,SWS_CM_00141,content/ai/classes/cl_SI_Namespace_proxy_events_Event_ed6992/rec_SWS_CM_00141_12.html,Verwendung KI-generiert / AI generated,1293
classes/cl_SI_Namespace_proxy_events_Event_ed6992.html,SWS_CM_00183,content/ai/classes/cl_SI_Namespace_proxy_events_Event_ed6992/rec_SWS_CM_00183_13.html,Verwendung KI-generiert / AI generated,548
classes/cl_SI_Namespace_proxy_events_Event_ed6992.html,SWS_CM_00334,content/ai/classes/cl_SI_Namespace_proxy_events_Event_ed6992/rec_SWS_CM_00334_14.html,Verwendung KI-generiert / AI generated,544
classes/cl_SI_Namespace_proxy_events_Event_ed6992.html,SWS_CM_00105,content/ai/classes/cl_SI_Namespace_proxy_events_Event_ed6992/rec_SWS_CM_00105_15.html,Verwendung KI-generiert / AI generated,541
classes/cl_SI_Namespace_proxy_events_Event_ed6992.html,SWS_CM_00151,content/ai/classes/cl_SI_Namespace_proxy_events_Event_ed6992/rec_SWS_CM_00151_16.html,Verwendung KI-generiert / AI generated,677
classes/cl_SI_Namespace_proxy_fields_Field_768e1a.html,(Seite),content/ai/classes/cl_SI_Namespace_proxy_fields_Field_768e1a/main_01.html,Verwendungszweck,2525
classes/cl_SI_Namespace_proxy_fields_Field_768e1a.html,SWS_CM_00112,content/ai/classes/cl_SI_Namespace_proxy_fields_Field_768e1a/rec_SWS_CM_00112_02.html,Verwendung KI-generiert / AI generated,1353
classes/cl_SI_Namespace_proxy_fields_Field_768e1a.html,SWS_CM_11603,content/ai/classes/cl_SI_Namespace_proxy_fields_Field_768e1a/rec_SWS_CM_11603_03.html,Verwendung KI-generiert / AI generated,544
classes/cl_SI_Namespace_proxy_fields_Field_768e1a.html,SWS_CM_11610,content/ai/classes/cl_SI_Namespace_proxy_fields_Field_768e1a/rec_SWS_CM_11610_04.html,Verwendung KI-generiert / AI generated,683
classes/cl_SI_Namespace_proxy_fields_Field_768e1a.html,SWS_CM_00113,content/ai/classes/cl_SI_Namespace_proxy_fields_Field_768e1a/rec_SWS_CM_00113_05.html,Verwendung KI-generiert / AI generated,1525
classes/cl_SI_Namespace_proxy_fields_Field_768e1a.html,SWS_CM_11605,content/ai/classes/cl_SI_Namespace_proxy_fields_Field_768e1a/rec_SWS_CM_11605_06.html,Verwendung KI-generiert / AI generated,696
classes/cl_SI_Namespace_proxy_fields_Field_768e1a.html,SWS_CM_11611,content/ai/classes/cl_SI_Namespace_proxy_fields_Field_768e1a/rec_SWS_CM_11611_07.html,Verwendung KI-generiert / AI generated,728
classes/cl_SI_Namespace_proxy_fields_Field_768e1a.html,SWS_CM_11607,content/ai/classes/cl_SI_Namespace_proxy_fields_Field_768e1a/rec_SWS_CM_11607_08.html,Verwendung KI-generiert / AI generated,637
classes/cl_SI_Namespace_proxy_fields_Field_768e1a.html,SWS_CM_11608,content/ai/classes/cl_SI_Namespace_proxy_fields_Field_768e1a/rec_SWS_CM_11608_09.html,Verwendung KI-generiert / AI generated,669
classes/cl_SI_Namespace_proxy_fields_Field_768e1a.html,SWS_CM_00109,content/ai/classes/cl_SI_Namespace_proxy_fields_Field_768e1a/rec_SWS_CM_00109_10.html,Verwendung KI-generiert / AI generated,603
classes/cl_SI_Namespace_proxy_fields_Field_768e1a.html,SWS_CM_00110,content/ai/classes/cl_SI_Namespace_proxy_fields_Field_768e1a/rec_SWS_CM_00110_11.html,Verwendung KI-generiert / AI generated,659
classes/cl_SI_Namespace_proxy_fields_Field_768e1a.html,SWS_CM_11601,content/ai/classes/cl_SI_Namespace_proxy_fields_Field_768e1a/rec_SWS_CM_11601_12.html,Verwendung KI-generiert / AI generated,914
classes/cl_SI_Namespace_proxy_fields_Field_768e1a.html,SWS_CM_11606,content/ai/classes/cl_SI_Namespace_proxy_fields_Field_768e1a/rec_SWS_CM_11606_13.html,Verwendung KI-generiert / AI generated,534
classes/cl_SI_Namespace_proxy_fields_Field_768e1a.html,SWS_CM_11609,content/ai/classes/cl_SI_Namespace_proxy_fields_Field_768e1a/rec_SWS_CM_11609_14.html,Verwendung KI-generiert / AI generated,538
classes/cl_SI_Namespace_proxy_fields_Field_768e1a.html,SWS_CM_00126,content/ai/classes/cl_SI_Namespace_proxy_fields_Field_768e1a/rec_SWS_CM_00126_15.html,Verwendung KI-generiert / AI generated,541
classes/cl_SI_Namespace_proxy_methods_FnFMethod_74874c.html,(Seite),content/ai/classes/cl_SI_Namespace_proxy_methods_FnFMethod_74874c/main_01.html,,691
classes/cl_SI_Namespace_proxy_methods_FnFMethod_74874c.html,SWS_CM_90435,content/ai/classes/cl_SI_Namespace_proxy_methods_FnFMethod_74874c/rec_SWS_CM_90435_02.html,Verwendung KI-generiert / AI generated,769
classes/cl_SI_Namespace_proxy_methods_Method_Output_56338f.html,(Seite),content/ai/classes/cl_SI_Namespace_proxy_methods_Method_Output_56338f/main_01.html,,563
classes/cl_SI_Namespace_proxy_methods_Method_e89335.html,(Seite),content/ai/classes/cl_SI_Namespace_proxy_methods_Method_e89335/main_01.html,,922
classes/cl_SI_Namespace_proxy_methods_Method_e89335.html,SWS_CM_00196,content/ai/classes/cl_SI_Namespace_proxy_methods_Method_e89335/rec_SWS_CM_00196_02.html,Verwendung KI-generiert / AI generated,1620
classes/cl_SI_Namespace_proxy_triggers_Trigger_d98590.html,(Seite),content/ai/classes/cl_SI_Namespace_proxy_triggers_Trigger_d98590/main_01.html,Verwendungszweck,1351
classes/cl_SI_Namespace_proxy_triggers_Trigger_d98590.html,SWS_CM_00250,content/ai/classes/cl_SI_Namespace_proxy_triggers_Trigger_d98590/rec_SWS_CM_00250_02.html,Verwendung KI-generiert / AI generated,679
classes/cl_SI_Namespace_proxy_triggers_Trigger_d98590.html,SWS_CM_00352,content/ai/classes/cl_SI_Namespace_proxy_triggers_Trigger_d98590/rec_SWS_CM_00352_03.html,Verwendung KI-generiert / AI generated,711
classes/cl_SI_Namespace_proxy_triggers_Trigger_d98590.html,SWS_CM_01106,content/ai/classes/cl_SI_Namespace_proxy_triggers_Trigger_d98590/rec_SWS_CM_01106_04.html,Verwendung KI-generiert / AI generated,675
classes/cl_SI_Namespace_proxy_triggers_Trigger_d98590.html,SWS_CM_01107,content/ai/classes/cl_SI_Namespace_proxy_triggers_Trigger_d98590/rec_SWS_CM_01107_05.html,Verwendung KI-generiert / AI generated,643
classes/cl_SI_Namespace_proxy_triggers_Trigger_d98590.html,SWS_CM_00106,content/ai/classes/cl_SI_Namespace_proxy_triggers_Trigger_d98590/rec_SWS_CM_00106_06.html,Verwendung KI-generiert / AI generated,602
classes/cl_SI_Namespace_proxy_triggers_Trigger_d98590.html,SWS_CM_00107,content/ai/classes/cl_SI_Namespace_proxy_triggers_Trigger_d98590/rec_SWS_CM_00107_07.html,Verwendung KI-generiert / AI generated,658
classes/cl_SI_Namespace_proxy_triggers_Trigger_d98590.html,SWS_CM_00723,content/ai/classes/cl_SI_Namespace_proxy_triggers_Trigger_d98590/rec_SWS_CM_00723_08.html,Verwendung KI-generiert / AI generated,662
classes/cl_SI_Namespace_proxy_triggers_Trigger_d98590.html,SWS_CM_11614,content/ai/classes/cl_SI_Namespace_proxy_triggers_Trigger_d98590/rec_SWS_CM_11614_09.html,Verwendung KI-generiert / AI generated,507
classes/cl_SI_Namespace_proxy_triggers_Trigger_d98590.html,SWS_CM_01108,content/ai/classes/cl_SI_Namespace_proxy_triggers_Trigger_d98590/rec_SWS_CM_01108_10.html,Verwendung KI-generiert / AI generated,544
classes/cl_SI_Namespace_proxy_triggers_Trigger_d98590.html,SWS_CM_00108,content/ai/classes/cl_SI_Namespace_proxy_triggers_Trigger_d98590/rec_SWS_CM_00108_11.html,Verwendung KI-generiert / AI generated,547
classes/cl_SI_Namespace_skeleton_SI_Skeleton_317026.html,(Seite),content/ai/classes/cl_SI_Namespace_skeleton_SI_Skeleton_317026/main_01.html,Verwendungszweck,4094
classes/cl_SI_Namespace_skeleton_SI_Skeleton_317026.html,SWS_CM_00101,content/ai/classes/cl_SI_Namespace_skeleton_SI_Skeleton_317026/rec_SWS_CM_00101_02.html,Verwendung KI-generiert / AI generated,1089
classes/cl_SI_Namespace_skeleton_SI_Skeleton_317026.html,SWS_CM_00199,content/ai/classes/cl_SI_Namespace_skeleton_SI_Skeleton_317026/rec_SWS_CM_00199_03.html,Verwendung KI-generiert / AI generated,1214
classes/cl_SI_Namespace_skeleton_SI_Skeleton_317026.html,SWS_CM_00093,content/ai/classes/cl_SI_Namespace_skeleton_SI_Skeleton_317026/rec_SWS_CM_00093_04.html,Verwendung KI-generiert / AI generated,608
classes/cl_SI_Namespace_skeleton_SI_Skeleton_317026.html,SWS_CM_00094,content/ai/classes/cl_SI_Namespace_skeleton_SI_Skeleton_317026/rec_SWS_CM_00094_05.html,Verwendung KI-generiert / AI generated,664
classes/cl_SI_Namespace_skeleton_SI_Skeleton_317026.html,SWS_CM_00130,content/ai/classes/cl_SI_Namespace_skeleton_SI_Skeleton_317026/rec_SWS_CM_00130_06.html,Verwendung KI-generiert / AI generated,908
classes/cl_SI_Namespace_skeleton_SI_Skeleton_317026.html,SWS_CM_00152,content/ai/classes/cl_SI_Namespace_skeleton_SI_Skeleton_317026/rec_SWS_CM_00152_07.html,Verwendung KI-generiert / AI generated,993
classes/cl_SI_Namespace_skeleton_SI_Skeleton_317026.html,SWS_CM_00153,content/ai/classes/cl_SI_Namespace_skeleton_SI_Skeleton_317026/rec_SWS_CM_00153_08.html,Verwendung KI-generiert / AI generated,763
classes/cl_SI_Namespace_skeleton_SI_Skeleton_317026.html,SWS_CM_11370,content/ai/classes/cl_SI_Namespace_skeleton_SI_Skeleton_317026/rec_SWS_CM_11370_09.html,Verwendung KI-generiert / AI generated,479
classes/cl_SI_Namespace_skeleton_SI_Skeleton_317026.html,SWS_CM_00111,content/ai/classes/cl_SI_Namespace_skeleton_SI_Skeleton_317026/rec_SWS_CM_00111_10.html,Verwendung KI-generiert / AI generated,766
classes/cl_SI_Namespace_skeleton_SI_Skeleton_Method_Output_ac8615.html,(Seite),content/ai/classes/cl_SI_Namespace_skeleton_SI_Skeleton_Method_Output_ac8615/main_01.html,,719
classes/cl_SI_Namespace_skeleton_events_Event_99cf79.html,SWS_CM_90438,content/ai/classes/cl_SI_Namespace_skeleton_events_Event_99cf79/rec_SWS_CM_90438_01.html,Verwendung KI-generiert / AI generated,837
classes/cl_SI_Namespace_skeleton_events_Event_99cf79.html,SWS_CM_00162,content/ai/classes/cl_SI_Namespace_skeleton_events_Event_99cf79/rec_SWS_CM_00162_02.html,Verwendung KI-generiert / AI generated,902
classes/cl_SI_Namespace_skeleton_events_Event_99cf79.html,SWS_CM_90437,content/ai/classes/cl_SI_Namespace_skeleton_events_Event_99cf79/rec_SWS_CM_90437_03.html,Verwendung KI-generiert / AI generated,865
classes/cl_SI_Namespace_skeleton_events_Event_99cf79.html,SWS_CM_12008,content/ai/classes/cl_SI_Namespace_skeleton_events_Event_99cf79/rec_SWS_CM_12008_04.html,Verwendung KI-generiert / AI generated,682
classes/cl_SI_Namespace_skeleton_events_Event_99cf79.html,SWS_CM_12009,content/ai/classes/cl_SI_Namespace_skeleton_events_Event_99cf79/rec_SWS_CM_12009_05.html,Verwendung KI-generiert / AI generated,714
classes/cl_SI_Namespace_skeleton_events_Event_99cf79.html,SWS_CM_12010,content/ai/classes/cl_SI_Namespace_skeleton_events_Event_99cf79/rec_SWS_CM_12010_06.html,Verwendung KI-generiert / AI generated,545
classes/cl_SI_Namespace_skeleton_fields_Field_f27d36.html,(Seite),content/ai/classes/cl_SI_Namespace_skeleton_fields_Field_f27d36/main_01.html,Verwendungszweck,1644
classes/cl_SI_Namespace_skeleton_fields_Field_f27d36.html,SWS_CM_00114,content/ai/classes/cl_SI_Namespace_skeleton_fields_Field_f27d36/rec_SWS_CM_00114_02.html,Verwendung KI-generiert / AI generated,1016
classes/cl_SI_Namespace_skeleton_fields_Field_f27d36.html,SWS_CM_11360,content/ai/classes/cl_SI_Namespace_skeleton_fields_Field_f27d36/rec_SWS_CM_11360_03.html,Verwendung KI-generiert / AI generated,704
classes/cl_SI_Namespace_skeleton_fields_Field_f27d36.html,SWS_CM_00116,content/ai/classes/cl_SI_Namespace_skeleton_fields_Field_f27d36/rec_SWS_CM_00116_04.html,Verwendung KI-generiert / AI generated,1025
classes/cl_SI_Namespace_skeleton_fields_Field_f27d36.html,SWS_CM_11362,content/ai/classes/cl_SI_Namespace_skeleton_fields_Field_f27d36/rec_SWS_CM_11362_05.html,Verwendung KI-generiert / AI generated,704
classes/cl_SI_Namespace_skeleton_fields_Field_f27d36.html,SWS_CM_00096,content/ai/classes/cl_SI_Namespace_skeleton_fields_Field_f27d36/rec_SWS_CM_00096_06.html,Verwendung KI-generiert / AI generated,623
classes/cl_SI_Namespace_skeleton_fields_Field_f27d36.html,SWS_CM_00097,content/ai/classes/cl_SI_Namespace_skeleton_fields_Field_f27d36/rec_SWS_CM_00097_07.html,Verwendung KI-generiert / AI generated,679
classes/cl_SI_Namespace_skeleton_fields_Field_f27d36.html,SWS_CM_00098,content/ai/classes/cl_SI_Namespace_skeleton_fields_Field_f27d36/rec_SWS_CM_00098_08.html,Verwendung KI-generiert / AI generated,568
classes/cl_SI_Namespace_skeleton_fields_Field_f27d36.html,SWS_CM_00119,content/ai/classes/cl_SI_Namespace_skeleton_fields_Field_f27d36/rec_SWS_CM_00119_09.html,Verwendung KI-generiert / AI generated,875
classes/cl_SI_Namespace_skeleton_triggers_Trigger_7c7d63.html,(Seite),content/ai/classes/cl_SI_Namespace_skeleton_triggers_Trigger_7c7d63/main_01.html,,1122
classes/cl_SI_Namespace_skeleton_triggers_Trigger_7c7d63.html,SWS_CM_00721,content/ai/classes/cl_SI_Namespace_skeleton_triggers_Trigger_7c7d63/rec_SWS_CM_00721_02.html,Verwendung KI-generiert / AI generated,723
classes/cl_SI_Namespace_skeleton_triggers_Trigger_7c7d63.html,SWS_CM_01110,content/ai/classes/cl_SI_Namespace_skeleton_triggers_Trigger_7c7d63/rec_SWS_CM_01110_03.html,Verwendung KI-generiert / AI generated,688
classes/cl_SI_Namespace_skeleton_triggers_Trigger_7c7d63.html,SWS_CM_01111,content/ai/classes/cl_SI_Namespace_skeleton_triggers_Trigger_7c7d63/rec_SWS_CM_01111_04.html,Verwendung KI-generiert / AI generated,720
classes/cl_SI_Namespace_skeleton_triggers_Trigger_7c7d63.html,SWS_CM_01112,content/ai/classes/cl_SI_Namespace_skeleton_triggers_Trigger_7c7d63/rec_SWS_CM_01112_05.html,Verwendung KI-generiert / AI generated,551
classes/cl_apext_com_secoc_ComSecOcFvmErrorDomain_3955cb.html,(Seite),content/ai/classes/cl_apext_com_secoc_ComSecOcFvmErrorDomain_3955cb/main_01.html,Fehlerdomäne der Freshness-Erweiterung,1253
classes/cl_apext_com_secoc_ComSecOcFvmErrorDomain_3955cb.html,SWS_CM_12518,content/ai/classes/cl_apext_com_secoc_ComSecOcFvmErrorDomain_3955cb/rec_SWS_CM_12518_02.html,Verwendung KI-generiert / AI generated,506
classes/cl_apext_com_secoc_ComSecOcFvmErrorDomain_3955cb.html,SWS_CM_12520,content/ai/classes/cl_apext_com_secoc_ComSecOcFvmErrorDomain_3955cb/rec_SWS_CM_12520_03.html,Verwendung KI-generiert / AI generated,616
classes/cl_apext_com_secoc_ComSecOcFvmException_4a3922.html,(Seite),content/ai/classes/cl_apext_com_secoc_ComSecOcFvmException_4a3922/main_01.html,Ausnahme für FVM-Verstöße,1041
classes/cl_apext_com_secoc_FVContainer_6daeaa.html,(Seite),content/ai/classes/cl_apext_com_secoc_FVContainer_6daeaa/main_01.html,Container für Freshness-Daten,1087
classes/cl_apext_com_secoc_FVM_8d368e.html,(Seite),content/ai/classes/cl_apext_com_secoc_FVM_8d368e/main_01.html,Freshness-Value-Management als Plattform-Erweiterung,2262
classes/cl_apext_com_secoc_FVM_8d368e.html,SWS_CM_11288,content/ai/classes/cl_apext_com_secoc_FVM_8d368e/rec_SWS_CM_11288_02.html,Verwendung KI-generiert / AI generated,853
classes/cl_apext_com_secoc_FVM_8d368e.html,SWS_CM_11289,content/ai/classes/cl_apext_com_secoc_FVM_8d368e/rec_SWS_CM_11289_03.html,Verwendung KI-generiert / AI generated,855
classes/cl_apext_com_secoc_FVM_8d368e.html,SWS_CM_11290,content/ai/classes/cl_apext_com_secoc_FVM_8d368e/rec_SWS_CM_11290_04.html,Verwendung KI-generiert / AI generated,860
classes/cl_apext_com_secoc_FVM_8d368e.html,SWS_CM_19999,content/ai/classes/cl_apext_com_secoc_FVM_8d368e/rec_SWS_CM_19999_05.html,Verwendung KI-generiert / AI generated,924
classes/cl_apext_diag_uds_transport_UdsMessage_a98d15.html,(Seite),content/ai/classes/cl_apext_diag_uds_transport_UdsMessage_a98d15/main_01.html,Verwendungszweck,1798
classes/cl_apext_diag_uds_transport_UdsMessage_a98d15.html,SWS_DM_00302,content/ai/classes/cl_apext_diag_uds_transport_UdsMessage_a98d15/rec_SWS_DM_00302_02.html,Verwendung KI-generiert / AI generated,587
classes/cl_apext_diag_uds_transport_UdsMessage_a98d15.html,SWS_DM_00300,content/ai/classes/cl_apext_diag_uds_transport_UdsMessage_a98d15/rec_SWS_DM_00300_03.html,Verwendung KI-generiert / AI generated,632
classes/cl_apext_diag_uds_transport_UdsMessage_a98d15.html,SWS_DM_00301,content/ai/classes/cl_apext_diag_uds_transport_UdsMessage_a98d15/rec_SWS_DM_00301_04.html,Verwendung KI-generiert / AI generated,742
classes/cl_apext_diag_uds_transport_UdsMessage_a98d15.html,SWS_DM_00297,content/ai/classes/cl_apext_diag_uds_transport_UdsMessage_a98d15/rec_SWS_DM_00297_05.html,Verwendung KI-generiert / AI generated,342
classes/cl_apext_diag_uds_transport_UdsMessage_a98d15.html,SWS_DM_00298,content/ai/classes/cl_apext_diag_uds_transport_UdsMessage_a98d15/rec_SWS_DM_00298_06.html,Verwendung KI-generiert / AI generated,341
classes/cl_apext_diag_uds_transport_UdsMessage_a98d15.html,SWS_DM_00299,content/ai/classes/cl_apext_diag_uds_transport_UdsMessage_a98d15/rec_SWS_DM_00299_07.html,Verwendung KI-generiert / AI generated,369
classes/cl_apext_diag_uds_transport_UdsMessage_a98d15.html,SWS_DM_09012,content/ai/classes/cl_apext_diag_uds_transport_UdsMessage_a98d15/rec_SWS_DM_09012_08.html,Verwendung KI-generiert / AI generated,598
classes/cl_apext_diag_uds_transport_UdsTransportProtocolHandler_0a82b6.html,(Seite),content/ai/classes/cl_apext_diag_uds_transport_UdsTransportProtocolHandler_0a82b6/main_01.html,Verwendungszweck,2511
classes/cl_apext_diag_uds_transport_UdsTransportProtocolHandler_0a82b6.html,SWS_DM_00325,content/ai/classes/cl_apext_diag_uds_transport_UdsTransportProtocolHandler_0a82b6/rec_SWS_DM_00325_02.html,Verwendung KI-generiert / AI generated,423
classes/cl_apext_diag_uds_transport_UdsTransportProtocolHandler_0a82b6.html,SWS_DM_01068,content/ai/classes/cl_apext_diag_uds_transport_UdsTransportProtocolHandler_0a82b6/rec_SWS_DM_01068_03.html,Verwendung KI-generiert / AI generated,617
classes/cl_apext_diag_uds_transport_UdsTransportProtocolHandler_0a82b6.html,SWS_DM_00319,content/ai/classes/cl_apext_diag_uds_transport_UdsTransportProtocolHandler_0a82b6/rec_SWS_DM_00319_04.html,Verwendung KI-generiert / AI generated,608
classes/cl_apext_diag_uds_transport_UdsTransportProtocolHandler_0a82b6.html,SWS_DM_00326,content/ai/classes/cl_apext_diag_uds_transport_UdsTransportProtocolHandler_0a82b6/rec_SWS_DM_00326_05.html,Verwendung KI-generiert / AI generated,775
classes/cl_apext_diag_uds_transport_UdsTransportProtocolHandler_0a82b6.html,SWS_DM_00322,content/ai/classes/cl_apext_diag_uds_transport_UdsTransportProtocolHandler_0a82b6/rec_SWS_DM_00322_06.html,Verwendung KI-generiert / AI generated,521
classes/cl_apext_diag_uds_transport_UdsTransportProtocolHandler_0a82b6.html,SWS_DM_00323,content/ai/classes/cl_apext_diag_uds_transport_UdsTransportProtocolHandler_0a82b6/rec_SWS_DM_00323_07.html,Verwendung KI-generiert / AI generated,616
classes/cl_apext_diag_uds_transport_UdsTransportProtocolHandler_0a82b6.html,SWS_DM_00327,content/ai/classes/cl_apext_diag_uds_transport_UdsTransportProtocolHandler_0a82b6/rec_SWS_DM_00327_08.html,Verwendung KI-generiert / AI generated,693
classes/cl_apext_diag_uds_transport_UdsTransportProtocolHandler_0a82b6.html,SWS_DM_09015,content/ai/classes/cl_apext_diag_uds_transport_UdsTransportProtocolHandler_0a82b6/rec_SWS_DM_09015_09.html,Verwendung KI-generiert / AI generated,631
classes/cl_apext_diag_uds_transport_UdsTransportProtocolMgr_83bb5e.html,(Seite),content/ai/classes/cl_apext_diag_uds_transport_UdsTransportProtocolMgr_83bb5e/main_01.html,Verwendungszweck,2566
classes/cl_apext_diag_uds_transport_UdsTransportProtocolMgr_83bb5e.html,SWS_DM_00313,content/ai/classes/cl_apext_diag_uds_transport_UdsTransportProtocolMgr_83bb5e/rec_SWS_DM_00313_02.html,Verwendung KI-generiert / AI generated,634
classes/cl_apext_diag_uds_transport_UdsTransportProtocolMgr_83bb5e.html,SWS_DM_00311,content/ai/classes/cl_apext_diag_uds_transport_UdsTransportProtocolMgr_83bb5e/rec_SWS_DM_00311_03.html,Verwendung KI-generiert / AI generated,753
classes/cl_apext_diag_uds_transport_UdsTransportProtocolMgr_83bb5e.html,SWS_DM_00314,content/ai/classes/cl_apext_diag_uds_transport_UdsTransportProtocolMgr_83bb5e/rec_SWS_DM_00314_04.html,Verwendung KI-generiert / AI generated,627
classes/cl_apext_diag_uds_transport_UdsTransportProtocolMgr_83bb5e.html,SWS_DM_00309,content/ai/classes/cl_apext_diag_uds_transport_UdsTransportProtocolMgr_83bb5e/rec_SWS_DM_00309_05.html,Verwendung KI-generiert / AI generated,895
classes/cl_apext_diag_uds_transport_UdsTransportProtocolMgr_83bb5e.html,SWS_DM_00310,content/ai/classes/cl_apext_diag_uds_transport_UdsTransportProtocolMgr_83bb5e/rec_SWS_DM_00310_06.html,Verwendung KI-generiert / AI generated,556
classes/cl_apext_diag_uds_transport_UdsTransportProtocolMgr_83bb5e.html,SWS_DM_01069,content/ai/classes/cl_apext_diag_uds_transport_UdsTransportProtocolMgr_83bb5e/rec_SWS_DM_01069_07.html,Verwendung KI-generiert / AI generated,636
classes/cl_apext_diag_uds_transport_UdsTransportProtocolMgr_83bb5e.html,SWS_DM_00312,content/ai/classes/cl_apext_diag_uds_transport_UdsTransportProtocolMgr_83bb5e/rec_SWS_DM_00312_08.html,Verwendung KI-generiert / AI generated,709
classes/cl_apext_diag_uds_transport_UdsTransportProtocolPeriodicHandler_cfe581.html,(Seite),content/ai/classes/cl_apext_diag_uds_transport_UdsTransportProtocolPeriodicHandler_cfe581/main_01.html,Verwendungszweck,1345
classes/cl_apext_diag_uds_transport_UdsTransportProtocolPeriodicHandler_cfe581.html,SWS_DM_01066,content/ai/classes/cl_apext_diag_uds_transport_UdsTransportProtocolPeriodicHandler_cfe581/rec_SWS_DM_01066_02.html,Verwendung KI-generiert / AI generated,535
classes/cl_apext_diag_uds_transport_UdsTransportProtocolPeriodicHandler_cfe581.html,SWS_DM_01065,content/ai/classes/cl_apext_diag_uds_transport_UdsTransportProtocolPeriodicHandler_cfe581/rec_SWS_DM_01065_03.html,Verwendung KI-generiert / AI generated,477
classes/cl_apext_diag_uds_transport_UdsTransportProtocolPeriodicHandler_cfe581.html,SWS_DM_01067,content/ai/classes/cl_apext_diag_uds_transport_UdsTransportProtocolPeriodicHandler_cfe581/rec_SWS_DM_01067_04.html,Verwendung KI-generiert / AI generated,682
classes/cl_apext_diag_uds_transport_UdsTransportProtocolPeriodicHandler_cfe581.html,SWS_DM_02089,content/ai/classes/cl_apext_diag_uds_transport_UdsTransportProtocolPeriodicHandler_cfe581/rec_SWS_DM_02089_05.html,Verwendung KI-generiert / AI generated,398
classes/cl_apext_phm_WatchdogInterface_961d01.html,(Seite),content/ai/classes/cl_apext_phm_WatchdogInterface_961d01/main_01.html,Grenze zum Hardware-Watchdog,1119
classes/cl_apext_phm_WatchdogInterface_961d01.html,SWS_PHM_01255,content/ai/classes/cl_apext_phm_WatchdogInterface_961d01/rec_SWS_PHM_01255_02.html,Verwendung KI-generiert / AI generated,493
classes/cl_apext_phm_WatchdogInterface_961d01.html,SWS_PHM_01256,content/ai/classes/cl_apext_phm_WatchdogInterface_961d01/rec_SWS_PHM_01256_03.html,Verwendung KI-generiert / AI generated,530
classes/cl_apext_sm_PowerStateInterface_0ecf4e.html,(Seite),content/ai/classes/cl_apext_sm_PowerStateInterface_0ecf4e/main_01.html,Plattform-Power-State-Anbindung,1050
classes/cl_apext_sm_PowerStateInterface_0ecf4e.html,SWS_SM_71003,content/ai/classes/cl_apext_sm_PowerStateInterface_0ecf4e/rec_SWS_SM_71003_02.html,Verwendung KI-generiert / AI generated,594
classes/cl_apext_sm_PowerStateInterface_0ecf4e.html,SWS_SM_71001,content/ai/classes/cl_apext_sm_PowerStateInterface_0ecf4e/rec_SWS_SM_71001_03.html,Verwendung KI-generiert / AI generated,618
classes/cl_apext_sm_PowerStateInterface_0ecf4e.html,SWS_SM_71005,content/ai/classes/cl_apext_sm_PowerStateInterface_0ecf4e/rec_SWS_SM_71005_04.html,Verwendung KI-generiert / AI generated,600
classes/cl_apext_tsync_FVContainer_9ac97b.html,(Seite),content/ai/classes/cl_apext_tsync_FVContainer_9ac97b/main_01.html,Zeitbasis-Baustein struct apext::tsync::FVContainer,1325
classes/cl_apext_tsync_FVM_0c1a89.html,(Seite),content/ai/classes/cl_apext_tsync_FVM_0c1a89/main_01.html,Freshness-Value-Manager für abgesicherte Zeitnachrichten,1248
classes/cl_apext_tsync_FVM_0c1a89.html,SWS_TS_14198,content/ai/classes/cl_apext_tsync_FVM_0c1a89/rec_SWS_TS_14198_02.html,Verwendung KI-generiert / AI generated,745
classes/cl_apext_tsync_FVM_0c1a89.html,SWS_TS_14199,content/ai/classes/cl_apext_tsync_FVM_0c1a89/rec_SWS_TS_14199_03.html,Verwendung KI-generiert / AI generated,747
classes/cl_apext_tsync_FVM_0c1a89.html,SWS_TS_14200,content/ai/classes/cl_apext_tsync_FVM_0c1a89/rec_SWS_TS_14200_04.html,Verwendung KI-generiert / AI generated,773
classes/cl_apext_tsync_TsyncFvmErrorDomain_db2ac9.html,(Seite),content/ai/classes/cl_apext_tsync_TsyncFvmErrorDomain_db2ac9/main_01.html,Zeitbasis-Baustein class apext::tsync::TsyncFvmErrorDomain,1355
classes/cl_apext_tsync_TsyncFvmErrorDomain_db2ac9.html,SWS_TS_14210,content/ai/classes/cl_apext_tsync_TsyncFvmErrorDomain_db2ac9/rec_SWS_TS_14210_02.html,Verwendung KI-generiert / AI generated,768
classes/cl_apext_tsync_TsyncFvmErrorDomain_db2ac9.html,SWS_TS_14209,content/ai/classes/cl_apext_tsync_TsyncFvmErrorDomain_db2ac9/rec_SWS_TS_14209_03.html,Verwendung KI-generiert / AI generated,779
classes/cl_apext_tsync_TsyncFvmErrorDomain_db2ac9.html,SWS_TS_14211,content/ai/classes/cl_apext_tsync_TsyncFvmErrorDomain_db2ac9/rec_SWS_TS_14211_04.html,Verwendung KI-generiert / AI generated,818
classes/cl_apext_tsync_TsyncFvmErrorDomain_db2ac9.html,SWS_TS_14208,content/ai/classes/cl_apext_tsync_TsyncFvmErrorDomain_db2ac9/rec_SWS_TS_14208_05.html,Verwendung KI-generiert / AI generated,807
classes/cl_apext_tsync_TsyncFvmErrorDomain_db2ac9.html,SWS_TS_14201,content/ai/classes/cl_apext_tsync_TsyncFvmErrorDomain_db2ac9/rec_SWS_TS_14201_06.html,Verwendung KI-generiert / AI generated,661
classes/cl_apext_tsync_TsyncFvmException_feac76.html,(Seite),content/ai/classes/cl_apext_tsync_TsyncFvmException_feac76/main_01.html,Zeitbasis-Baustein class apext::tsync::TsyncFvmException,1306
classes/cl_apext_tsync_TsyncFvmException_feac76.html,SWS_TS_14204,content/ai/classes/cl_apext_tsync_TsyncFvmException_feac76/rec_SWS_TS_14204_02.html,Verwendung KI-generiert / AI generated,803
classes/cl_ara_com_ComErrorDomain_f7fe3f.html,(Seite),content/ai/classes/cl_ara_com_ComErrorDomain_f7fe3f/main_01.html,Allgemeine Kommunikationsfehler,1176
classes/cl_ara_com_ComErrorDomain_f7fe3f.html,SWS_CM_11331,content/ai/classes/cl_ara_com_ComErrorDomain_f7fe3f/rec_SWS_CM_11331_02.html,Verwendung KI-generiert / AI generated,489
classes/cl_ara_com_ComErrorDomain_f7fe3f.html,SWS_CM_11333,content/ai/classes/cl_ara_com_ComErrorDomain_f7fe3f/rec_SWS_CM_11333_03.html,Verwendung KI-generiert / AI generated,600
classes/cl_ara_com_ComException_85bfb4.html,(Seite),content/ai/classes/cl_ara_com_ComException_85bfb4/main_01.html,Exception-Abbildung der Kommunikationsdomäne,936
classes/cl_ara_com_FindServiceHandle_c56b5d.html,(Seite),content/ai/classes/cl_ara_com_FindServiceHandle_c56b5d/main_01.html,Lebensdauer einer laufenden Dienstsuche,1804
classes/cl_ara_com_InstanceIdentifier_662eea.html,(Seite),content/ai/classes/cl_ara_com_InstanceIdentifier_662eea/main_01.html,Technischer Name einer Service-Instanz,2364
classes/cl_ara_com_InstanceIdentifier_662eea.html,SWS_CM_11520,content/ai/classes/cl_ara_com_InstanceIdentifier_662eea/rec_SWS_CM_11520_02.html,Verwendung KI-generiert / AI generated,1561
classes/cl_ara_com_InstanceIdentifier_662eea.html,SWS_CM_11521,content/ai/classes/cl_ara_com_InstanceIdentifier_662eea/rec_SWS_CM_11521_03.html,Verwendung KI-generiert / AI generated,608
classes/cl_ara_com_InstanceIdentifier_662eea.html,SWS_CM_11522,content/ai/classes/cl_ara_com_InstanceIdentifier_662eea/rec_SWS_CM_11522_04.html,Verwendung KI-generiert / AI generated,586
classes/cl_ara_com_SamplePtr_f95130.html,(Seite),content/ai/classes/cl_ara_com_SamplePtr_f95130/main_01.html,Besitz eines empfangenen Samples,2835
classes/cl_ara_com_SamplePtr_f95130.html,SWS_CM_11546,content/ai/classes/cl_ara_com_SamplePtr_f95130/rec_SWS_CM_11546_02.html,Verwendung KI-generiert / AI generated,868
classes/cl_ara_com_SamplePtr_f95130.html,SWS_CM_90420,content/ai/classes/cl_ara_com_SamplePtr_f95130/rec_SWS_CM_90420_03.html,Verwendung KI-generiert / AI generated,927
classes/cl_ara_com_SamplePtr_f95130.html,SWS_CM_11545,content/ai/classes/cl_ara_com_SamplePtr_f95130/rec_SWS_CM_11545_04.html,Verwendung KI-generiert / AI generated,1373
classes/cl_ara_com_SamplePtr_f95130.html,SWS_CM_11544,content/ai/classes/cl_ara_com_SamplePtr_f95130/rec_SWS_CM_11544_05.html,Verwendung KI-generiert / AI generated,752
classes/cl_ara_com_ServiceIdentifierType_7d13a0.html,(Seite),content/ai/classes/cl_ara_com_ServiceIdentifierType_7d13a0/main_01.html,Identität des Service-Vertrags,1065
classes/cl_ara_com_ServiceIdentifierType_7d13a0.html,SWS_CM_11514,content/ai/classes/cl_ara_com_ServiceIdentifierType_7d13a0/rec_SWS_CM_11514_02.html,Verwendung KI-generiert / AI generated,564
classes/cl_ara_com_ServiceVersionType_c1349a.html,(Seite),content/ai/classes/cl_ara_com_ServiceVersionType_c1349a/main_01.html,Versionsanteil eines Service-Vertrags,1139
classes/cl_ara_com_ServiceVersionType_c1349a.html,SWS_CM_11519,content/ai/classes/cl_ara_com_ServiceVersionType_c1349a/rec_SWS_CM_11519_02.html,Verwendung KI-generiert / AI generated,553
classes/cl_ara_com_e2e_ComE2EErrorDomain_fb2892.html,(Seite),content/ai/classes/cl_ara_com_e2e_ComE2EErrorDomain_fb2892/main_01.html,Fehlerdomäne für E2E-Schutz,1643
classes/cl_ara_com_e2e_ComE2EErrorDomain_fb2892.html,SWS_CM_12507,content/ai/classes/cl_ara_com_e2e_ComE2EErrorDomain_fb2892/rec_SWS_CM_12507_02.html,Verwendung KI-generiert / AI generated,497
classes/cl_ara_com_e2e_ComE2EErrorDomain_fb2892.html,SWS_CM_12509,content/ai/classes/cl_ara_com_e2e_ComE2EErrorDomain_fb2892/rec_SWS_CM_12509_03.html,Verwendung KI-generiert / AI generated,606
classes/cl_ara_com_e2e_ComE2EException_720917.html,(Seite),content/ai/classes/cl_ara_com_e2e_ComE2EException_720917/main_01.html,Exception-Abbildung für E2E-Codes,971
classes/cl_ara_core_Array_940f9b.html,(Seite),content/ai/classes/cl_ara_core_Array_940f9b/main_01.html,Verwendungszweck,1370
classes/cl_ara_core_Array_940f9b.html,SWS_CORE_01273,content/ai/classes/cl_ara_core_Array_940f9b/rec_SWS_CORE_01273_02.html,Technische Einordnung KI-generiert / AI generated,803
classes/cl_ara_core_Array_940f9b.html,SWS_CORE_01274,content/ai/classes/cl_ara_core_Array_940f9b/rec_SWS_CORE_01274_03.html,Technische Einordnung KI-generiert / AI generated,803
classes/cl_ara_core_Array_940f9b.html,SWS_CORE_01269,content/ai/classes/cl_ara_core_Array_940f9b/rec_SWS_CORE_01269_04.html,Technische Einordnung KI-generiert / AI generated,457
classes/cl_ara_core_Array_940f9b.html,SWS_CORE_01270,content/ai/classes/cl_ara_core_Array_940f9b/rec_SWS_CORE_01270_05.html,Technische Einordnung KI-generiert / AI generated,457
classes/cl_ara_core_Array_940f9b.html,SWS_CORE_01250,content/ai/classes/cl_ara_core_Array_940f9b/rec_SWS_CORE_01250_06.html,Technische Einordnung KI-generiert / AI generated,458
classes/cl_ara_core_Array_940f9b.html,SWS_CORE_01251,content/ai/classes/cl_ara_core_Array_940f9b/rec_SWS_CORE_01251_07.html,Technische Einordnung KI-generiert / AI generated,458
classes/cl_ara_core_Array_940f9b.html,SWS_CORE_01258,content/ai/classes/cl_ara_core_Array_940f9b/rec_SWS_CORE_01258_08.html,Technische Einordnung KI-generiert / AI generated,459
classes/cl_ara_core_Array_940f9b.html,SWS_CORE_01259,content/ai/classes/cl_ara_core_Array_940f9b/rec_SWS_CORE_01259_09.html,Technische Einordnung KI-generiert / AI generated,457
classes/cl_ara_core_Array_940f9b.html,SWS_CORE_01260,content/ai/classes/cl_ara_core_Array_940f9b/rec_SWS_CORE_01260_10.html,Technische Einordnung KI-generiert / AI generated,460
classes/cl_ara_core_Array_940f9b.html,SWS_CORE_01261,content/ai/classes/cl_ara_core_Array_940f9b/rec_SWS_CORE_01261_11.html,Technische Einordnung KI-generiert / AI generated,458
classes/cl_ara_core_Array_940f9b.html,SWS_CORE_01271,content/ai/classes/cl_ara_core_Array_940f9b/rec_SWS_CORE_01271_12.html,Technische Einordnung KI-generiert / AI generated,457
classes/cl_ara_core_Array_940f9b.html,SWS_CORE_01272,content/ai/classes/cl_ara_core_Array_940f9b/rec_SWS_CORE_01272_13.html,Technische Einordnung KI-generiert / AI generated,457
classes/cl_ara_core_Array_940f9b.html,SWS_CORE_01264,content/ai/classes/cl_ara_core_Array_940f9b/rec_SWS_CORE_01264_14.html,Technische Einordnung KI-generiert / AI generated,458
classes/cl_ara_core_Array_940f9b.html,SWS_CORE_01252,content/ai/classes/cl_ara_core_Array_940f9b/rec_SWS_CORE_01252_15.html,Technische Einordnung KI-generiert / AI generated,456
classes/cl_ara_core_Array_940f9b.html,SWS_CORE_01253,content/ai/classes/cl_ara_core_Array_940f9b/rec_SWS_CORE_01253_16.html,Technische Einordnung KI-generiert / AI generated,456
classes/cl_ara_core_Array_940f9b.html,SWS_CORE_01241,content/ai/classes/cl_ara_core_Array_940f9b/rec_SWS_CORE_01241_17.html,Technische Einordnung KI-generiert / AI generated,457
classes/cl_ara_core_Array_940f9b.html,SWS_CORE_01267,content/ai/classes/cl_ara_core_Array_940f9b/rec_SWS_CORE_01267_18.html,Technische Einordnung KI-generiert / AI generated,458
classes/cl_ara_core_Array_940f9b.html,SWS_CORE_01268,content/ai/classes/cl_ara_core_Array_940f9b/rec_SWS_CORE_01268_19.html,Technische Einordnung KI-generiert / AI generated,458
classes/cl_ara_core_Array_940f9b.html,SWS_CORE_01263,content/ai/classes/cl_ara_core_Array_940f9b/rec_SWS_CORE_01263_20.html,Technische Einordnung KI-generiert / AI generated,461
classes/cl_ara_core_Array_940f9b.html,SWS_CORE_01265,content/ai/classes/cl_ara_core_Array_940f9b/rec_SWS_CORE_01265_21.html,Technische Einordnung KI-generiert / AI generated,463
classes/cl_ara_core_Array_940f9b.html,SWS_CORE_01266,content/ai/classes/cl_ara_core_Array_940f9b/rec_SWS_CORE_01266_22.html,Technische Einordnung KI-generiert / AI generated,463
classes/cl_ara_core_Array_940f9b.html,SWS_CORE_01254,content/ai/classes/cl_ara_core_Array_940f9b/rec_SWS_CORE_01254_23.html,Technische Einordnung KI-generiert / AI generated,459
classes/cl_ara_core_Array_940f9b.html,SWS_CORE_01255,content/ai/classes/cl_ara_core_Array_940f9b/rec_SWS_CORE_01255_24.html,Technische Einordnung KI-generiert / AI generated,459
classes/cl_ara_core_Array_940f9b.html,SWS_CORE_01256,content/ai/classes/cl_ara_core_Array_940f9b/rec_SWS_CORE_01256_25.html,Technische Einordnung KI-generiert / AI generated,457
classes/cl_ara_core_Array_940f9b.html,SWS_CORE_01257,content/ai/classes/cl_ara_core_Array_940f9b/rec_SWS_CORE_01257_26.html,Technische Einordnung KI-generiert / AI generated,457
classes/cl_ara_core_Array_940f9b.html,SWS_CORE_01262,content/ai/classes/cl_ara_core_Array_940f9b/rec_SWS_CORE_01262_27.html,Technische Einordnung KI-generiert / AI generated,457
classes/cl_ara_core_Array_940f9b.html,SWS_CORE_01242,content/ai/classes/cl_ara_core_Array_940f9b/rec_SWS_CORE_01242_28.html,Technische Einordnung KI-generiert / AI generated,539
classes/cl_ara_core_Array_940f9b.html,SWS_CORE_01213,content/ai/classes/cl_ara_core_Array_940f9b/rec_SWS_CORE_01213_29.html,Technische Einordnung KI-generiert / AI generated,467
classes/cl_ara_core_Array_940f9b.html,SWS_CORE_01218,content/ai/classes/cl_ara_core_Array_940f9b/rec_SWS_CORE_01218_30.html,Technische Einordnung KI-generiert / AI generated,466
classes/cl_ara_core_Array_940f9b.html,SWS_CORE_01211,content/ai/classes/cl_ara_core_Array_940f9b/rec_SWS_CORE_01211_31.html,Technische Einordnung KI-generiert / AI generated,468
classes/cl_ara_core_Array_940f9b.html,SWS_CORE_01220,content/ai/classes/cl_ara_core_Array_940f9b/rec_SWS_CORE_01220_32.html,Technische Einordnung KI-generiert / AI generated,475
classes/cl_ara_core_Array_940f9b.html,SWS_CORE_01215,content/ai/classes/cl_ara_core_Array_940f9b/rec_SWS_CORE_01215_33.html,Technische Einordnung KI-generiert / AI generated,468
classes/cl_ara_core_Array_940f9b.html,SWS_CORE_01212,content/ai/classes/cl_ara_core_Array_940f9b/rec_SWS_CORE_01212_34.html,Technische Einordnung KI-generiert / AI generated,461
classes/cl_ara_core_Array_940f9b.html,SWS_CORE_01217,content/ai/classes/cl_ara_core_Array_940f9b/rec_SWS_CORE_01217_35.html,Technische Einordnung KI-generiert / AI generated,460
classes/cl_ara_core_Array_940f9b.html,SWS_CORE_01210,content/ai/classes/cl_ara_core_Array_940f9b/rec_SWS_CORE_01210_36.html,Technische Einordnung KI-generiert / AI generated,462
classes/cl_ara_core_Array_940f9b.html,SWS_CORE_01219,content/ai/classes/cl_ara_core_Array_940f9b/rec_SWS_CORE_01219_37.html,Technische Einordnung KI-generiert / AI generated,469
classes/cl_ara_core_Array_940f9b.html,SWS_CORE_01214,content/ai/classes/cl_ara_core_Array_940f9b/rec_SWS_CORE_01214_38.html,Technische Einordnung KI-generiert / AI generated,462
classes/cl_ara_core_Array_940f9b.html,SWS_CORE_01216,content/ai/classes/cl_ara_core_Array_940f9b/rec_SWS_CORE_01216_39.html,Technische Einordnung KI-generiert / AI generated,463
classes/cl_ara_core_BasicString_b75ad8.html,(Seite),content/ai/classes/cl_ara_core_BasicString_b75ad8/main_01.html,Verwendungszweck,2138
classes/cl_ara_core_BasicString_b75ad8.html,SWS_CORE_03072,content/ai/classes/cl_ara_core_BasicString_b75ad8/rec_SWS_CORE_03072_02.html,Technische Einordnung KI-generiert / AI generated,484
classes/cl_ara_core_BasicString_b75ad8.html,SWS_CORE_03073,content/ai/classes/cl_ara_core_BasicString_b75ad8/rec_SWS_CORE_03073_03.html,Technische Einordnung KI-generiert / AI generated,547
classes/cl_ara_core_BasicString_b75ad8.html,SWS_CORE_03074,content/ai/classes/cl_ara_core_BasicString_b75ad8/rec_SWS_CORE_03074_04.html,Technische Einordnung KI-generiert / AI generated,547
classes/cl_ara_core_BasicString_b75ad8.html,SWS_CORE_03075,content/ai/classes/cl_ara_core_BasicString_b75ad8/rec_SWS_CORE_03075_05.html,Technische Einordnung KI-generiert / AI generated,547
classes/cl_ara_core_BasicString_b75ad8.html,SWS_CORE_03307,content/ai/classes/cl_ara_core_BasicString_b75ad8/rec_SWS_CORE_03307_06.html,Technische Einordnung KI-generiert / AI generated,586
classes/cl_ara_core_BasicString_b75ad8.html,SWS_CORE_03024,content/ai/classes/cl_ara_core_BasicString_b75ad8/rec_SWS_CORE_03024_07.html,Technische Einordnung KI-generiert / AI generated,506
classes/cl_ara_core_BasicString_b75ad8.html,SWS_CORE_03025,content/ai/classes/cl_ara_core_BasicString_b75ad8/rec_SWS_CORE_03025_08.html,Technische Einordnung KI-generiert / AI generated,506
classes/cl_ara_core_BasicString_b75ad8.html,SWS_CORE_03026,content/ai/classes/cl_ara_core_BasicString_b75ad8/rec_SWS_CORE_03026_09.html,Technische Einordnung KI-generiert / AI generated,506
classes/cl_ara_core_BasicString_b75ad8.html,SWS_CORE_03027,content/ai/classes/cl_ara_core_BasicString_b75ad8/rec_SWS_CORE_03027_10.html,Technische Einordnung KI-generiert / AI generated,506
classes/cl_ara_core_BasicString_b75ad8.html,SWS_CORE_03028,content/ai/classes/cl_ara_core_BasicString_b75ad8/rec_SWS_CORE_03028_11.html,Technische Einordnung KI-generiert / AI generated,569
classes/cl_ara_core_BasicString_b75ad8.html,SWS_CORE_03029,content/ai/classes/cl_ara_core_BasicString_b75ad8/rec_SWS_CORE_03029_12.html,Technische Einordnung KI-generiert / AI generated,569
classes/cl_ara_core_BasicString_b75ad8.html,SWS_CORE_03030,content/ai/classes/cl_ara_core_BasicString_b75ad8/rec_SWS_CORE_03030_13.html,Technische Einordnung KI-generiert / AI generated,569
classes/cl_ara_core_BasicString_b75ad8.html,SWS_CORE_03031,content/ai/classes/cl_ara_core_BasicString_b75ad8/rec_SWS_CORE_03031_14.html,Technische Einordnung KI-generiert / AI generated,506
classes/cl_ara_core_BasicString_b75ad8.html,SWS_CORE_03032,content/ai/classes/cl_ara_core_BasicString_b75ad8/rec_SWS_CORE_03032_15.html,Technische Einordnung KI-generiert / AI generated,569
classes/cl_ara_core_BasicString_b75ad8.html,SWS_CORE_03033,content/ai/classes/cl_ara_core_BasicString_b75ad8/rec_SWS_CORE_03033_16.html,Technische Einordnung KI-generiert / AI generated,506
classes/cl_ara_core_BasicString_b75ad8.html,SWS_CORE_03034,content/ai/classes/cl_ara_core_BasicString_b75ad8/rec_SWS_CORE_03034_17.html,Technische Einordnung KI-generiert / AI generated,506
classes/cl_ara_core_BasicString_b75ad8.html,SWS_CORE_03020,content/ai/classes/cl_ara_core_BasicString_b75ad8/rec_SWS_CORE_03020_18.html,Technische Einordnung KI-generiert / AI generated,506
classes/cl_ara_core_BasicString_b75ad8.html,SWS_CORE_03022,content/ai/classes/cl_ara_core_BasicString_b75ad8/rec_SWS_CORE_03022_19.html,Technische Einordnung KI-generiert / AI generated,506
classes/cl_ara_core_BasicString_b75ad8.html,SWS_CORE_03302,content/ai/classes/cl_ara_core_BasicString_b75ad8/rec_SWS_CORE_03302_20.html,Technische Einordnung KI-generiert / AI generated,608
classes/cl_ara_core_BasicString_b75ad8.html,SWS_CORE_03303,content/ai/classes/cl_ara_core_BasicString_b75ad8/rec_SWS_CORE_03303_21.html,Technische Einordnung KI-generiert / AI generated,608
classes/cl_ara_core_BasicString_b75ad8.html,SWS_CORE_03076,content/ai/classes/cl_ara_core_BasicString_b75ad8/rec_SWS_CORE_03076_22.html,Technische Einordnung KI-generiert / AI generated,480
classes/cl_ara_core_BasicString_b75ad8.html,SWS_CORE_03077,content/ai/classes/cl_ara_core_BasicString_b75ad8/rec_SWS_CORE_03077_23.html,Technische Einordnung KI-generiert / AI generated,833
classes/cl_ara_core_BasicString_b75ad8.html,SWS_CORE_03078,content/ai/classes/cl_ara_core_BasicString_b75ad8/rec_SWS_CORE_03078_24.html,Technische Einordnung KI-generiert / AI generated,910
classes/cl_ara_core_BasicString_b75ad8.html,SWS_CORE_03079,content/ai/classes/cl_ara_core_BasicString_b75ad8/rec_SWS_CORE_03079_25.html,Technische Einordnung KI-generiert / AI generated,543
classes/cl_ara_core_BasicString_b75ad8.html,SWS_CORE_03080,content/ai/classes/cl_ara_core_BasicString_b75ad8/rec_SWS_CORE_03080_26.html,Technische Einordnung KI-generiert / AI generated,543
classes/cl_ara_core_BasicString_b75ad8.html,SWS_CORE_03081,content/ai/classes/cl_ara_core_BasicString_b75ad8/rec_SWS_CORE_03081_27.html,Technische Einordnung KI-generiert / AI generated,480
classes/cl_ara_core_BasicString_b75ad8.html,SWS_CORE_03082,content/ai/classes/cl_ara_core_BasicString_b75ad8/rec_SWS_CORE_03082_28.html,Technische Einordnung KI-generiert / AI generated,543
classes/cl_ara_core_BasicString_b75ad8.html,SWS_CORE_03308,content/ai/classes/cl_ara_core_BasicString_b75ad8/rec_SWS_CORE_03308_29.html,Technische Einordnung KI-generiert / AI generated,582
classes/cl_ara_core_BasicString_b75ad8.html,SWS_CORE_03309,content/ai/classes/cl_ara_core_BasicString_b75ad8/rec_SWS_CORE_03309_30.html,Technische Einordnung KI-generiert / AI generated,934
classes/cl_ara_core_BasicString_b75ad8.html,SWS_CORE_03084,content/ai/classes/cl_ara_core_BasicString_b75ad8/rec_SWS_CORE_03084_31.html,Technische Einordnung KI-generiert / AI generated,480
classes/cl_ara_core_BasicString_b75ad8.html,SWS_CORE_03085,content/ai/classes/cl_ara_core_BasicString_b75ad8/rec_SWS_CORE_03085_32.html,Technische Einordnung KI-generiert / AI generated,480
classes/cl_ara_core_BasicString_b75ad8.html,SWS_CORE_03086,content/ai/classes/cl_ara_core_BasicString_b75ad8/rec_SWS_CORE_03086_33.html,Technische Einordnung KI-generiert / AI generated,833
classes/cl_ara_core_BasicString_b75ad8.html,SWS_CORE_03087,content/ai/classes/cl_ara_core_BasicString_b75ad8/rec_SWS_CORE_03087_34.html,Technische Einordnung KI-generiert / AI generated,582
classes/cl_ara_core_BasicString_b75ad8.html,SWS_CORE_03088,content/ai/classes/cl_ara_core_BasicString_b75ad8/rec_SWS_CORE_03088_35.html,Technische Einordnung KI-generiert / AI generated,901
classes/cl_ara_core_BasicString_b75ad8.html,SWS_CORE_03089,content/ai/classes/cl_ara_core_BasicString_b75ad8/rec_SWS_CORE_03089_36.html,Technische Einordnung KI-generiert / AI generated,543
classes/cl_ara_core_BasicString_b75ad8.html,SWS_CORE_03090,content/ai/classes/cl_ara_core_BasicString_b75ad8/rec_SWS_CORE_03090_37.html,Technische Einordnung KI-generiert / AI generated,543
classes/cl_ara_core_BasicString_b75ad8.html,SWS_CORE_03091,content/ai/classes/cl_ara_core_BasicString_b75ad8/rec_SWS_CORE_03091_38.html,Technische Einordnung KI-generiert / AI generated,480
classes/cl_ara_core_BasicString_b75ad8.html,SWS_CORE_03092,content/ai/classes/cl_ara_core_BasicString_b75ad8/rec_SWS_CORE_03092_39.html,Technische Einordnung KI-generiert / AI generated,543
classes/cl_ara_core_BasicString_b75ad8.html,SWS_CORE_03306,content/ai/classes/cl_ara_core_BasicString_b75ad8/rec_SWS_CORE_03306_40.html,Technische Einordnung KI-generiert / AI generated,934
classes/cl_ara_core_BasicString_b75ad8.html,SWS_CORE_03063,content/ai/classes/cl_ara_core_BasicString_b75ad8/rec_SWS_CORE_03063_41.html,Technische Einordnung KI-generiert / AI generated,826
classes/cl_ara_core_BasicString_b75ad8.html,SWS_CORE_03064,content/ai/classes/cl_ara_core_BasicString_b75ad8/rec_SWS_CORE_03064_42.html,Technische Einordnung KI-generiert / AI generated,826
classes/cl_ara_core_BasicString_b75ad8.html,SWS_CORE_03067,content/ai/classes/cl_ara_core_BasicString_b75ad8/rec_SWS_CORE_03067_43.html,Technische Einordnung KI-generiert / AI generated,478
classes/cl_ara_core_BasicString_b75ad8.html,SWS_CORE_03068,content/ai/classes/cl_ara_core_BasicString_b75ad8/rec_SWS_CORE_03068_44.html,Technische Einordnung KI-generiert / AI generated,478
classes/cl_ara_core_BasicString_b75ad8.html,SWS_CORE_03039,content/ai/classes/cl_ara_core_BasicString_b75ad8/rec_SWS_CORE_03039_45.html,Technische Einordnung KI-generiert / AI generated,479
classes/cl_ara_core_BasicString_b75ad8.html,SWS_CORE_03040,content/ai/classes/cl_ara_core_BasicString_b75ad8/rec_SWS_CORE_03040_46.html,Technische Einordnung KI-generiert / AI generated,479
classes/cl_ara_core_BasicString_b75ad8.html,SWS_CORE_03069,content/ai/classes/cl_ara_core_BasicString_b75ad8/rec_SWS_CORE_03069_47.html,Technische Einordnung KI-generiert / AI generated,542
classes/cl_ara_core_BasicString_b75ad8.html,SWS_CORE_03055,content/ai/classes/cl_ara_core_BasicString_b75ad8/rec_SWS_CORE_03055_48.html,Technische Einordnung KI-generiert / AI generated,482
classes/cl_ara_core_BasicString_b75ad8.html,SWS_CORE_03047,content/ai/classes/cl_ara_core_BasicString_b75ad8/rec_SWS_CORE_03047_49.html,Technische Einordnung KI-generiert / AI generated,480
classes/cl_ara_core_BasicString_b75ad8.html,SWS_CORE_03048,content/ai/classes/cl_ara_core_BasicString_b75ad8/rec_SWS_CORE_03048_50.html,Technische Einordnung KI-generiert / AI generated,478
classes/cl_ara_core_BasicString_b75ad8.html,SWS_CORE_03057,content/ai/classes/cl_ara_core_BasicString_b75ad8/rec_SWS_CORE_03057_51.html,Technische Einordnung KI-generiert / AI generated,479
classes/cl_ara_core_BasicString_b75ad8.html,SWS_CORE_03321,content/ai/classes/cl_ara_core_BasicString_b75ad8/rec_SWS_CORE_03321_52.html,Technische Einordnung KI-generiert / AI generated,583
classes/cl_ara_core_BasicString_b75ad8.html,SWS_CORE_03322,content/ai/classes/cl_ara_core_BasicString_b75ad8/rec_SWS_CORE_03322_53.html,Technische Einordnung KI-generiert / AI generated,583
classes/cl_ara_core_BasicString_b75ad8.html,SWS_CORE_03323,content/ai/classes/cl_ara_core_BasicString_b75ad8/rec_SWS_CORE_03323_54.html,Technische Einordnung KI-generiert / AI generated,583
classes/cl_ara_core_BasicString_b75ad8.html,SWS_CORE_03346,content/ai/classes/cl_ara_core_BasicString_b75ad8/rec_SWS_CORE_03346_55.html,Technische Einordnung KI-generiert / AI generated,583
classes/cl_ara_core_BasicString_b75ad8.html,SWS_CORE_03347,content/ai/classes/cl_ara_core_BasicString_b75ad8/rec_SWS_CORE_03347_56.html,Technische Einordnung KI-generiert / AI generated,583
classes/cl_ara_core_BasicString_b75ad8.html,SWS_CORE_03348,content/ai/classes/cl_ara_core_BasicString_b75ad8/rec_SWS_CORE_03348_57.html,Technische Einordnung KI-generiert / AI generated,583
classes/cl_ara_core_BasicString_b75ad8.html,SWS_CORE_03349,content/ai/classes/cl_ara_core_BasicString_b75ad8/rec_SWS_CORE_03349_58.html,Technische Einordnung KI-generiert / AI generated,583
classes/cl_ara_core_BasicString_b75ad8.html,SWS_CORE_03350,content/ai/classes/cl_ara_core_BasicString_b75ad8/rec_SWS_CORE_03350_59.html,Technische Einordnung KI-generiert / AI generated,646
classes/cl_ara_core_BasicString_b75ad8.html,SWS_CORE_03351,content/ai/classes/cl_ara_core_BasicString_b75ad8/rec_SWS_CORE_03351_60.html,Technische Einordnung KI-generiert / AI generated,646
classes/cl_ara_core_BasicString_b75ad8.html,SWS_CORE_03410,content/ai/classes/cl_ara_core_BasicString_b75ad8/rec_SWS_CORE_03410_61.html,Technische Einordnung KI-generiert / AI generated,896
classes/cl_ara_core_BasicString_b75ad8.html,SWS_CORE_03049,content/ai/classes/cl_ara_core_BasicString_b75ad8/rec_SWS_CORE_03049_62.html,Technische Einordnung KI-generiert / AI generated,481
classes/cl_ara_core_BasicString_b75ad8.html,SWS_CORE_03050,content/ai/classes/cl_ara_core_BasicString_b75ad8/rec_SWS_CORE_03050_63.html,Technische Einordnung KI-generiert / AI generated,479
classes/cl_ara_core_BasicString_b75ad8.html,SWS_CORE_03070,content/ai/classes/cl_ara_core_BasicString_b75ad8/rec_SWS_CORE_03070_64.html,Technische Einordnung KI-generiert / AI generated,541
classes/cl_ara_core_BasicString_b75ad8.html,SWS_CORE_03071,content/ai/classes/cl_ara_core_BasicString_b75ad8/rec_SWS_CORE_03071_65.html,Technische Einordnung KI-generiert / AI generated,541
classes/cl_ara_core_BasicString_b75ad8.html,SWS_CORE_03051,content/ai/classes/cl_ara_core_BasicString_b75ad8/rec_SWS_CORE_03051_66.html,Technische Einordnung KI-generiert / AI generated,479
classes/cl_ara_core_BasicString_b75ad8.html,SWS_CORE_03041,content/ai/classes/cl_ara_core_BasicString_b75ad8/rec_SWS_CORE_03041_67.html,Technische Einordnung KI-generiert / AI generated,477
classes/cl_ara_core_BasicString_b75ad8.html,SWS_CORE_03042,content/ai/classes/cl_ara_core_BasicString_b75ad8/rec_SWS_CORE_03042_68.html,Technische Einordnung KI-generiert / AI generated,477
classes/cl_ara_core_BasicString_b75ad8.html,SWS_CORE_03102,content/ai/classes/cl_ara_core_BasicString_b75ad8/rec_SWS_CORE_03102_69.html,Technische Einordnung KI-generiert / AI generated,897
classes/cl_ara_core_BasicString_b75ad8.html,SWS_CORE_03103,content/ai/classes/cl_ara_core_BasicString_b75ad8/rec_SWS_CORE_03103_70.html,Technische Einordnung KI-generiert / AI generated,479
classes/cl_ara_core_BasicString_b75ad8.html,SWS_CORE_03104,content/ai/classes/cl_ara_core_BasicString_b75ad8/rec_SWS_CORE_03104_71.html,Technische Einordnung KI-generiert / AI generated,479
classes/cl_ara_core_BasicString_b75ad8.html,SWS_CORE_03315,content/ai/classes/cl_ara_core_BasicString_b75ad8/rec_SWS_CORE_03315_72.html,Technische Einordnung KI-generiert / AI generated,643
classes/cl_ara_core_BasicString_b75ad8.html,SWS_CORE_03324,content/ai/classes/cl_ara_core_BasicString_b75ad8/rec_SWS_CORE_03324_73.html,Technische Einordnung KI-generiert / AI generated,541
classes/cl_ara_core_BasicString_b75ad8.html,SWS_CORE_03407,content/ai/classes/cl_ara_core_BasicString_b75ad8/rec_SWS_CORE_03407_74.html,Technische Einordnung KI-generiert / AI generated,478
classes/cl_ara_core_BasicString_b75ad8.html,SWS_CORE_03408,content/ai/classes/cl_ara_core_BasicString_b75ad8/rec_SWS_CORE_03408_75.html,Technische Einordnung KI-generiert / AI generated,541
classes/cl_ara_core_BasicString_b75ad8.html,SWS_CORE_03409,content/ai/classes/cl_ara_core_BasicString_b75ad8/rec_SWS_CORE_03409_76.html,Technische Einordnung KI-generiert / AI generated,541
classes/cl_ara_core_BasicString_b75ad8.html,SWS_CORE_03329,content/ai/classes/cl_ara_core_BasicString_b75ad8/rec_SWS_CORE_03329_77.html,Technische Einordnung KI-generiert / AI generated,487
classes/cl_ara_core_BasicString_b75ad8.html,SWS_CORE_03330,content/ai/classes/cl_ara_core_BasicString_b75ad8/rec_SWS_CORE_03330_78.html,Technische Einordnung KI-generiert / AI generated,550
classes/cl_ara_core_BasicString_b75ad8.html,SWS_CORE_03331,content/ai/classes/cl_ara_core_BasicString_b75ad8/rec_SWS_CORE_03331_79.html,Technische Einordnung KI-generiert / AI generated,550
classes/cl_ara_core_BasicString_b75ad8.html,SWS_CORE_03332,content/ai/classes/cl_ara_core_BasicString_b75ad8/rec_SWS_CORE_03332_80.html,Technische Einordnung KI-generiert / AI generated,550
classes/cl_ara_core_BasicString_b75ad8.html,SWS_CORE_03337,content/ai/classes/cl_ara_core_BasicString_b75ad8/rec_SWS_CORE_03337_81.html,Technische Einordnung KI-generiert / AI generated,491
classes/cl_ara_core_BasicString_b75ad8.html,SWS_CORE_03338,content/ai/classes/cl_ara_core_BasicString_b75ad8/rec_SWS_CORE_03338_82.html,Technische Einordnung KI-generiert / AI generated,554
classes/cl_ara_core_BasicString_b75ad8.html,SWS_CORE_03339,content/ai/classes/cl_ara_core_BasicString_b75ad8/rec_SWS_CORE_03339_83.html,Technische Einordnung KI-generiert / AI generated,554
classes/cl_ara_core_BasicString_b75ad8.html,SWS_CORE_03340,content/ai/classes/cl_ara_core_BasicString_b75ad8/rec_SWS_CORE_03340_84.html,Technische Einordnung KI-generiert / AI generated,554
classes/cl_ara_core_BasicString_b75ad8.html,SWS_CORE_03319,content/ai/classes/cl_ara_core_BasicString_b75ad8/rec_SWS_CORE_03319_85.html,Technische Einordnung KI-generiert / AI generated,593
classes/cl_ara_core_BasicString_b75ad8.html,SWS_CORE_03317,content/ai/classes/cl_ara_core_BasicString_b75ad8/rec_SWS_CORE_03317_86.html,Technische Einordnung KI-generiert / AI generated,652
classes/cl_ara_core_BasicString_b75ad8.html,SWS_CORE_03333,content/ai/classes/cl_ara_core_BasicString_b75ad8/rec_SWS_CORE_03333_87.html,Technische Einordnung KI-generiert / AI generated,486
classes/cl_ara_core_BasicString_b75ad8.html,SWS_CORE_03334,content/ai/classes/cl_ara_core_BasicString_b75ad8/rec_SWS_CORE_03334_88.html,Technische Einordnung KI-generiert / AI generated,549
classes/cl_ara_core_BasicString_b75ad8.html,SWS_CORE_03335,content/ai/classes/cl_ara_core_BasicString_b75ad8/rec_SWS_CORE_03335_89.html,Technische Einordnung KI-generiert / AI generated,549
classes/cl_ara_core_BasicString_b75ad8.html,SWS_CORE_03336,content/ai/classes/cl_ara_core_BasicString_b75ad8/rec_SWS_CORE_03336_90.html,Technische Einordnung KI-generiert / AI generated,549
classes/cl_ara_core_BasicString_b75ad8.html,SWS_CORE_03341,content/ai/classes/cl_ara_core_BasicString_b75ad8/rec_SWS_CORE_03341_91.html,Technische Einordnung KI-generiert / AI generated,490
classes/cl_ara_core_BasicString_b75ad8.html,SWS_CORE_03342,content/ai/classes/cl_ara_core_BasicString_b75ad8/rec_SWS_CORE_03342_92.html,Technische Einordnung KI-generiert / AI generated,553
classes/cl_ara_core_BasicString_b75ad8.html,SWS_CORE_03343,content/ai/classes/cl_ara_core_BasicString_b75ad8/rec_SWS_CORE_03343_93.html,Technische Einordnung KI-generiert / AI generated,553
classes/cl_ara_core_BasicString_b75ad8.html,SWS_CORE_03344,content/ai/classes/cl_ara_core_BasicString_b75ad8/rec_SWS_CORE_03344_94.html,Technische Einordnung KI-generiert / AI generated,553
classes/cl_ara_core_BasicString_b75ad8.html,SWS_CORE_03320,content/ai/classes/cl_ara_core_BasicString_b75ad8/rec_SWS_CORE_03320_95.html,Technische Einordnung KI-generiert / AI generated,592
classes/cl_ara_core_BasicString_b75ad8.html,SWS_CORE_03318,content/ai/classes/cl_ara_core_BasicString_b75ad8/rec_SWS_CORE_03318_96.html,Technische Einordnung KI-generiert / AI generated,588
classes/cl_ara_core_BasicString_b75ad8.html,SWS_CORE_03065,content/ai/classes/cl_ara_core_BasicString_b75ad8/rec_SWS_CORE_03065_97.html,Technische Einordnung KI-generiert / AI generated,479
classes/cl_ara_core_BasicString_b75ad8.html,SWS_CORE_03066,content/ai/classes/cl_ara_core_BasicString_b75ad8/rec_SWS_CORE_03066_98.html,Technische Einordnung KI-generiert / AI generated,479
classes/cl_ara_core_BasicString_b75ad8.html,SWS_CORE_03415,content/ai/classes/cl_ara_core_BasicString_b75ad8/rec_SWS_CORE_03415_99.html,Technische Einordnung KI-generiert / AI generated,487
classes/cl_ara_core_BasicString_b75ad8.html,SWS_CORE_03093,content/ai/classes/cl_ara_core_BasicString_b75ad8/rec_SWS_CORE_03093_100.html,Technische Einordnung KI-generiert / AI generated,480
classes/cl_ara_core_BasicString_b75ad8.html,SWS_CORE_03094,content/ai/classes/cl_ara_core_BasicString_b75ad8/rec_SWS_CORE_03094_101.html,Technische Einordnung KI-generiert / AI generated,853
classes/cl_ara_core_BasicString_b75ad8.html,SWS_CORE_03095,content/ai/classes/cl_ara_core_BasicString_b75ad8/rec_SWS_CORE_03095_102.html,Technische Einordnung KI-generiert / AI generated,1052
classes/cl_ara_core_BasicString_b75ad8.html,SWS_CORE_03096,content/ai/classes/cl_ara_core_BasicString_b75ad8/rec_SWS_CORE_03096_103.html,Technische Einordnung KI-generiert / AI generated,543
classes/cl_ara_core_BasicString_b75ad8.html,SWS_CORE_03097,content/ai/classes/cl_ara_core_BasicString_b75ad8/rec_SWS_CORE_03097_104.html,Technische Einordnung KI-generiert / AI generated,543
classes/cl_ara_core_BasicString_b75ad8.html,SWS_CORE_03098,content/ai/classes/cl_ara_core_BasicString_b75ad8/rec_SWS_CORE_03098_105.html,Technische Einordnung KI-generiert / AI generated,543
classes/cl_ara_core_BasicString_b75ad8.html,SWS_CORE_03099,content/ai/classes/cl_ara_core_BasicString_b75ad8/rec_SWS_CORE_03099_106.html,Technische Einordnung KI-generiert / AI generated,543
classes/cl_ara_core_BasicString_b75ad8.html,SWS_CORE_03100,content/ai/classes/cl_ara_core_BasicString_b75ad8/rec_SWS_CORE_03100_107.html,Technische Einordnung KI-generiert / AI generated,480
classes/cl_ara_core_BasicString_b75ad8.html,SWS_CORE_03101,content/ai/classes/cl_ara_core_BasicString_b75ad8/rec_SWS_CORE_03101_108.html,Technische Einordnung KI-generiert / AI generated,543
classes/cl_ara_core_BasicString_b75ad8.html,SWS_CORE_03310,content/ai/classes/cl_ara_core_BasicString_b75ad8/rec_SWS_CORE_03310_109.html,Technische Einordnung KI-generiert / AI generated,582
classes/cl_ara_core_BasicString_b75ad8.html,SWS_CORE_03311,content/ai/classes/cl_ara_core_BasicString_b75ad8/rec_SWS_CORE_03311_110.html,Technische Einordnung KI-generiert / AI generated,954
classes/cl_ara_core_BasicString_b75ad8.html,SWS_CORE_03060,content/ai/classes/cl_ara_core_BasicString_b75ad8/rec_SWS_CORE_03060_111.html,Technische Einordnung KI-generiert / AI generated,480
classes/cl_ara_core_BasicString_b75ad8.html,SWS_CORE_03053,content/ai/classes/cl_ara_core_BasicString_b75ad8/rec_SWS_CORE_03053_112.html,Technische Einordnung KI-generiert / AI generated,482
classes/cl_ara_core_BasicString_b75ad8.html,SWS_CORE_03021,content/ai/classes/cl_ara_core_BasicString_b75ad8/rec_SWS_CORE_03021_113.html,Technische Einordnung KI-generiert / AI generated,483
classes/cl_ara_core_BasicString_b75ad8.html,SWS_CORE_03023,content/ai/classes/cl_ara_core_BasicString_b75ad8/rec_SWS_CORE_03023_114.html,Technische Einordnung KI-generiert / AI generated,483
classes/cl_ara_core_BasicString_b75ad8.html,SWS_CORE_03035,content/ai/classes/cl_ara_core_BasicString_b75ad8/rec_SWS_CORE_03035_115.html,Technische Einordnung KI-generiert / AI generated,546
classes/cl_ara_core_BasicString_b75ad8.html,SWS_CORE_03036,content/ai/classes/cl_ara_core_BasicString_b75ad8/rec_SWS_CORE_03036_116.html,Technische Einordnung KI-generiert / AI generated,546
classes/cl_ara_core_BasicString_b75ad8.html,SWS_CORE_03037,content/ai/classes/cl_ara_core_BasicString_b75ad8/rec_SWS_CORE_03037_117.html,Technische Einordnung KI-generiert / AI generated,546
classes/cl_ara_core_BasicString_b75ad8.html,SWS_CORE_03304,content/ai/classes/cl_ara_core_BasicString_b75ad8/rec_SWS_CORE_03304_118.html,Technische Einordnung KI-generiert / AI generated,585
classes/cl_ara_core_BasicString_b75ad8.html,SWS_CORE_03301,content/ai/classes/cl_ara_core_BasicString_b75ad8/rec_SWS_CORE_03301_119.html,Technische Einordnung KI-generiert / AI generated,594
classes/cl_ara_core_BasicString_b75ad8.html,SWS_CORE_03061,content/ai/classes/cl_ara_core_BasicString_b75ad8/rec_SWS_CORE_03061_120.html,Technische Einordnung KI-generiert / AI generated,484
classes/cl_ara_core_BasicString_b75ad8.html,SWS_CORE_03062,content/ai/classes/cl_ara_core_BasicString_b75ad8/rec_SWS_CORE_03062_121.html,Technische Einordnung KI-generiert / AI generated,484
classes/cl_ara_core_BasicString_b75ad8.html,SWS_CORE_03105,content/ai/classes/cl_ara_core_BasicString_b75ad8/rec_SWS_CORE_03105_122.html,Technische Einordnung KI-generiert / AI generated,482
classes/cl_ara_core_BasicString_b75ad8.html,SWS_CORE_03083,content/ai/classes/cl_ara_core_BasicString_b75ad8/rec_SWS_CORE_03083_123.html,Technische Einordnung KI-generiert / AI generated,483
classes/cl_ara_core_BasicString_b75ad8.html,SWS_CORE_03043,content/ai/classes/cl_ara_core_BasicString_b75ad8/rec_SWS_CORE_03043_124.html,Technische Einordnung KI-generiert / AI generated,480
classes/cl_ara_core_BasicString_b75ad8.html,SWS_CORE_03044,content/ai/classes/cl_ara_core_BasicString_b75ad8/rec_SWS_CORE_03044_125.html,Technische Einordnung KI-generiert / AI generated,480
classes/cl_ara_core_BasicString_b75ad8.html,SWS_CORE_03045,content/ai/classes/cl_ara_core_BasicString_b75ad8/rec_SWS_CORE_03045_126.html,Technische Einordnung KI-generiert / AI generated,478
classes/cl_ara_core_BasicString_b75ad8.html,SWS_CORE_03046,content/ai/classes/cl_ara_core_BasicString_b75ad8/rec_SWS_CORE_03046_127.html,Technische Einordnung KI-generiert / AI generated,478
classes/cl_ara_core_BasicString_b75ad8.html,SWS_CORE_03106,content/ai/classes/cl_ara_core_BasicString_b75ad8/rec_SWS_CORE_03106_128.html,Technische Einordnung KI-generiert / AI generated,481
classes/cl_ara_core_BasicString_b75ad8.html,SWS_CORE_03107,content/ai/classes/cl_ara_core_BasicString_b75ad8/rec_SWS_CORE_03107_129.html,Technische Einordnung KI-generiert / AI generated,924
classes/cl_ara_core_BasicString_b75ad8.html,SWS_CORE_03108,content/ai/classes/cl_ara_core_BasicString_b75ad8/rec_SWS_CORE_03108_130.html,Technische Einordnung KI-generiert / AI generated,988
classes/cl_ara_core_BasicString_b75ad8.html,SWS_CORE_03109,content/ai/classes/cl_ara_core_BasicString_b75ad8/rec_SWS_CORE_03109_131.html,Technische Einordnung KI-generiert / AI generated,544
classes/cl_ara_core_BasicString_b75ad8.html,SWS_CORE_03110,content/ai/classes/cl_ara_core_BasicString_b75ad8/rec_SWS_CORE_03110_132.html,Technische Einordnung KI-generiert / AI generated,544
classes/cl_ara_core_BasicString_b75ad8.html,SWS_CORE_03111,content/ai/classes/cl_ara_core_BasicString_b75ad8/rec_SWS_CORE_03111_133.html,Technische Einordnung KI-generiert / AI generated,481
classes/cl_ara_core_BasicString_b75ad8.html,SWS_CORE_03112,content/ai/classes/cl_ara_core_BasicString_b75ad8/rec_SWS_CORE_03112_134.html,Technische Einordnung KI-generiert / AI generated,544
classes/cl_ara_core_BasicString_b75ad8.html,SWS_CORE_03312,content/ai/classes/cl_ara_core_BasicString_b75ad8/rec_SWS_CORE_03312_135.html,Technische Einordnung KI-generiert / AI generated,583
classes/cl_ara_core_BasicString_b75ad8.html,SWS_CORE_03313,content/ai/classes/cl_ara_core_BasicString_b75ad8/rec_SWS_CORE_03313_136.html,Technische Einordnung KI-generiert / AI generated,1022
classes/cl_ara_core_BasicString_b75ad8.html,SWS_CORE_03314,content/ai/classes/cl_ara_core_BasicString_b75ad8/rec_SWS_CORE_03314_137.html,Technische Einordnung KI-generiert / AI generated,583
classes/cl_ara_core_BasicString_b75ad8.html,SWS_CORE_03406,content/ai/classes/cl_ara_core_BasicString_b75ad8/rec_SWS_CORE_03406_138.html,Technische Einordnung KI-generiert / AI generated,544
classes/cl_ara_core_BasicString_b75ad8.html,SWS_CORE_03411,content/ai/classes/cl_ara_core_BasicString_b75ad8/rec_SWS_CORE_03411_139.html,Technische Einordnung KI-generiert / AI generated,481
classes/cl_ara_core_BasicString_b75ad8.html,SWS_CORE_03413,content/ai/classes/cl_ara_core_BasicString_b75ad8/rec_SWS_CORE_03413_140.html,Technische Einordnung KI-generiert / AI generated,544
classes/cl_ara_core_BasicString_b75ad8.html,SWS_CORE_03414,content/ai/classes/cl_ara_core_BasicString_b75ad8/rec_SWS_CORE_03414_141.html,Technische Einordnung KI-generiert / AI generated,544
classes/cl_ara_core_BasicString_b75ad8.html,SWS_CORE_03054,content/ai/classes/cl_ara_core_BasicString_b75ad8/rec_SWS_CORE_03054_142.html,Technische Einordnung KI-generiert / AI generated,839
classes/cl_ara_core_BasicString_b75ad8.html,SWS_CORE_03058,content/ai/classes/cl_ara_core_BasicString_b75ad8/rec_SWS_CORE_03058_143.html,Technische Einordnung KI-generiert / AI generated,833
classes/cl_ara_core_BasicString_b75ad8.html,SWS_CORE_03059,content/ai/classes/cl_ara_core_BasicString_b75ad8/rec_SWS_CORE_03059_144.html,Technische Einordnung KI-generiert / AI generated,900
classes/cl_ara_core_BasicString_b75ad8.html,SWS_CORE_03316,content/ai/classes/cl_ara_core_BasicString_b75ad8/rec_SWS_CORE_03316_145.html,Technische Einordnung KI-generiert / AI generated,644
classes/cl_ara_core_BasicString_b75ad8.html,SWS_CORE_03325,content/ai/classes/cl_ara_core_BasicString_b75ad8/rec_SWS_CORE_03325_146.html,Technische Einordnung KI-generiert / AI generated,479
classes/cl_ara_core_BasicString_b75ad8.html,SWS_CORE_03326,content/ai/classes/cl_ara_core_BasicString_b75ad8/rec_SWS_CORE_03326_147.html,Technische Einordnung KI-generiert / AI generated,542
classes/cl_ara_core_BasicString_b75ad8.html,SWS_CORE_03327,content/ai/classes/cl_ara_core_BasicString_b75ad8/rec_SWS_CORE_03327_148.html,Technische Einordnung KI-generiert / AI generated,542
classes/cl_ara_core_BasicString_b75ad8.html,SWS_CORE_03328,content/ai/classes/cl_ara_core_BasicString_b75ad8/rec_SWS_CORE_03328_149.html,Technische Einordnung KI-generiert / AI generated,542
classes/cl_ara_core_BasicString_b75ad8.html,SWS_CORE_03056,content/ai/classes/cl_ara_core_BasicString_b75ad8/rec_SWS_CORE_03056_150.html,Technische Einordnung KI-generiert / AI generated,487
classes/cl_ara_core_BasicString_b75ad8.html,SWS_CORE_03052,content/ai/classes/cl_ara_core_BasicString_b75ad8/rec_SWS_CORE_03052_151.html,Technische Einordnung KI-generiert / AI generated,478
classes/cl_ara_core_BasicString_b75ad8.html,SWS_CORE_03345,content/ai/classes/cl_ara_core_BasicString_b75ad8/rec_SWS_CORE_03345_152.html,Technische Einordnung KI-generiert / AI generated,831
classes/cl_ara_core_BasicString_b75ad8.html,SWS_CORE_03412,content/ai/classes/cl_ara_core_BasicString_b75ad8/rec_SWS_CORE_03412_153.html,Technische Einordnung KI-generiert / AI generated,478
classes/cl_ara_core_BasicString_b75ad8.html,SWS_CORE_03038,content/ai/classes/cl_ara_core_BasicString_b75ad8/rec_SWS_CORE_03038_154.html,Technische Einordnung KI-generiert / AI generated,506
classes/cl_ara_core_BasicString_b75ad8.html,SWS_CORE_03005,content/ai/classes/cl_ara_core_BasicString_b75ad8/rec_SWS_CORE_03005_155.html,Technische Einordnung KI-generiert / AI generated,488
classes/cl_ara_core_BasicString_b75ad8.html,SWS_CORE_00072,content/ai/classes/cl_ara_core_BasicString_b75ad8/rec_SWS_CORE_00072_156.html,Technische Einordnung KI-generiert / AI generated,488
classes/cl_ara_core_BasicString_b75ad8.html,SWS_CORE_03015,content/ai/classes/cl_ara_core_BasicString_b75ad8/rec_SWS_CORE_03015_157.html,Technische Einordnung KI-generiert / AI generated,487
classes/cl_ara_core_BasicString_b75ad8.html,SWS_CORE_03017,content/ai/classes/cl_ara_core_BasicString_b75ad8/rec_SWS_CORE_03017_158.html,Technische Einordnung KI-generiert / AI generated,489
classes/cl_ara_core_BasicString_b75ad8.html,SWS_CORE_03019,content/ai/classes/cl_ara_core_BasicString_b75ad8/rec_SWS_CORE_03019_159.html,Technische Einordnung KI-generiert / AI generated,496
classes/cl_ara_core_BasicString_b75ad8.html,SWS_CORE_03013,content/ai/classes/cl_ara_core_BasicString_b75ad8/rec_SWS_CORE_03013_160.html,Technische Einordnung KI-generiert / AI generated,489
classes/cl_ara_core_BasicString_b75ad8.html,SWS_CORE_00071,content/ai/classes/cl_ara_core_BasicString_b75ad8/rec_SWS_CORE_00071_161.html,Technische Einordnung KI-generiert / AI generated,482
classes/cl_ara_core_BasicString_b75ad8.html,SWS_CORE_03014,content/ai/classes/cl_ara_core_BasicString_b75ad8/rec_SWS_CORE_03014_162.html,Technische Einordnung KI-generiert / AI generated,481
classes/cl_ara_core_BasicString_b75ad8.html,SWS_CORE_03016,content/ai/classes/cl_ara_core_BasicString_b75ad8/rec_SWS_CORE_03016_163.html,Technische Einordnung KI-generiert / AI generated,483
classes/cl_ara_core_BasicString_b75ad8.html,SWS_CORE_03018,content/ai/classes/cl_ara_core_BasicString_b75ad8/rec_SWS_CORE_03018_164.html,Technische Einordnung KI-generiert / AI generated,490
classes/cl_ara_core_BasicString_b75ad8.html,SWS_CORE_03003,content/ai/classes/cl_ara_core_BasicString_b75ad8/rec_SWS_CORE_03003_165.html,Technische Einordnung KI-generiert / AI generated,536
classes/cl_ara_core_BasicString_b75ad8.html,SWS_CORE_03004,content/ai/classes/cl_ara_core_BasicString_b75ad8/rec_SWS_CORE_03004_166.html,Technische Einordnung KI-generiert / AI generated,557
classes/cl_ara_core_BasicString_b75ad8.html,SWS_CORE_00073,content/ai/classes/cl_ara_core_BasicString_b75ad8/rec_SWS_CORE_00073_167.html,Technische Einordnung KI-generiert / AI generated,478
classes/cl_ara_core_Bitset_9afc89.html,(Seite),content/ai/classes/cl_ara_core_Bitset_9afc89/main_01.html,Verwendungszweck,1251
classes/cl_ara_core_Bitset_9afc89.html,SWS_CORE_01713,content/ai/classes/cl_ara_core_Bitset_9afc89/rec_SWS_CORE_01713_02.html,Technische Einordnung KI-generiert / AI generated,488
classes/cl_ara_core_Bitset_9afc89.html,SWS_CORE_01719,content/ai/classes/cl_ara_core_Bitset_9afc89/rec_SWS_CORE_01719_03.html,Technische Einordnung KI-generiert / AI generated,488
classes/cl_ara_core_Bitset_9afc89.html,SWS_CORE_01749,content/ai/classes/cl_ara_core_Bitset_9afc89/rec_SWS_CORE_01749_04.html,Technische Einordnung KI-generiert / AI generated,1182
classes/cl_ara_core_Bitset_9afc89.html,SWS_CORE_01750,content/ai/classes/cl_ara_core_Bitset_9afc89/rec_SWS_CORE_01750_05.html,Technische Einordnung KI-generiert / AI generated,584
classes/cl_ara_core_Bitset_9afc89.html,SWS_CORE_01744,content/ai/classes/cl_ara_core_Bitset_9afc89/rec_SWS_CORE_01744_06.html,Technische Einordnung KI-generiert / AI generated,459
classes/cl_ara_core_Bitset_9afc89.html,SWS_CORE_01745,content/ai/classes/cl_ara_core_Bitset_9afc89/rec_SWS_CORE_01745_07.html,Technische Einordnung KI-generiert / AI generated,459
classes/cl_ara_core_Bitset_9afc89.html,SWS_CORE_01740,content/ai/classes/cl_ara_core_Bitset_9afc89/rec_SWS_CORE_01740_08.html,Technische Einordnung KI-generiert / AI generated,461
classes/cl_ara_core_Bitset_9afc89.html,SWS_CORE_01730,content/ai/classes/cl_ara_core_Bitset_9afc89/rec_SWS_CORE_01730_09.html,Technische Einordnung KI-generiert / AI generated,460
classes/cl_ara_core_Bitset_9afc89.html,SWS_CORE_01731,content/ai/classes/cl_ara_core_Bitset_9afc89/rec_SWS_CORE_01731_10.html,Technische Einordnung KI-generiert / AI generated,926
classes/cl_ara_core_Bitset_9afc89.html,SWS_CORE_01746,content/ai/classes/cl_ara_core_Bitset_9afc89/rec_SWS_CORE_01746_11.html,Technische Einordnung KI-generiert / AI generated,460
classes/cl_ara_core_Bitset_9afc89.html,SWS_CORE_01720,content/ai/classes/cl_ara_core_Bitset_9afc89/rec_SWS_CORE_01720_12.html,Technische Einordnung KI-generiert / AI generated,466
classes/cl_ara_core_Bitset_9afc89.html,SWS_CORE_01747,content/ai/classes/cl_ara_core_Bitset_9afc89/rec_SWS_CORE_01747_13.html,Technische Einordnung KI-generiert / AI generated,466
classes/cl_ara_core_Bitset_9afc89.html,SWS_CORE_01723,content/ai/classes/cl_ara_core_Bitset_9afc89/rec_SWS_CORE_01723_14.html,Technische Einordnung KI-generiert / AI generated,467
classes/cl_ara_core_Bitset_9afc89.html,SWS_CORE_01742,content/ai/classes/cl_ara_core_Bitset_9afc89/rec_SWS_CORE_01742_15.html,Technische Einordnung KI-generiert / AI generated,466
classes/cl_ara_core_Bitset_9afc89.html,SWS_CORE_01748,content/ai/classes/cl_ara_core_Bitset_9afc89/rec_SWS_CORE_01748_16.html,Technische Einordnung KI-generiert / AI generated,466
classes/cl_ara_core_Bitset_9afc89.html,SWS_CORE_01724,content/ai/classes/cl_ara_core_Bitset_9afc89/rec_SWS_CORE_01724_17.html,Technische Einordnung KI-generiert / AI generated,467
classes/cl_ara_core_Bitset_9afc89.html,SWS_CORE_01732,content/ai/classes/cl_ara_core_Bitset_9afc89/rec_SWS_CORE_01732_18.html,Technische Einordnung KI-generiert / AI generated,546
classes/cl_ara_core_Bitset_9afc89.html,SWS_CORE_01733,content/ai/classes/cl_ara_core_Bitset_9afc89/rec_SWS_CORE_01733_19.html,Technische Einordnung KI-generiert / AI generated,546
classes/cl_ara_core_Bitset_9afc89.html,SWS_CORE_01721,content/ai/classes/cl_ara_core_Bitset_9afc89/rec_SWS_CORE_01721_20.html,Technische Einordnung KI-generiert / AI generated,466
classes/cl_ara_core_Bitset_9afc89.html,SWS_CORE_01729,content/ai/classes/cl_ara_core_Bitset_9afc89/rec_SWS_CORE_01729_21.html,Technische Einordnung KI-generiert / AI generated,465
classes/cl_ara_core_Bitset_9afc89.html,SWS_CORE_01722,content/ai/classes/cl_ara_core_Bitset_9afc89/rec_SWS_CORE_01722_22.html,Technische Einordnung KI-generiert / AI generated,487
classes/cl_ara_core_Bitset_9afc89.html,SWS_CORE_01727,content/ai/classes/cl_ara_core_Bitset_9afc89/rec_SWS_CORE_01727_23.html,Technische Einordnung KI-generiert / AI generated,461
classes/cl_ara_core_Bitset_9afc89.html,SWS_CORE_01728,content/ai/classes/cl_ara_core_Bitset_9afc89/rec_SWS_CORE_01728_24.html,Technische Einordnung KI-generiert / AI generated,927
classes/cl_ara_core_Bitset_9afc89.html,SWS_CORE_01725,content/ai/classes/cl_ara_core_Bitset_9afc89/rec_SWS_CORE_01725_25.html,Technische Einordnung KI-generiert / AI generated,459
classes/cl_ara_core_Bitset_9afc89.html,SWS_CORE_01726,content/ai/classes/cl_ara_core_Bitset_9afc89/rec_SWS_CORE_01726_26.html,Technische Einordnung KI-generiert / AI generated,925
classes/cl_ara_core_Bitset_9afc89.html,SWS_CORE_01741,content/ai/classes/cl_ara_core_Bitset_9afc89/rec_SWS_CORE_01741_27.html,Technische Einordnung KI-generiert / AI generated,460
classes/cl_ara_core_Bitset_9afc89.html,SWS_CORE_01743,content/ai/classes/cl_ara_core_Bitset_9afc89/rec_SWS_CORE_01743_28.html,Technische Einordnung KI-generiert / AI generated,926
classes/cl_ara_core_Bitset_9afc89.html,SWS_CORE_01751,content/ai/classes/cl_ara_core_Bitset_9afc89/rec_SWS_CORE_01751_29.html,Technische Einordnung KI-generiert / AI generated,558
classes/cl_ara_core_Bitset_9afc89.html,SWS_CORE_01737,content/ai/classes/cl_ara_core_Bitset_9afc89/rec_SWS_CORE_01737_30.html,Verwendung KI-generiert / AI generated,702
classes/cl_ara_core_Bitset_9afc89.html,SWS_CORE_01738,content/ai/classes/cl_ara_core_Bitset_9afc89/rec_SWS_CORE_01738_31.html,Verwendung KI-generiert / AI generated,714
classes/cl_ara_core_Bitset_9afc89.html,SWS_CORE_01739,content/ai/classes/cl_ara_core_Bitset_9afc89/rec_SWS_CORE_01739_32.html,Verwendung KI-generiert / AI generated,715
classes/cl_ara_core_Bitset_9afc89.html,SWS_CORE_01736,content/ai/classes/cl_ara_core_Bitset_9afc89/rec_SWS_CORE_01736_33.html,Verwendung KI-generiert / AI generated,693
classes/cl_ara_core_Bitset_9afc89.html,SWS_CORE_01735,content/ai/classes/cl_ara_core_Bitset_9afc89/rec_SWS_CORE_01735_34.html,Technische Einordnung KI-generiert / AI generated,1015
classes/cl_ara_core_Bitset_9afc89.html,SWS_CORE_01734,content/ai/classes/cl_ara_core_Bitset_9afc89/rec_SWS_CORE_01734_35.html,Technische Einordnung KI-generiert / AI generated,1014
classes/cl_ara_core_Bitset_reference_d7719d.html,(Seite),content/ai/classes/cl_ara_core_Bitset_reference_d7719d/main_01.html,,691
classes/cl_ara_core_Bitset_reference_d7719d.html,SWS_CORE_01712,content/ai/classes/cl_ara_core_Bitset_reference_d7719d/rec_SWS_CORE_01712_02.html,Technische Einordnung KI-generiert / AI generated,473
classes/cl_ara_core_CoreErrorDomain_723639.html,(Seite),content/ai/classes/cl_ara_core_CoreErrorDomain_723639/main_01.html,Verwendungszweck,890
classes/cl_ara_core_CoreErrorDomain_723639.html,SWS_CORE_05244,content/ai/classes/cl_ara_core_CoreErrorDomain_723639/rec_SWS_CORE_05244_02.html,Verwendung KI-generiert / AI generated,661
classes/cl_ara_core_CoreException_6fef0c.html,(Seite),content/ai/classes/cl_ara_core_CoreException_6fef0c/main_01.html,,424
classes/cl_ara_core_ErrorCode_538b08.html,(Seite),content/ai/classes/cl_ara_core_ErrorCode_538b08/main_01.html,Verwendungszweck,2587
classes/cl_ara_core_ErrorCode_538b08.html,SWS_CORE_00512,content/ai/classes/cl_ara_core_ErrorCode_538b08/rec_SWS_CORE_00512_02.html,Verwendung KI-generiert / AI generated,553
classes/cl_ara_core_ErrorCode_538b08.html,SWS_CORE_00516,content/ai/classes/cl_ara_core_ErrorCode_538b08/rec_SWS_CORE_00516_03.html,Verwendung KI-generiert / AI generated,471
classes/cl_ara_core_ErrorCode_538b08.html,SWS_CORE_00519,content/ai/classes/cl_ara_core_ErrorCode_538b08/rec_SWS_CORE_00519_04.html,Verwendung KI-generiert / AI generated,780
classes/cl_ara_core_ErrorCode_538b08.html,SWS_CORE_00514,content/ai/classes/cl_ara_core_ErrorCode_538b08/rec_SWS_CORE_00514_05.html,Verwendung KI-generiert / AI generated,441
classes/cl_ara_core_ErrorDomain_a538fe.html,(Seite),content/ai/classes/cl_ara_core_ErrorDomain_a538fe/main_01.html,Verwendungszweck,3370
classes/cl_ara_core_ErrorDomain_a538fe.html,SWS_CORE_00151,content/ai/classes/cl_ara_core_ErrorDomain_a538fe/rec_SWS_CORE_00151_02.html,Verwendung KI-generiert / AI generated,431
classes/cl_ara_core_ErrorDomain_a538fe.html,SWS_CORE_00153,content/ai/classes/cl_ara_core_ErrorDomain_a538fe/rec_SWS_CORE_00153_03.html,Verwendung KI-generiert / AI generated,715
classes/cl_ara_core_ErrorDomain_a538fe.html,SWS_CORE_00154,content/ai/classes/cl_ara_core_ErrorDomain_a538fe/rec_SWS_CORE_00154_04.html,Verwendung KI-generiert / AI generated,726
classes/cl_ara_core_ErrorDomain_a538fe.html,SWS_CORE_00138,content/ai/classes/cl_ara_core_ErrorDomain_a538fe/rec_SWS_CORE_00138_05.html,Verwendung KI-generiert / AI generated,538
classes/cl_ara_core_ErrorDomain_a538fe.html,SWS_CORE_00137,content/ai/classes/cl_ara_core_ErrorDomain_a538fe/rec_SWS_CORE_00137_06.html,Verwendung KI-generiert / AI generated,618
classes/cl_ara_core_Exception_a2d771.html,(Seite),content/ai/classes/cl_ara_core_Exception_a2d771/main_01.html,Verwendungszweck,934
classes/cl_ara_core_Exception_a2d771.html,SWS_CORE_00613,content/ai/classes/cl_ara_core_Exception_a2d771/rec_SWS_CORE_00613_02.html,Verwendung KI-generiert / AI generated,567
classes/cl_ara_core_Exception_a2d771.html,SWS_CORE_00611,content/ai/classes/cl_ara_core_Exception_a2d771/rec_SWS_CORE_00611_03.html,Verwendung KI-generiert / AI generated,554
classes/cl_ara_core_Exception_a2d771.html,SWS_CORE_00618,content/ai/classes/cl_ara_core_Exception_a2d771/rec_SWS_CORE_00618_04.html,Verwendung KI-generiert / AI generated,621
classes/cl_ara_core_Exception_a2d771.html,SWS_CORE_00614,content/ai/classes/cl_ara_core_Exception_a2d771/rec_SWS_CORE_00614_05.html,Verwendung KI-generiert / AI generated,646
classes/cl_ara_core_Exception_a2d771.html,SWS_CORE_00612,content/ai/classes/cl_ara_core_Exception_a2d771/rec_SWS_CORE_00612_06.html,Verwendung KI-generiert / AI generated,578
classes/cl_ara_core_Executor_3ea577.html,(Seite),content/ai/classes/cl_ara_core_Executor_3ea577/main_01.html,Verwendungszweck,2110
classes/cl_ara_core_Executor_3ea577.html,SWS_CORE_00009,content/ai/classes/cl_ara_core_Executor_3ea577/rec_SWS_CORE_00009_02.html,Verwendung KI-generiert / AI generated,420
classes/cl_ara_core_Executor_3ea577.html,SWS_CORE_00015,content/ai/classes/cl_ara_core_Executor_3ea577/rec_SWS_CORE_00015_03.html,Verwendung KI-generiert / AI generated,440
classes/cl_ara_core_Executor_3ea577.html,SWS_CORE_00024,content/ai/classes/cl_ara_core_Executor_3ea577/rec_SWS_CORE_00024_04.html,Verwendung KI-generiert / AI generated,659
classes/cl_ara_core_Executor_3ea577.html,SWS_CORE_00025,content/ai/classes/cl_ara_core_Executor_3ea577/rec_SWS_CORE_00025_05.html,Verwendung KI-generiert / AI generated,450
classes/cl_ara_core_Executor_3ea577.html,SWS_CORE_00017,content/ai/classes/cl_ara_core_Executor_3ea577/rec_SWS_CORE_00017_06.html,Verwendung KI-generiert / AI generated,504
classes/cl_ara_core_Executor_3ea577.html,SWS_CORE_00018,content/ai/classes/cl_ara_core_Executor_3ea577/rec_SWS_CORE_00018_07.html,Verwendung KI-generiert / AI generated,501
classes/cl_ara_core_Executor_3ea577.html,SWS_CORE_00019,content/ai/classes/cl_ara_core_Executor_3ea577/rec_SWS_CORE_00019_08.html,Verwendung KI-generiert / AI generated,885
classes/cl_ara_core_FutureErrorDomain_fa421f.html,(Seite),content/ai/classes/cl_ara_core_FutureErrorDomain_fa421f/main_01.html,,698
classes/cl_ara_core_FutureErrorDomain_fa421f.html,SWS_CORE_00441,content/ai/classes/cl_ara_core_FutureErrorDomain_fa421f/rec_SWS_CORE_00441_02.html,Verwendung KI-generiert / AI generated,609
classes/cl_ara_core_FutureErrorDomain_fa421f.html,SWS_CORE_00443,content/ai/classes/cl_ara_core_FutureErrorDomain_fa421f/rec_SWS_CORE_00443_03.html,Verwendung KI-generiert / AI generated,475
classes/cl_ara_core_FutureErrorDomain_fa421f.html,SWS_CORE_00442,content/ai/classes/cl_ara_core_FutureErrorDomain_fa421f/rec_SWS_CORE_00442_04.html,Verwendung KI-generiert / AI generated,437
classes/cl_ara_core_FutureErrorDomain_fa421f.html,SWS_CORE_00444,content/ai/classes/cl_ara_core_FutureErrorDomain_fa421f/rec_SWS_CORE_00444_05.html,Verwendung KI-generiert / AI generated,667
classes/cl_ara_core_FutureException_aa6c40.html,(Seite),content/ai/classes/cl_ara_core_FutureException_aa6c40/main_01.html,,459
classes/cl_ara_core_FutureException_aa6c40.html,SWS_CORE_00412,content/ai/classes/cl_ara_core_FutureException_aa6c40/rec_SWS_CORE_00412_02.html,Verwendung KI-generiert / AI generated,429
classes/cl_ara_core_Future_420ba8.html,(Seite),content/ai/classes/cl_ara_core_Future_420ba8/main_01.html,Verwendungszweck,5865
classes/cl_ara_core_Future_420ba8.html,SWS_CORE_00323,content/ai/classes/cl_ara_core_Future_420ba8/rec_SWS_CORE_00323_02.html,Verwendung KI-generiert / AI generated,536
classes/cl_ara_core_Future_420ba8.html,SWS_CORE_00336,content/ai/classes/cl_ara_core_Future_420ba8/rec_SWS_CORE_00336_03.html,Verwendung KI-generiert / AI generated,1227
classes/cl_ara_core_Future_420ba8.html,SWS_CORE_00326,content/ai/classes/cl_ara_core_Future_420ba8/rec_SWS_CORE_00326_04.html,Verwendung KI-generiert / AI generated,982
classes/cl_ara_core_Future_420ba8.html,SWS_CORE_00332,content/ai/classes/cl_ara_core_Future_420ba8/rec_SWS_CORE_00332_05.html,Verwendung KI-generiert / AI generated,614
classes/cl_ara_core_Future_420ba8.html,SWS_CORE_00325,content/ai/classes/cl_ara_core_Future_420ba8/rec_SWS_CORE_00325_06.html,Verwendung KI-generiert / AI generated,582
classes/cl_ara_core_Future_420ba8.html,SWS_CORE_00331,content/ai/classes/cl_ara_core_Future_420ba8/rec_SWS_CORE_00331_07.html,Verwendung KI-generiert / AI generated,1715
classes/cl_ara_core_Future_420ba8.html,SWS_CORE_00337,content/ai/classes/cl_ara_core_Future_420ba8/rec_SWS_CORE_00337_08.html,Verwendung KI-generiert / AI generated,1194
classes/cl_ara_core_Future_420ba8.html,SWS_CORE_00327,content/ai/classes/cl_ara_core_Future_420ba8/rec_SWS_CORE_00327_09.html,Verwendung KI-generiert / AI generated,514
classes/cl_ara_core_Future_420ba8.html,SWS_CORE_00328,content/ai/classes/cl_ara_core_Future_420ba8/rec_SWS_CORE_00328_10.html,Verwendung KI-generiert / AI generated,605
classes/cl_ara_core_Future_420ba8.html,SWS_CORE_00329,content/ai/classes/cl_ara_core_Future_420ba8/rec_SWS_CORE_00329_11.html,Verwendung KI-generiert / AI generated,722
classes/cl_ara_core_Future_420ba8.html,SWS_CORE_00330,content/ai/classes/cl_ara_core_Future_420ba8/rec_SWS_CORE_00330_12.html,Verwendung KI-generiert / AI generated,721
classes/cl_ara_core_Future_420ba8.html,SWS_CORE_00333,content/ai/classes/cl_ara_core_Future_420ba8/rec_SWS_CORE_00333_13.html,Verwendung KI-generiert / AI generated,470
classes/cl_ara_core_Future_void_E_7151bc.html,(Seite),content/ai/classes/cl_ara_core_Future_void_E_7151bc/main_01.html,Verwendungszweck,1330
classes/cl_ara_core_Future_void_E_7151bc.html,SWS_CORE_06222,content/ai/classes/cl_ara_core_Future_void_E_7151bc/rec_SWS_CORE_06222_02.html,Verwendung KI-generiert / AI generated,519
classes/cl_ara_core_Future_void_E_7151bc.html,SWS_CORE_06223,content/ai/classes/cl_ara_core_Future_void_E_7151bc/rec_SWS_CORE_06223_03.html,Verwendung KI-generiert / AI generated,563
classes/cl_ara_core_Future_void_E_7151bc.html,SWS_CORE_06234,content/ai/classes/cl_ara_core_Future_void_E_7151bc/rec_SWS_CORE_06234_04.html,Verwendung KI-generiert / AI generated,646
classes/cl_ara_core_Future_void_E_7151bc.html,SWS_CORE_06236,content/ai/classes/cl_ara_core_Future_void_E_7151bc/rec_SWS_CORE_06236_05.html,Verwendung KI-generiert / AI generated,882
classes/cl_ara_core_Future_void_E_7151bc.html,SWS_CORE_06226,content/ai/classes/cl_ara_core_Future_void_E_7151bc/rec_SWS_CORE_06226_06.html,Verwendung KI-generiert / AI generated,949
classes/cl_ara_core_Future_void_E_7151bc.html,SWS_CORE_06232,content/ai/classes/cl_ara_core_Future_void_E_7151bc/rec_SWS_CORE_06232_07.html,Verwendung KI-generiert / AI generated,602
classes/cl_ara_core_Future_void_E_7151bc.html,SWS_CORE_06225,content/ai/classes/cl_ara_core_Future_void_E_7151bc/rec_SWS_CORE_06225_08.html,Verwendung KI-generiert / AI generated,584
classes/cl_ara_core_Future_void_E_7151bc.html,SWS_CORE_06231,content/ai/classes/cl_ara_core_Future_void_E_7151bc/rec_SWS_CORE_06231_09.html,Verwendung KI-generiert / AI generated,1278
classes/cl_ara_core_Future_void_E_7151bc.html,SWS_CORE_06237,content/ai/classes/cl_ara_core_Future_void_E_7151bc/rec_SWS_CORE_06237_10.html,Verwendung KI-generiert / AI generated,1025
classes/cl_ara_core_Future_void_E_7151bc.html,SWS_CORE_06227,content/ai/classes/cl_ara_core_Future_void_E_7151bc/rec_SWS_CORE_06227_11.html,Verwendung KI-generiert / AI generated,516
classes/cl_ara_core_Future_void_E_7151bc.html,SWS_CORE_06228,content/ai/classes/cl_ara_core_Future_void_E_7151bc/rec_SWS_CORE_06228_12.html,Verwendung KI-generiert / AI generated,598
classes/cl_ara_core_Future_void_E_7151bc.html,SWS_CORE_06229,content/ai/classes/cl_ara_core_Future_void_E_7151bc/rec_SWS_CORE_06229_13.html,Verwendung KI-generiert / AI generated,619
classes/cl_ara_core_Future_void_E_7151bc.html,SWS_CORE_06230,content/ai/classes/cl_ara_core_Future_void_E_7151bc/rec_SWS_CORE_06230_14.html,Verwendung KI-generiert / AI generated,618
classes/cl_ara_core_Future_void_E_7151bc.html,SWS_CORE_06233,content/ai/classes/cl_ara_core_Future_void_E_7151bc/rec_SWS_CORE_06233_15.html,Verwendung KI-generiert / AI generated,484
classes/cl_ara_core_InstanceSpecifier_4f5967.html,(Seite),content/ai/classes/cl_ara_core_InstanceSpecifier_4f5967/main_01.html,Verwendungszweck,3240
classes/cl_ara_core_InstanceSpecifier_4f5967.html,SWS_CORE_08032,content/ai/classes/cl_ara_core_InstanceSpecifier_4f5967/rec_SWS_CORE_08032_02.html,Verwendung KI-generiert / AI generated,959
classes/cl_ara_core_InstanceSpecifier_4f5967.html,SWS_CORE_08021,content/ai/classes/cl_ara_core_InstanceSpecifier_4f5967/rec_SWS_CORE_08021_03.html,Verwendung KI-generiert / AI generated,928
classes/cl_ara_core_InstanceSpecifier_4f5967.html,SWS_CORE_08022,content/ai/classes/cl_ara_core_InstanceSpecifier_4f5967/rec_SWS_CORE_08022_04.html,Verwendung KI-generiert / AI generated,433
classes/cl_ara_core_InstanceSpecifier_4f5967.html,SWS_CORE_08023,content/ai/classes/cl_ara_core_InstanceSpecifier_4f5967/rec_SWS_CORE_08023_05.html,Verwendung KI-generiert / AI generated,467
classes/cl_ara_core_InstanceSpecifier_4f5967.html,SWS_CORE_08041,content/ai/classes/cl_ara_core_InstanceSpecifier_4f5967/rec_SWS_CORE_08041_06.html,Verwendung KI-generiert / AI generated,606
classes/cl_ara_core_InstanceSpecifier_4f5967.html,SWS_CORE_08044,content/ai/classes/cl_ara_core_InstanceSpecifier_4f5967/rec_SWS_CORE_08044_07.html,Verwendung KI-generiert / AI generated,508
classes/cl_ara_core_InstanceSpecifier_4f5967.html,SWS_CORE_08045,content/ai/classes/cl_ara_core_InstanceSpecifier_4f5967/rec_SWS_CORE_08045_08.html,Verwendung KI-generiert / AI generated,523
classes/cl_ara_core_InstanceSpecifier_4f5967.html,SWS_CORE_08046,content/ai/classes/cl_ara_core_InstanceSpecifier_4f5967/rec_SWS_CORE_08046_09.html,Verwendung KI-generiert / AI generated,584
classes/cl_ara_core_InstanceSpecifier_4f5967.html,SWS_CORE_08024,content/ai/classes/cl_ara_core_InstanceSpecifier_4f5967/rec_SWS_CORE_08024_10.html,Verwendung KI-generiert / AI generated,466
classes/cl_ara_core_InstanceSpecifier_4f5967.html,SWS_CORE_08025,content/ai/classes/cl_ara_core_InstanceSpecifier_4f5967/rec_SWS_CORE_08025_11.html,Verwendung KI-generiert / AI generated,484
classes/cl_ara_core_InstanceSpecifier_4f5967.html,SWS_CORE_08042,content/ai/classes/cl_ara_core_InstanceSpecifier_4f5967/rec_SWS_CORE_08042_12.html,Verwendung KI-generiert / AI generated,508
classes/cl_ara_core_InstanceSpecifier_4f5967.html,SWS_CORE_08043,content/ai/classes/cl_ara_core_InstanceSpecifier_4f5967/rec_SWS_CORE_08043_13.html,Verwendung KI-generiert / AI generated,499
classes/cl_ara_core_InstanceSpecifier_4f5967.html,SWS_CORE_08029,content/ai/classes/cl_ara_core_InstanceSpecifier_4f5967/rec_SWS_CORE_08029_14.html,Verwendung KI-generiert / AI generated,433
classes/cl_ara_core_Map_cba7f0.html,(Seite),content/ai/classes/cl_ara_core_Map_cba7f0/main_01.html,Verwendungszweck,1763
classes/cl_ara_core_Map_cba7f0.html,SWS_CORE_01424,content/ai/classes/cl_ara_core_Map_cba7f0/rec_SWS_CORE_01424_02.html,Technische Einordnung KI-generiert / AI generated,479
classes/cl_ara_core_Map_cba7f0.html,SWS_CORE_01426,content/ai/classes/cl_ara_core_Map_cba7f0/rec_SWS_CORE_01426_03.html,Technische Einordnung KI-generiert / AI generated,479
classes/cl_ara_core_Map_cba7f0.html,SWS_CORE_01428,content/ai/classes/cl_ara_core_Map_cba7f0/rec_SWS_CORE_01428_04.html,Technische Einordnung KI-generiert / AI generated,479
classes/cl_ara_core_Map_cba7f0.html,SWS_CORE_01429,content/ai/classes/cl_ara_core_Map_cba7f0/rec_SWS_CORE_01429_05.html,Technische Einordnung KI-generiert / AI generated,479
classes/cl_ara_core_Map_cba7f0.html,SWS_CORE_01430,content/ai/classes/cl_ara_core_Map_cba7f0/rec_SWS_CORE_01430_06.html,Technische Einordnung KI-generiert / AI generated,479
classes/cl_ara_core_Map_cba7f0.html,SWS_CORE_01431,content/ai/classes/cl_ara_core_Map_cba7f0/rec_SWS_CORE_01431_07.html,Technische Einordnung KI-generiert / AI generated,479
classes/cl_ara_core_Map_cba7f0.html,SWS_CORE_01432,content/ai/classes/cl_ara_core_Map_cba7f0/rec_SWS_CORE_01432_08.html,Technische Einordnung KI-generiert / AI generated,479
classes/cl_ara_core_Map_cba7f0.html,SWS_CORE_01433,content/ai/classes/cl_ara_core_Map_cba7f0/rec_SWS_CORE_01433_09.html,Technische Einordnung KI-generiert / AI generated,479
classes/cl_ara_core_Map_cba7f0.html,SWS_CORE_01434,content/ai/classes/cl_ara_core_Map_cba7f0/rec_SWS_CORE_01434_10.html,Technische Einordnung KI-generiert / AI generated,479
classes/cl_ara_core_Map_cba7f0.html,SWS_CORE_01435,content/ai/classes/cl_ara_core_Map_cba7f0/rec_SWS_CORE_01435_11.html,Technische Einordnung KI-generiert / AI generated,479
classes/cl_ara_core_Map_cba7f0.html,SWS_CORE_01436,content/ai/classes/cl_ara_core_Map_cba7f0/rec_SWS_CORE_01436_12.html,Technische Einordnung KI-generiert / AI generated,479
classes/cl_ara_core_Map_cba7f0.html,SWS_CORE_01456,content/ai/classes/cl_ara_core_Map_cba7f0/rec_SWS_CORE_01456_13.html,Technische Einordnung KI-generiert / AI generated,817
classes/cl_ara_core_Map_cba7f0.html,SWS_CORE_01457,content/ai/classes/cl_ara_core_Map_cba7f0/rec_SWS_CORE_01457_14.html,Technische Einordnung KI-generiert / AI generated,817
classes/cl_ara_core_Map_cba7f0.html,SWS_CORE_01440,content/ai/classes/cl_ara_core_Map_cba7f0/rec_SWS_CORE_01440_15.html,Technische Einordnung KI-generiert / AI generated,452
classes/cl_ara_core_Map_cba7f0.html,SWS_CORE_01441,content/ai/classes/cl_ara_core_Map_cba7f0/rec_SWS_CORE_01441_16.html,Technische Einordnung KI-generiert / AI generated,452
classes/cl_ara_core_Map_cba7f0.html,SWS_CORE_01448,content/ai/classes/cl_ara_core_Map_cba7f0/rec_SWS_CORE_01448_17.html,Technische Einordnung KI-generiert / AI generated,453
classes/cl_ara_core_Map_cba7f0.html,SWS_CORE_01449,content/ai/classes/cl_ara_core_Map_cba7f0/rec_SWS_CORE_01449_18.html,Technische Einordnung KI-generiert / AI generated,451
classes/cl_ara_core_Map_cba7f0.html,SWS_CORE_01485,content/ai/classes/cl_ara_core_Map_cba7f0/rec_SWS_CORE_01485_19.html,Technische Einordnung KI-generiert / AI generated,452
classes/cl_ara_core_Map_cba7f0.html,SWS_CORE_01497,content/ai/classes/cl_ara_core_Map_cba7f0/rec_SWS_CORE_01497_20.html,Technische Einordnung KI-generiert / AI generated,455
classes/cl_ara_core_Map_cba7f0.html,SWS_CORE_01510,content/ai/classes/cl_ara_core_Map_cba7f0/rec_SWS_CORE_01510_21.html,Technische Einordnung KI-generiert / AI generated,455
classes/cl_ara_core_Map_cba7f0.html,SWS_CORE_01494,content/ai/classes/cl_ara_core_Map_cba7f0/rec_SWS_CORE_01494_22.html,Technische Einordnung KI-generiert / AI generated,452
classes/cl_ara_core_Map_cba7f0.html,SWS_CORE_01495,content/ai/classes/cl_ara_core_Map_cba7f0/rec_SWS_CORE_01495_23.html,Technische Einordnung KI-generiert / AI generated,452
classes/cl_ara_core_Map_cba7f0.html,SWS_CORE_01450,content/ai/classes/cl_ara_core_Map_cba7f0/rec_SWS_CORE_01450_24.html,Technische Einordnung KI-generiert / AI generated,454
classes/cl_ara_core_Map_cba7f0.html,SWS_CORE_01451,content/ai/classes/cl_ara_core_Map_cba7f0/rec_SWS_CORE_01451_25.html,Technische Einordnung KI-generiert / AI generated,452
classes/cl_ara_core_Map_cba7f0.html,SWS_CORE_01458,content/ai/classes/cl_ara_core_Map_cba7f0/rec_SWS_CORE_01458_26.html,Technische Einordnung KI-generiert / AI generated,454
classes/cl_ara_core_Map_cba7f0.html,SWS_CORE_01459,content/ai/classes/cl_ara_core_Map_cba7f0/rec_SWS_CORE_01459_27.html,Technische Einordnung KI-generiert / AI generated,459
classes/cl_ara_core_Map_cba7f0.html,SWS_CORE_01511,content/ai/classes/cl_ara_core_Map_cba7f0/rec_SWS_CORE_01511_28.html,Technische Einordnung KI-generiert / AI generated,452
classes/cl_ara_core_Map_cba7f0.html,SWS_CORE_01442,content/ai/classes/cl_ara_core_Map_cba7f0/rec_SWS_CORE_01442_29.html,Technische Einordnung KI-generiert / AI generated,450
classes/cl_ara_core_Map_cba7f0.html,SWS_CORE_01443,content/ai/classes/cl_ara_core_Map_cba7f0/rec_SWS_CORE_01443_30.html,Technische Einordnung KI-generiert / AI generated,450
classes/cl_ara_core_Map_cba7f0.html,SWS_CORE_01506,content/ai/classes/cl_ara_core_Map_cba7f0/rec_SWS_CORE_01506_31.html,Technische Einordnung KI-generiert / AI generated,458
classes/cl_ara_core_Map_cba7f0.html,SWS_CORE_01507,content/ai/classes/cl_ara_core_Map_cba7f0/rec_SWS_CORE_01507_32.html,Technische Einordnung KI-generiert / AI generated,458
classes/cl_ara_core_Map_cba7f0.html,SWS_CORE_01508,content/ai/classes/cl_ara_core_Map_cba7f0/rec_SWS_CORE_01508_33.html,Technische Einordnung KI-generiert / AI generated,458
classes/cl_ara_core_Map_cba7f0.html,SWS_CORE_01509,content/ai/classes/cl_ara_core_Map_cba7f0/rec_SWS_CORE_01509_34.html,Technische Einordnung KI-generiert / AI generated,458
classes/cl_ara_core_Map_cba7f0.html,SWS_CORE_01480,content/ai/classes/cl_ara_core_Map_cba7f0/rec_SWS_CORE_01480_35.html,Technische Einordnung KI-generiert / AI generated,452
classes/cl_ara_core_Map_cba7f0.html,SWS_CORE_01481,content/ai/classes/cl_ara_core_Map_cba7f0/rec_SWS_CORE_01481_36.html,Technische Einordnung KI-generiert / AI generated,452
classes/cl_ara_core_Map_cba7f0.html,SWS_CORE_01482,content/ai/classes/cl_ara_core_Map_cba7f0/rec_SWS_CORE_01482_37.html,Technische Einordnung KI-generiert / AI generated,452
classes/cl_ara_core_Map_cba7f0.html,SWS_CORE_01483,content/ai/classes/cl_ara_core_Map_cba7f0/rec_SWS_CORE_01483_38.html,Technische Einordnung KI-generiert / AI generated,452
classes/cl_ara_core_Map_cba7f0.html,SWS_CORE_01470,content/ai/classes/cl_ara_core_Map_cba7f0/rec_SWS_CORE_01470_39.html,Technische Einordnung KI-generiert / AI generated,454
classes/cl_ara_core_Map_cba7f0.html,SWS_CORE_01471,content/ai/classes/cl_ara_core_Map_cba7f0/rec_SWS_CORE_01471_40.html,Technische Einordnung KI-generiert / AI generated,454
classes/cl_ara_core_Map_cba7f0.html,SWS_CORE_01490,content/ai/classes/cl_ara_core_Map_cba7f0/rec_SWS_CORE_01490_41.html,Technische Einordnung KI-generiert / AI generated,451
classes/cl_ara_core_Map_cba7f0.html,SWS_CORE_01491,content/ai/classes/cl_ara_core_Map_cba7f0/rec_SWS_CORE_01491_42.html,Technische Einordnung KI-generiert / AI generated,451
classes/cl_ara_core_Map_cba7f0.html,SWS_CORE_01492,content/ai/classes/cl_ara_core_Map_cba7f0/rec_SWS_CORE_01492_43.html,Technische Einordnung KI-generiert / AI generated,451
classes/cl_ara_core_Map_cba7f0.html,SWS_CORE_01493,content/ai/classes/cl_ara_core_Map_cba7f0/rec_SWS_CORE_01493_44.html,Technische Einordnung KI-generiert / AI generated,451
classes/cl_ara_core_Map_cba7f0.html,SWS_CORE_01439,content/ai/classes/cl_ara_core_Map_cba7f0/rec_SWS_CORE_01439_45.html,Technische Einordnung KI-generiert / AI generated,460
classes/cl_ara_core_Map_cba7f0.html,SWS_CORE_01460,content/ai/classes/cl_ara_core_Map_cba7f0/rec_SWS_CORE_01460_46.html,Technische Einordnung KI-generiert / AI generated,453
classes/cl_ara_core_Map_cba7f0.html,SWS_CORE_01461,content/ai/classes/cl_ara_core_Map_cba7f0/rec_SWS_CORE_01461_47.html,Technische Einordnung KI-generiert / AI generated,453
classes/cl_ara_core_Map_cba7f0.html,SWS_CORE_01462,content/ai/classes/cl_ara_core_Map_cba7f0/rec_SWS_CORE_01462_48.html,Technische Einordnung KI-generiert / AI generated,453
classes/cl_ara_core_Map_cba7f0.html,SWS_CORE_01463,content/ai/classes/cl_ara_core_Map_cba7f0/rec_SWS_CORE_01463_49.html,Technische Einordnung KI-generiert / AI generated,453
classes/cl_ara_core_Map_cba7f0.html,SWS_CORE_01464,content/ai/classes/cl_ara_core_Map_cba7f0/rec_SWS_CORE_01464_50.html,Technische Einordnung KI-generiert / AI generated,453
classes/cl_ara_core_Map_cba7f0.html,SWS_CORE_01465,content/ai/classes/cl_ara_core_Map_cba7f0/rec_SWS_CORE_01465_51.html,Technische Einordnung KI-generiert / AI generated,453
classes/cl_ara_core_Map_cba7f0.html,SWS_CORE_01466,content/ai/classes/cl_ara_core_Map_cba7f0/rec_SWS_CORE_01466_52.html,Technische Einordnung KI-generiert / AI generated,453
classes/cl_ara_core_Map_cba7f0.html,SWS_CORE_01467,content/ai/classes/cl_ara_core_Map_cba7f0/rec_SWS_CORE_01467_53.html,Technische Einordnung KI-generiert / AI generated,453
classes/cl_ara_core_Map_cba7f0.html,SWS_CORE_01468,content/ai/classes/cl_ara_core_Map_cba7f0/rec_SWS_CORE_01468_54.html,Technische Einordnung KI-generiert / AI generated,453
classes/cl_ara_core_Map_cba7f0.html,SWS_CORE_01469,content/ai/classes/cl_ara_core_Map_cba7f0/rec_SWS_CORE_01469_55.html,Technische Einordnung KI-generiert / AI generated,453
classes/cl_ara_core_Map_cba7f0.html,SWS_CORE_01476,content/ai/classes/cl_ara_core_Map_cba7f0/rec_SWS_CORE_01476_56.html,Technische Einordnung KI-generiert / AI generated,463
classes/cl_ara_core_Map_cba7f0.html,SWS_CORE_01477,content/ai/classes/cl_ara_core_Map_cba7f0/rec_SWS_CORE_01477_57.html,Technische Einordnung KI-generiert / AI generated,463
classes/cl_ara_core_Map_cba7f0.html,SWS_CORE_01478,content/ai/classes/cl_ara_core_Map_cba7f0/rec_SWS_CORE_01478_58.html,Technische Einordnung KI-generiert / AI generated,463
classes/cl_ara_core_Map_cba7f0.html,SWS_CORE_01479,content/ai/classes/cl_ara_core_Map_cba7f0/rec_SWS_CORE_01479_59.html,Technische Einordnung KI-generiert / AI generated,463
classes/cl_ara_core_Map_cba7f0.html,SWS_CORE_01488,content/ai/classes/cl_ara_core_Map_cba7f0/rec_SWS_CORE_01488_60.html,Technische Einordnung KI-generiert / AI generated,455
classes/cl_ara_core_Map_cba7f0.html,SWS_CORE_01498,content/ai/classes/cl_ara_core_Map_cba7f0/rec_SWS_CORE_01498_61.html,Technische Einordnung KI-generiert / AI generated,458
classes/cl_ara_core_Map_cba7f0.html,SWS_CORE_01499,content/ai/classes/cl_ara_core_Map_cba7f0/rec_SWS_CORE_01499_62.html,Technische Einordnung KI-generiert / AI generated,458
classes/cl_ara_core_Map_cba7f0.html,SWS_CORE_01500,content/ai/classes/cl_ara_core_Map_cba7f0/rec_SWS_CORE_01500_63.html,Technische Einordnung KI-generiert / AI generated,458
classes/cl_ara_core_Map_cba7f0.html,SWS_CORE_01501,content/ai/classes/cl_ara_core_Map_cba7f0/rec_SWS_CORE_01501_64.html,Technische Einordnung KI-generiert / AI generated,458
classes/cl_ara_core_Map_cba7f0.html,SWS_CORE_01453,content/ai/classes/cl_ara_core_Map_cba7f0/rec_SWS_CORE_01453_65.html,Technische Einordnung KI-generiert / AI generated,455
classes/cl_ara_core_Map_cba7f0.html,SWS_CORE_01486,content/ai/classes/cl_ara_core_Map_cba7f0/rec_SWS_CORE_01486_66.html,Technische Einordnung KI-generiert / AI generated,452
classes/cl_ara_core_Map_cba7f0.html,SWS_CORE_01487,content/ai/classes/cl_ara_core_Map_cba7f0/rec_SWS_CORE_01487_67.html,Technische Einordnung KI-generiert / AI generated,452
classes/cl_ara_core_Map_cba7f0.html,SWS_CORE_01425,content/ai/classes/cl_ara_core_Map_cba7f0/rec_SWS_CORE_01425_68.html,Technische Einordnung KI-generiert / AI generated,456
classes/cl_ara_core_Map_cba7f0.html,SWS_CORE_01427,content/ai/classes/cl_ara_core_Map_cba7f0/rec_SWS_CORE_01427_69.html,Technische Einordnung KI-generiert / AI generated,456
classes/cl_ara_core_Map_cba7f0.html,SWS_CORE_01438,content/ai/classes/cl_ara_core_Map_cba7f0/rec_SWS_CORE_01438_70.html,Technische Einordnung KI-generiert / AI generated,456
classes/cl_ara_core_Map_cba7f0.html,SWS_CORE_01454,content/ai/classes/cl_ara_core_Map_cba7f0/rec_SWS_CORE_01454_71.html,Technische Einordnung KI-generiert / AI generated,457
classes/cl_ara_core_Map_cba7f0.html,SWS_CORE_01455,content/ai/classes/cl_ara_core_Map_cba7f0/rec_SWS_CORE_01455_72.html,Technische Einordnung KI-generiert / AI generated,457
classes/cl_ara_core_Map_cba7f0.html,SWS_CORE_01444,content/ai/classes/cl_ara_core_Map_cba7f0/rec_SWS_CORE_01444_73.html,Technische Einordnung KI-generiert / AI generated,453
classes/cl_ara_core_Map_cba7f0.html,SWS_CORE_01445,content/ai/classes/cl_ara_core_Map_cba7f0/rec_SWS_CORE_01445_74.html,Technische Einordnung KI-generiert / AI generated,453
classes/cl_ara_core_Map_cba7f0.html,SWS_CORE_01446,content/ai/classes/cl_ara_core_Map_cba7f0/rec_SWS_CORE_01446_75.html,Technische Einordnung KI-generiert / AI generated,451
classes/cl_ara_core_Map_cba7f0.html,SWS_CORE_01447,content/ai/classes/cl_ara_core_Map_cba7f0/rec_SWS_CORE_01447_76.html,Technische Einordnung KI-generiert / AI generated,451
classes/cl_ara_core_Map_cba7f0.html,SWS_CORE_01452,content/ai/classes/cl_ara_core_Map_cba7f0/rec_SWS_CORE_01452_77.html,Technische Einordnung KI-generiert / AI generated,451
classes/cl_ara_core_Map_cba7f0.html,SWS_CORE_01484,content/ai/classes/cl_ara_core_Map_cba7f0/rec_SWS_CORE_01484_78.html,Technische Einordnung KI-generiert / AI generated,533
classes/cl_ara_core_Map_cba7f0.html,SWS_CORE_01472,content/ai/classes/cl_ara_core_Map_cba7f0/rec_SWS_CORE_01472_79.html,Technische Einordnung KI-generiert / AI generated,458
classes/cl_ara_core_Map_cba7f0.html,SWS_CORE_01473,content/ai/classes/cl_ara_core_Map_cba7f0/rec_SWS_CORE_01473_80.html,Technische Einordnung KI-generiert / AI generated,458
classes/cl_ara_core_Map_cba7f0.html,SWS_CORE_01474,content/ai/classes/cl_ara_core_Map_cba7f0/rec_SWS_CORE_01474_81.html,Technische Einordnung KI-generiert / AI generated,458
classes/cl_ara_core_Map_cba7f0.html,SWS_CORE_01475,content/ai/classes/cl_ara_core_Map_cba7f0/rec_SWS_CORE_01475_82.html,Technische Einordnung KI-generiert / AI generated,458
classes/cl_ara_core_Map_cba7f0.html,SWS_CORE_01502,content/ai/classes/cl_ara_core_Map_cba7f0/rec_SWS_CORE_01502_83.html,Technische Einordnung KI-generiert / AI generated,458
classes/cl_ara_core_Map_cba7f0.html,SWS_CORE_01503,content/ai/classes/cl_ara_core_Map_cba7f0/rec_SWS_CORE_01503_84.html,Technische Einordnung KI-generiert / AI generated,458
classes/cl_ara_core_Map_cba7f0.html,SWS_CORE_01504,content/ai/classes/cl_ara_core_Map_cba7f0/rec_SWS_CORE_01504_85.html,Technische Einordnung KI-generiert / AI generated,458
classes/cl_ara_core_Map_cba7f0.html,SWS_CORE_01505,content/ai/classes/cl_ara_core_Map_cba7f0/rec_SWS_CORE_01505_86.html,Technische Einordnung KI-generiert / AI generated,458
classes/cl_ara_core_Map_cba7f0.html,SWS_CORE_01489,content/ai/classes/cl_ara_core_Map_cba7f0/rec_SWS_CORE_01489_87.html,Technische Einordnung KI-generiert / AI generated,457
classes/cl_ara_core_Map_cba7f0.html,SWS_CORE_01437,content/ai/classes/cl_ara_core_Map_cba7f0/rec_SWS_CORE_01437_88.html,Technische Einordnung KI-generiert / AI generated,479
classes/cl_ara_core_Map_cba7f0.html,SWS_CORE_01406,content/ai/classes/cl_ara_core_Map_cba7f0/rec_SWS_CORE_01406_89.html,Technische Einordnung KI-generiert / AI generated,461
classes/cl_ara_core_Map_cba7f0.html,SWS_CORE_01414,content/ai/classes/cl_ara_core_Map_cba7f0/rec_SWS_CORE_01414_90.html,Technische Einordnung KI-generiert / AI generated,461
classes/cl_ara_core_Map_cba7f0.html,SWS_CORE_01408,content/ai/classes/cl_ara_core_Map_cba7f0/rec_SWS_CORE_01408_91.html,Technische Einordnung KI-generiert / AI generated,460
classes/cl_ara_core_Map_cba7f0.html,SWS_CORE_01410,content/ai/classes/cl_ara_core_Map_cba7f0/rec_SWS_CORE_01410_92.html,Technische Einordnung KI-generiert / AI generated,462
classes/cl_ara_core_Map_cba7f0.html,SWS_CORE_01416,content/ai/classes/cl_ara_core_Map_cba7f0/rec_SWS_CORE_01416_93.html,Technische Einordnung KI-generiert / AI generated,469
classes/cl_ara_core_Map_cba7f0.html,SWS_CORE_01412,content/ai/classes/cl_ara_core_Map_cba7f0/rec_SWS_CORE_01412_94.html,Technische Einordnung KI-generiert / AI generated,462
classes/cl_ara_core_Map_cba7f0.html,SWS_CORE_01418,content/ai/classes/cl_ara_core_Map_cba7f0/rec_SWS_CORE_01418_95.html,Technische Einordnung KI-generiert / AI generated,465
classes/cl_ara_core_Map_cba7f0.html,SWS_CORE_01413,content/ai/classes/cl_ara_core_Map_cba7f0/rec_SWS_CORE_01413_96.html,Technische Einordnung KI-generiert / AI generated,455
classes/cl_ara_core_Map_cba7f0.html,SWS_CORE_01405,content/ai/classes/cl_ara_core_Map_cba7f0/rec_SWS_CORE_01405_97.html,Technische Einordnung KI-generiert / AI generated,458
classes/cl_ara_core_Map_cba7f0.html,SWS_CORE_01402,content/ai/classes/cl_ara_core_Map_cba7f0/rec_SWS_CORE_01402_98.html,Technische Einordnung KI-generiert / AI generated,455
classes/cl_ara_core_Map_cba7f0.html,SWS_CORE_01403,content/ai/classes/cl_ara_core_Map_cba7f0/rec_SWS_CORE_01403_99.html,Technische Einordnung KI-generiert / AI generated,458
classes/cl_ara_core_Map_cba7f0.html,SWS_CORE_01417,content/ai/classes/cl_ara_core_Map_cba7f0/rec_SWS_CORE_01417_100.html,Technische Einordnung KI-generiert / AI generated,456
classes/cl_ara_core_Map_cba7f0.html,SWS_CORE_01407,content/ai/classes/cl_ara_core_Map_cba7f0/rec_SWS_CORE_01407_101.html,Technische Einordnung KI-generiert / AI generated,454
classes/cl_ara_core_Map_cba7f0.html,SWS_CORE_01409,content/ai/classes/cl_ara_core_Map_cba7f0/rec_SWS_CORE_01409_102.html,Technische Einordnung KI-generiert / AI generated,456
classes/cl_ara_core_Map_cba7f0.html,SWS_CORE_01415,content/ai/classes/cl_ara_core_Map_cba7f0/rec_SWS_CORE_01415_103.html,Technische Einordnung KI-generiert / AI generated,463
classes/cl_ara_core_Map_cba7f0.html,SWS_CORE_01411,content/ai/classes/cl_ara_core_Map_cba7f0/rec_SWS_CORE_01411_104.html,Technische Einordnung KI-generiert / AI generated,456
classes/cl_ara_core_Map_cba7f0.html,SWS_CORE_01404,content/ai/classes/cl_ara_core_Map_cba7f0/rec_SWS_CORE_01404_105.html,Technische Einordnung KI-generiert / AI generated,457
classes/cl_ara_core_Map_value_compare_a09452.html,(Seite),content/ai/classes/cl_ara_core_Map_value_compare_a09452/main_01.html,Technische Einordnung,840
classes/cl_ara_core_Map_value_compare_a09452.html,SWS_CORE_01423,content/ai/classes/cl_ara_core_Map_value_compare_a09452/rec_SWS_CORE_01423_02.html,Technische Einordnung KI-generiert / AI generated,487
classes/cl_ara_core_Map_value_compare_a09452.html,SWS_CORE_01422,content/ai/classes/cl_ara_core_Map_value_compare_a09452/rec_SWS_CORE_01422_03.html,Technische Einordnung KI-generiert / AI generated,484
classes/cl_ara_core_Map_value_compare_a09452.html,SWS_CORE_01421,content/ai/classes/cl_ara_core_Map_value_compare_a09452/rec_SWS_CORE_01421_04.html,Technische Einordnung KI-generiert / AI generated,481
classes/cl_ara_core_MemoryResource_67fcc0.html,(Seite),content/ai/classes/cl_ara_core_MemoryResource_67fcc0/main_01.html,Verwendungszweck,1408
classes/cl_ara_core_MemoryResource_67fcc0.html,SWS_CORE_06501,content/ai/classes/cl_ara_core_MemoryResource_67fcc0/rec_SWS_CORE_06501_02.html,Technische Einordnung KI-generiert / AI generated,597
classes/cl_ara_core_MemoryResource_67fcc0.html,SWS_CORE_06502,content/ai/classes/cl_ara_core_MemoryResource_67fcc0/rec_SWS_CORE_06502_03.html,Technische Einordnung KI-generiert / AI generated,597
classes/cl_ara_core_MemoryResource_67fcc0.html,SWS_CORE_06503,content/ai/classes/cl_ara_core_MemoryResource_67fcc0/rec_SWS_CORE_06503_04.html,Technische Einordnung KI-generiert / AI generated,666
classes/cl_ara_core_MemoryResource_67fcc0.html,SWS_CORE_06504,content/ai/classes/cl_ara_core_MemoryResource_67fcc0/rec_SWS_CORE_06504_05.html,Technische Einordnung KI-generiert / AI generated,656
classes/cl_ara_core_MemoryResource_67fcc0.html,SWS_CORE_06566,content/ai/classes/cl_ara_core_MemoryResource_67fcc0/rec_SWS_CORE_06566_06.html,Technische Einordnung KI-generiert / AI generated,669
classes/cl_ara_core_MemoryResource_67fcc0.html,SWS_CORE_06567,content/ai/classes/cl_ara_core_MemoryResource_67fcc0/rec_SWS_CORE_06567_07.html,Technische Einordnung KI-generiert / AI generated,659
classes/cl_ara_core_MemoryResource_67fcc0.html,SWS_CORE_06568,content/ai/classes/cl_ara_core_MemoryResource_67fcc0/rec_SWS_CORE_06568_08.html,Technische Einordnung KI-generiert / AI generated,496
classes/cl_ara_core_MemoryResource_67fcc0.html,SWS_CORE_06505,content/ai/classes/cl_ara_core_MemoryResource_67fcc0/rec_SWS_CORE_06505_09.html,Technische Einordnung KI-generiert / AI generated,493
classes/cl_ara_core_MemoryResource_67fcc0.html,SWS_CORE_06507,content/ai/classes/cl_ara_core_MemoryResource_67fcc0/rec_SWS_CORE_06507_10.html,Technische Einordnung KI-generiert / AI generated,574
classes/cl_ara_core_MemoryResource_67fcc0.html,SWS_CORE_06506,content/ai/classes/cl_ara_core_MemoryResource_67fcc0/rec_SWS_CORE_06506_11.html,Technische Einordnung KI-generiert / AI generated,597
classes/cl_ara_core_Monostate_1e0a12.html,(Seite),content/ai/classes/cl_ara_core_Monostate_1e0a12/main_01.html,,676
classes/cl_ara_core_MonotonicBufferResource_ff50ce.html,(Seite),content/ai/classes/cl_ara_core_MonotonicBufferResource_ff50ce/main_01.html,Verwendungszweck,1171
classes/cl_ara_core_MonotonicBufferResource_ff50ce.html,SWS_CORE_06521,content/ai/classes/cl_ara_core_MonotonicBufferResource_ff50ce/rec_SWS_CORE_06521_02.html,Technische Einordnung KI-generiert / AI generated,634
classes/cl_ara_core_MonotonicBufferResource_ff50ce.html,SWS_CORE_06522,content/ai/classes/cl_ara_core_MonotonicBufferResource_ff50ce/rec_SWS_CORE_06522_03.html,Technische Einordnung KI-generiert / AI generated,634
classes/cl_ara_core_MonotonicBufferResource_ff50ce.html,SWS_CORE_06523,content/ai/classes/cl_ara_core_MonotonicBufferResource_ff50ce/rec_SWS_CORE_06523_04.html,Technische Einordnung KI-generiert / AI generated,634
classes/cl_ara_core_MonotonicBufferResource_ff50ce.html,SWS_CORE_06524,content/ai/classes/cl_ara_core_MonotonicBufferResource_ff50ce/rec_SWS_CORE_06524_05.html,Technische Einordnung KI-generiert / AI generated,634
classes/cl_ara_core_MonotonicBufferResource_ff50ce.html,SWS_CORE_06525,content/ai/classes/cl_ara_core_MonotonicBufferResource_ff50ce/rec_SWS_CORE_06525_06.html,Technische Einordnung KI-generiert / AI generated,634
classes/cl_ara_core_MonotonicBufferResource_ff50ce.html,SWS_CORE_06526,content/ai/classes/cl_ara_core_MonotonicBufferResource_ff50ce/rec_SWS_CORE_06526_07.html,Technische Einordnung KI-generiert / AI generated,634
classes/cl_ara_core_MonotonicBufferResource_ff50ce.html,SWS_CORE_06527,content/ai/classes/cl_ara_core_MonotonicBufferResource_ff50ce/rec_SWS_CORE_06527_08.html,Technische Einordnung KI-generiert / AI generated,554
classes/cl_ara_core_MonotonicBufferResource_ff50ce.html,SWS_CORE_06569,content/ai/classes/cl_ara_core_MonotonicBufferResource_ff50ce/rec_SWS_CORE_06569_09.html,Technische Einordnung KI-generiert / AI generated,706
classes/cl_ara_core_MonotonicBufferResource_ff50ce.html,SWS_CORE_06570,content/ai/classes/cl_ara_core_MonotonicBufferResource_ff50ce/rec_SWS_CORE_06570_10.html,Technische Einordnung KI-generiert / AI generated,696
classes/cl_ara_core_MonotonicBufferResource_ff50ce.html,SWS_CORE_06571,content/ai/classes/cl_ara_core_MonotonicBufferResource_ff50ce/rec_SWS_CORE_06571_11.html,Technische Einordnung KI-generiert / AI generated,613
classes/cl_ara_core_MonotonicBufferResource_ff50ce.html,SWS_CORE_06529,content/ai/classes/cl_ara_core_MonotonicBufferResource_ff50ce/rec_SWS_CORE_06529_12.html,Technische Einordnung KI-generiert / AI generated,531
classes/cl_ara_core_MonotonicBufferResource_ff50ce.html,SWS_CORE_06530,content/ai/classes/cl_ara_core_MonotonicBufferResource_ff50ce/rec_SWS_CORE_06530_13.html,Technische Einordnung KI-generiert / AI generated,609
classes/cl_ara_core_MonotonicBufferResource_ff50ce.html,SWS_CORE_06531,content/ai/classes/cl_ara_core_MonotonicBufferResource_ff50ce/rec_SWS_CORE_06531_14.html,Technische Einordnung KI-generiert / AI generated,619
classes/cl_ara_core_MonotonicBufferResource_ff50ce.html,SWS_CORE_06528,content/ai/classes/cl_ara_core_MonotonicBufferResource_ff50ce/rec_SWS_CORE_06528_15.html,Technische Einordnung KI-generiert / AI generated,665
classes/cl_ara_core_Optional_27f98b.html,(Seite),content/ai/classes/cl_ara_core_Optional_27f98b/main_01.html,Verwendungszweck,2551
classes/cl_ara_core_Optional_27f98b.html,SWS_CORE_01103,content/ai/classes/cl_ara_core_Optional_27f98b/rec_SWS_CORE_01103_02.html,Technische Einordnung KI-generiert / AI generated,596
classes/cl_ara_core_Optional_27f98b.html,SWS_CORE_01104,content/ai/classes/cl_ara_core_Optional_27f98b/rec_SWS_CORE_01104_03.html,Technische Einordnung KI-generiert / AI generated,596
classes/cl_ara_core_Optional_27f98b.html,SWS_CORE_01105,content/ai/classes/cl_ara_core_Optional_27f98b/rec_SWS_CORE_01105_04.html,Technische Einordnung KI-generiert / AI generated,627
classes/cl_ara_core_Optional_27f98b.html,SWS_CORE_01106,content/ai/classes/cl_ara_core_Optional_27f98b/rec_SWS_CORE_01106_05.html,Technische Einordnung KI-generiert / AI generated,596
classes/cl_ara_core_Optional_27f98b.html,SWS_CORE_01107,content/ai/classes/cl_ara_core_Optional_27f98b/rec_SWS_CORE_01107_06.html,Technische Einordnung KI-generiert / AI generated,627
classes/cl_ara_core_Optional_27f98b.html,SWS_CORE_01108,content/ai/classes/cl_ara_core_Optional_27f98b/rec_SWS_CORE_01108_07.html,Technische Einordnung KI-generiert / AI generated,627
classes/cl_ara_core_Optional_27f98b.html,SWS_CORE_01109,content/ai/classes/cl_ara_core_Optional_27f98b/rec_SWS_CORE_01109_08.html,Technische Einordnung KI-generiert / AI generated,627
classes/cl_ara_core_Optional_27f98b.html,SWS_CORE_01110,content/ai/classes/cl_ara_core_Optional_27f98b/rec_SWS_CORE_01110_09.html,Technische Einordnung KI-generiert / AI generated,627
classes/cl_ara_core_Optional_27f98b.html,SWS_CORE_01111,content/ai/classes/cl_ara_core_Optional_27f98b/rec_SWS_CORE_01111_10.html,Technische Einordnung KI-generiert / AI generated,627
classes/cl_ara_core_Optional_27f98b.html,SWS_CORE_01119,content/ai/classes/cl_ara_core_Optional_27f98b/rec_SWS_CORE_01119_11.html,Technische Einordnung KI-generiert / AI generated,602
classes/cl_ara_core_Optional_27f98b.html,SWS_CORE_01120,content/ai/classes/cl_ara_core_Optional_27f98b/rec_SWS_CORE_01120_12.html,Technische Einordnung KI-generiert / AI generated,602
classes/cl_ara_core_Optional_27f98b.html,SWS_CORE_01129,content/ai/classes/cl_ara_core_Optional_27f98b/rec_SWS_CORE_01129_13.html,Verwendung KI-generiert / AI generated,1179
classes/cl_ara_core_Optional_27f98b.html,SWS_CORE_01128,content/ai/classes/cl_ara_core_Optional_27f98b/rec_SWS_CORE_01128_14.html,Technische Einordnung KI-generiert / AI generated,576
classes/cl_ara_core_Optional_27f98b.html,SWS_CORE_01124,content/ai/classes/cl_ara_core_Optional_27f98b/rec_SWS_CORE_01124_15.html,Technische Einordnung KI-generiert / AI generated,949
classes/cl_ara_core_Optional_27f98b.html,SWS_CORE_01125,content/ai/classes/cl_ara_core_Optional_27f98b/rec_SWS_CORE_01125_16.html,Technische Einordnung KI-generiert / AI generated,949
classes/cl_ara_core_Optional_27f98b.html,SWS_CORE_01126,content/ai/classes/cl_ara_core_Optional_27f98b/rec_SWS_CORE_01126_17.html,Technische Einordnung KI-generiert / AI generated,949
classes/cl_ara_core_Optional_27f98b.html,SWS_CORE_01127,content/ai/classes/cl_ara_core_Optional_27f98b/rec_SWS_CORE_01127_18.html,Technische Einordnung KI-generiert / AI generated,949
classes/cl_ara_core_Optional_27f98b.html,SWS_CORE_01122,content/ai/classes/cl_ara_core_Optional_27f98b/rec_SWS_CORE_01122_19.html,Technische Einordnung KI-generiert / AI generated,965
classes/cl_ara_core_Optional_27f98b.html,SWS_CORE_01123,content/ai/classes/cl_ara_core_Optional_27f98b/rec_SWS_CORE_01123_20.html,Technische Einordnung KI-generiert / AI generated,965
classes/cl_ara_core_Optional_27f98b.html,SWS_CORE_01113,content/ai/classes/cl_ara_core_Optional_27f98b/rec_SWS_CORE_01113_21.html,Technische Einordnung KI-generiert / AI generated,573
classes/cl_ara_core_Optional_27f98b.html,SWS_CORE_01114,content/ai/classes/cl_ara_core_Optional_27f98b/rec_SWS_CORE_01114_22.html,Technische Einordnung KI-generiert / AI generated,653
classes/cl_ara_core_Optional_27f98b.html,SWS_CORE_01115,content/ai/classes/cl_ara_core_Optional_27f98b/rec_SWS_CORE_01115_23.html,Technische Einordnung KI-generiert / AI generated,618
classes/cl_ara_core_Optional_27f98b.html,SWS_CORE_01116,content/ai/classes/cl_ara_core_Optional_27f98b/rec_SWS_CORE_01116_24.html,Technische Einordnung KI-generiert / AI generated,653
classes/cl_ara_core_Optional_27f98b.html,SWS_CORE_01117,content/ai/classes/cl_ara_core_Optional_27f98b/rec_SWS_CORE_01117_25.html,Technische Einordnung KI-generiert / AI generated,653
classes/cl_ara_core_Optional_27f98b.html,SWS_CORE_01118,content/ai/classes/cl_ara_core_Optional_27f98b/rec_SWS_CORE_01118_26.html,Technische Einordnung KI-generiert / AI generated,653
classes/cl_ara_core_Optional_27f98b.html,SWS_CORE_01136,content/ai/classes/cl_ara_core_Optional_27f98b/rec_SWS_CORE_01136_27.html,Technische Einordnung KI-generiert / AI generated,569
classes/cl_ara_core_Optional_27f98b.html,SWS_CORE_01121,content/ai/classes/cl_ara_core_Optional_27f98b/rec_SWS_CORE_01121_28.html,Technische Einordnung KI-generiert / AI generated,628
classes/cl_ara_core_Optional_27f98b.html,SWS_CORE_01130,content/ai/classes/cl_ara_core_Optional_27f98b/rec_SWS_CORE_01130_29.html,Verwendung KI-generiert / AI generated,1855
classes/cl_ara_core_Optional_27f98b.html,SWS_CORE_01131,content/ai/classes/cl_ara_core_Optional_27f98b/rec_SWS_CORE_01131_30.html,Technische Einordnung KI-generiert / AI generated,945
classes/cl_ara_core_Optional_27f98b.html,SWS_CORE_01132,content/ai/classes/cl_ara_core_Optional_27f98b/rec_SWS_CORE_01132_31.html,Technische Einordnung KI-generiert / AI generated,945
classes/cl_ara_core_Optional_27f98b.html,SWS_CORE_01133,content/ai/classes/cl_ara_core_Optional_27f98b/rec_SWS_CORE_01133_32.html,Technische Einordnung KI-generiert / AI generated,945
classes/cl_ara_core_Optional_27f98b.html,SWS_CORE_01134,content/ai/classes/cl_ara_core_Optional_27f98b/rec_SWS_CORE_01134_33.html,Technische Einordnung KI-generiert / AI generated,572
classes/cl_ara_core_Optional_27f98b.html,SWS_CORE_01135,content/ai/classes/cl_ara_core_Optional_27f98b/rec_SWS_CORE_01135_34.html,Technische Einordnung KI-generiert / AI generated,572
classes/cl_ara_core_Optional_27f98b.html,SWS_CORE_01112,content/ai/classes/cl_ara_core_Optional_27f98b/rec_SWS_CORE_01112_35.html,Technische Einordnung KI-generiert / AI generated,627
classes/cl_ara_core_Optional_27f98b.html,SWS_CORE_01102,content/ai/classes/cl_ara_core_Optional_27f98b/rec_SWS_CORE_01102_36.html,Technische Einordnung KI-generiert / AI generated,574
classes/cl_ara_core_Optional_T_35cc9e.html,(Seite),content/ai/classes/cl_ara_core_Optional_T_35cc9e/main_01.html,Verwendungszweck,905
classes/cl_ara_core_Optional_T_35cc9e.html,SWS_CORE_01167,content/ai/classes/cl_ara_core_Optional_T_35cc9e/rec_SWS_CORE_01167_02.html,Technische Einordnung KI-generiert / AI generated,829
classes/cl_ara_core_Optional_T_35cc9e.html,SWS_CORE_01168,content/ai/classes/cl_ara_core_Optional_T_35cc9e/rec_SWS_CORE_01168_03.html,Technische Einordnung KI-generiert / AI generated,829
classes/cl_ara_core_Optional_T_35cc9e.html,SWS_CORE_01152,content/ai/classes/cl_ara_core_Optional_T_35cc9e/rec_SWS_CORE_01152_04.html,Technische Einordnung KI-generiert / AI generated,851
classes/cl_ara_core_Optional_T_35cc9e.html,SWS_CORE_01153,content/ai/classes/cl_ara_core_Optional_T_35cc9e/rec_SWS_CORE_01153_05.html,Technische Einordnung KI-generiert / AI generated,851
classes/cl_ara_core_Optional_T_35cc9e.html,SWS_CORE_01154,content/ai/classes/cl_ara_core_Optional_T_35cc9e/rec_SWS_CORE_01154_06.html,Technische Einordnung KI-generiert / AI generated,851
classes/cl_ara_core_Optional_T_35cc9e.html,SWS_CORE_01155,content/ai/classes/cl_ara_core_Optional_T_35cc9e/rec_SWS_CORE_01155_07.html,Technische Einordnung KI-generiert / AI generated,851
classes/cl_ara_core_Optional_T_35cc9e.html,SWS_CORE_01156,content/ai/classes/cl_ara_core_Optional_T_35cc9e/rec_SWS_CORE_01156_08.html,Technische Einordnung KI-generiert / AI generated,851
classes/cl_ara_core_Optional_T_35cc9e.html,SWS_CORE_01157,content/ai/classes/cl_ara_core_Optional_T_35cc9e/rec_SWS_CORE_01157_09.html,Technische Einordnung KI-generiert / AI generated,851
classes/cl_ara_core_Optional_T_35cc9e.html,SWS_CORE_01164,content/ai/classes/cl_ara_core_Optional_T_35cc9e/rec_SWS_CORE_01164_10.html,Technische Einordnung KI-generiert / AI generated,826
classes/cl_ara_core_Optional_T_35cc9e.html,SWS_CORE_01172,content/ai/classes/cl_ara_core_Optional_T_35cc9e/rec_SWS_CORE_01172_11.html,Technische Einordnung KI-generiert / AI generated,828
classes/cl_ara_core_Optional_T_35cc9e.html,SWS_CORE_01171,content/ai/classes/cl_ara_core_Optional_T_35cc9e/rec_SWS_CORE_01171_12.html,Technische Einordnung KI-generiert / AI generated,831
classes/cl_ara_core_Optional_T_35cc9e.html,SWS_CORE_01169,content/ai/classes/cl_ara_core_Optional_T_35cc9e/rec_SWS_CORE_01169_13.html,Technische Einordnung KI-generiert / AI generated,828
classes/cl_ara_core_Optional_T_35cc9e.html,SWS_CORE_01170,content/ai/classes/cl_ara_core_Optional_T_35cc9e/rec_SWS_CORE_01170_14.html,Technische Einordnung KI-generiert / AI generated,828
classes/cl_ara_core_Optional_T_35cc9e.html,SWS_CORE_01159,content/ai/classes/cl_ara_core_Optional_T_35cc9e/rec_SWS_CORE_01159_15.html,Technische Einordnung KI-generiert / AI generated,828
classes/cl_ara_core_Optional_T_35cc9e.html,SWS_CORE_01160,content/ai/classes/cl_ara_core_Optional_T_35cc9e/rec_SWS_CORE_01160_16.html,Technische Einordnung KI-generiert / AI generated,828
classes/cl_ara_core_Optional_T_35cc9e.html,SWS_CORE_01161,content/ai/classes/cl_ara_core_Optional_T_35cc9e/rec_SWS_CORE_01161_17.html,Technische Einordnung KI-generiert / AI generated,828
classes/cl_ara_core_Optional_T_35cc9e.html,SWS_CORE_01162,content/ai/classes/cl_ara_core_Optional_T_35cc9e/rec_SWS_CORE_01162_18.html,Technische Einordnung KI-generiert / AI generated,828
classes/cl_ara_core_Optional_T_35cc9e.html,SWS_CORE_01163,content/ai/classes/cl_ara_core_Optional_T_35cc9e/rec_SWS_CORE_01163_19.html,Technische Einordnung KI-generiert / AI generated,828
classes/cl_ara_core_Optional_T_35cc9e.html,SWS_CORE_01165,content/ai/classes/cl_ara_core_Optional_T_35cc9e/rec_SWS_CORE_01165_20.html,Technische Einordnung KI-generiert / AI generated,824
classes/cl_ara_core_Optional_T_35cc9e.html,SWS_CORE_01166,content/ai/classes/cl_ara_core_Optional_T_35cc9e/rec_SWS_CORE_01166_21.html,Technische Einordnung KI-generiert / AI generated,823
classes/cl_ara_core_Optional_T_35cc9e.html,SWS_CORE_01173,content/ai/classes/cl_ara_core_Optional_T_35cc9e/rec_SWS_CORE_01173_22.html,Technische Einordnung KI-generiert / AI generated,824
classes/cl_ara_core_Optional_T_35cc9e.html,SWS_CORE_01174,content/ai/classes/cl_ara_core_Optional_T_35cc9e/rec_SWS_CORE_01174_23.html,Technische Einordnung KI-generiert / AI generated,824
classes/cl_ara_core_Optional_T_35cc9e.html,SWS_CORE_01175,content/ai/classes/cl_ara_core_Optional_T_35cc9e/rec_SWS_CORE_01175_24.html,Technische Einordnung KI-generiert / AI generated,827
classes/cl_ara_core_Optional_T_35cc9e.html,SWS_CORE_01158,content/ai/classes/cl_ara_core_Optional_T_35cc9e/rec_SWS_CORE_01158_25.html,Technische Einordnung KI-generiert / AI generated,851
classes/cl_ara_core_Optional_T_35cc9e.html,SWS_CORE_01151,content/ai/classes/cl_ara_core_Optional_T_35cc9e/rec_SWS_CORE_01151_26.html,Technische Einordnung KI-generiert / AI generated,829
classes/cl_ara_core_PolymorphicAllocator_82ca05.html,(Seite),content/ai/classes/cl_ara_core_PolymorphicAllocator_82ca05/main_01.html,Verwendungszweck,1253
classes/cl_ara_core_PolymorphicAllocator_82ca05.html,SWS_CORE_06541,content/ai/classes/cl_ara_core_PolymorphicAllocator_82ca05/rec_SWS_CORE_06541_02.html,Technische Einordnung KI-generiert / AI generated,546
classes/cl_ara_core_PolymorphicAllocator_82ca05.html,SWS_CORE_06542,content/ai/classes/cl_ara_core_PolymorphicAllocator_82ca05/rec_SWS_CORE_06542_03.html,Technische Einordnung KI-generiert / AI generated,626
classes/cl_ara_core_PolymorphicAllocator_82ca05.html,SWS_CORE_06543,content/ai/classes/cl_ara_core_PolymorphicAllocator_82ca05/rec_SWS_CORE_06543_04.html,Technische Einordnung KI-generiert / AI generated,626
classes/cl_ara_core_PolymorphicAllocator_82ca05.html,SWS_CORE_06544,content/ai/classes/cl_ara_core_PolymorphicAllocator_82ca05/rec_SWS_CORE_06544_05.html,Technische Einordnung KI-generiert / AI generated,546
classes/cl_ara_core_PolymorphicAllocator_82ca05.html,SWS_CORE_06546,content/ai/classes/cl_ara_core_PolymorphicAllocator_82ca05/rec_SWS_CORE_06546_06.html,Verwendung KI-generiert / AI generated,850
classes/cl_ara_core_PolymorphicAllocator_82ca05.html,SWS_CORE_06547,content/ai/classes/cl_ara_core_PolymorphicAllocator_82ca05/rec_SWS_CORE_06547_07.html,Technische Einordnung KI-generiert / AI generated,676
classes/cl_ara_core_PolymorphicAllocator_82ca05.html,SWS_CORE_06549,content/ai/classes/cl_ara_core_PolymorphicAllocator_82ca05/rec_SWS_CORE_06549_08.html,Technische Einordnung KI-generiert / AI generated,666
classes/cl_ara_core_PolymorphicAllocator_82ca05.html,SWS_CORE_06551,content/ai/classes/cl_ara_core_PolymorphicAllocator_82ca05/rec_SWS_CORE_06551_09.html,Technische Einordnung KI-generiert / AI generated,667
classes/cl_ara_core_PolymorphicAllocator_82ca05.html,SWS_CORE_06555,content/ai/classes/cl_ara_core_PolymorphicAllocator_82ca05/rec_SWS_CORE_06555_10.html,Technische Einordnung KI-generiert / AI generated,554
classes/cl_ara_core_PolymorphicAllocator_82ca05.html,SWS_CORE_06548,content/ai/classes/cl_ara_core_PolymorphicAllocator_82ca05/rec_SWS_CORE_06548_11.html,Technische Einordnung KI-generiert / AI generated,685
classes/cl_ara_core_PolymorphicAllocator_82ca05.html,SWS_CORE_06550,content/ai/classes/cl_ara_core_PolymorphicAllocator_82ca05/rec_SWS_CORE_06550_12.html,Technische Einordnung KI-generiert / AI generated,691
classes/cl_ara_core_PolymorphicAllocator_82ca05.html,SWS_CORE_06552,content/ai/classes/cl_ara_core_PolymorphicAllocator_82ca05/rec_SWS_CORE_06552_13.html,Technische Einordnung KI-generiert / AI generated,631
classes/cl_ara_core_PolymorphicAllocator_82ca05.html,SWS_CORE_06554,content/ai/classes/cl_ara_core_PolymorphicAllocator_82ca05/rec_SWS_CORE_06554_14.html,Technische Einordnung KI-generiert / AI generated,639
classes/cl_ara_core_PolymorphicAllocator_82ca05.html,SWS_CORE_06556,content/ai/classes/cl_ara_core_PolymorphicAllocator_82ca05/rec_SWS_CORE_06556_15.html,Technische Einordnung KI-generiert / AI generated,552
classes/cl_ara_core_PolymorphicAllocator_82ca05.html,SWS_CORE_06553,content/ai/classes/cl_ara_core_PolymorphicAllocator_82ca05/rec_SWS_CORE_06553_16.html,Technische Einordnung KI-generiert / AI generated,629
classes/cl_ara_core_PolymorphicAllocator_82ca05.html,SWS_CORE_06545,content/ai/classes/cl_ara_core_PolymorphicAllocator_82ca05/rec_SWS_CORE_06545_17.html,Technische Einordnung KI-generiert / AI generated,523
classes/cl_ara_core_PolymorphicAllocator_82ca05.html,SWS_CORE_06557,content/ai/classes/cl_ara_core_PolymorphicAllocator_82ca05/rec_SWS_CORE_06557_18.html,Technische Einordnung KI-generiert / AI generated,522
classes/cl_ara_core_PolymorphicAllocator_82ca05.html,SWS_CORE_06573,content/ai/classes/cl_ara_core_PolymorphicAllocator_82ca05/rec_SWS_CORE_06573_19.html,Technische Einordnung KI-generiert / AI generated,631
classes/cl_ara_core_PolymorphicAllocator_82ca05.html,SWS_CORE_06572,content/ai/classes/cl_ara_core_PolymorphicAllocator_82ca05/rec_SWS_CORE_06572_20.html,Technische Einordnung KI-generiert / AI generated,524
classes/cl_ara_core_PoolOptions_c9b7fd.html,(Seite),content/ai/classes/cl_ara_core_PoolOptions_c9b7fd/main_01.html,,473
classes/cl_ara_core_PoolOptions_c9b7fd.html,SWS_CORE_00028,content/ai/classes/cl_ara_core_PoolOptions_c9b7fd/rec_SWS_CORE_00028_02.html,Technische Einordnung KI-generiert / AI generated,511
classes/cl_ara_core_PoolOptions_c9b7fd.html,SWS_CORE_00027,content/ai/classes/cl_ara_core_PoolOptions_c9b7fd/rec_SWS_CORE_00027_03.html,Technische Einordnung KI-generiert / AI generated,504
classes/cl_ara_core_Promise_6db9e1.html,(Seite),content/ai/classes/cl_ara_core_Promise_6db9e1/main_01.html,Verwendungszweck,3840
classes/cl_ara_core_Promise_6db9e1.html,SWS_CORE_00341,content/ai/classes/cl_ara_core_Promise_6db9e1/rec_SWS_CORE_00341_02.html,Verwendung KI-generiert / AI generated,552
classes/cl_ara_core_Promise_6db9e1.html,SWS_CORE_00342,content/ai/classes/cl_ara_core_Promise_6db9e1/rec_SWS_CORE_00342_03.html,Verwendung KI-generiert / AI generated,722
classes/cl_ara_core_Promise_6db9e1.html,SWS_CORE_00353,content/ai/classes/cl_ara_core_Promise_6db9e1/rec_SWS_CORE_00353_04.html,Verwendung KI-generiert / AI generated,907
classes/cl_ara_core_Promise_6db9e1.html,SWS_CORE_00354,content/ai/classes/cl_ara_core_Promise_6db9e1/rec_SWS_CORE_00354_05.html,Verwendung KI-generiert / AI generated,684
classes/cl_ara_core_Promise_6db9e1.html,SWS_CORE_00355,content/ai/classes/cl_ara_core_Promise_6db9e1/rec_SWS_CORE_00355_06.html,Verwendung KI-generiert / AI generated,709
classes/cl_ara_core_Promise_6db9e1.html,SWS_CORE_00356,content/ai/classes/cl_ara_core_Promise_6db9e1/rec_SWS_CORE_00356_07.html,Verwendung KI-generiert / AI generated,723
classes/cl_ara_core_Promise_6db9e1.html,SWS_CORE_00344,content/ai/classes/cl_ara_core_Promise_6db9e1/rec_SWS_CORE_00344_08.html,Verwendung KI-generiert / AI generated,1124
classes/cl_ara_core_Promise_6db9e1.html,SWS_CORE_00345,content/ai/classes/cl_ara_core_Promise_6db9e1/rec_SWS_CORE_00345_09.html,Verwendung KI-generiert / AI generated,681
classes/cl_ara_core_Promise_6db9e1.html,SWS_CORE_00346,content/ai/classes/cl_ara_core_Promise_6db9e1/rec_SWS_CORE_00346_10.html,Verwendung KI-generiert / AI generated,695
classes/cl_ara_core_Promise_void_E_e5a8db.html,(Seite),content/ai/classes/cl_ara_core_Promise_void_E_e5a8db/main_01.html,Verwendungszweck,1221
classes/cl_ara_core_Promise_void_E_e5a8db.html,SWS_CORE_06353,content/ai/classes/cl_ara_core_Promise_void_E_e5a8db/rec_SWS_CORE_06353_02.html,Verwendung KI-generiert / AI generated,716
classes/cl_ara_core_Promise_void_E_e5a8db.html,SWS_CORE_06354,content/ai/classes/cl_ara_core_Promise_void_E_e5a8db/rec_SWS_CORE_06354_03.html,Verwendung KI-generiert / AI generated,702
classes/cl_ara_core_Promise_void_E_e5a8db.html,SWS_CORE_06355,content/ai/classes/cl_ara_core_Promise_void_E_e5a8db/rec_SWS_CORE_06355_04.html,Verwendung KI-generiert / AI generated,727
classes/cl_ara_core_Promise_void_E_e5a8db.html,SWS_CORE_06356,content/ai/classes/cl_ara_core_Promise_void_E_e5a8db/rec_SWS_CORE_06356_05.html,Verwendung KI-generiert / AI generated,741
classes/cl_ara_core_Promise_void_E_e5a8db.html,SWS_CORE_06344,content/ai/classes/cl_ara_core_Promise_void_E_e5a8db/rec_SWS_CORE_06344_06.html,Verwendung KI-generiert / AI generated,925
classes/cl_ara_core_Promise_void_E_e5a8db.html,SWS_CORE_06345,content/ai/classes/cl_ara_core_Promise_void_E_e5a8db/rec_SWS_CORE_06345_07.html,Verwendung KI-generiert / AI generated,654
classes/cl_ara_core_Result_T_E_8b59ba.html,(Seite),content/ai/classes/cl_ara_core_Result_T_E_8b59ba/main_01.html,Verwendungszweck,1478
classes/cl_ara_core_Result_T_E_8b59ba.html,SWS_CORE_00922,content/ai/classes/cl_ara_core_Result_T_E_8b59ba/rec_SWS_CORE_00922_02.html,Verwendung KI-generiert / AI generated,531
classes/cl_ara_core_Result_T_E_8b59ba.html,SWS_CORE_00923,content/ai/classes/cl_ara_core_Result_T_E_8b59ba/rec_SWS_CORE_00923_03.html,Verwendung KI-generiert / AI generated,517
classes/cl_ara_core_Result_T_E_8b59ba.html,SWS_CORE_00928,content/ai/classes/cl_ara_core_Result_T_E_8b59ba/rec_SWS_CORE_00928_04.html,Verwendung KI-generiert / AI generated,524
classes/cl_ara_core_Result_T_E_8b59ba.html,SWS_CORE_00929,content/ai/classes/cl_ara_core_Result_T_E_8b59ba/rec_SWS_CORE_00929_05.html,Verwendung KI-generiert / AI generated,514
classes/cl_ara_core_Result_T_E_8b59ba.html,SWS_CORE_00930,content/ai/classes/cl_ara_core_Result_T_E_8b59ba/rec_SWS_CORE_00930_06.html,Verwendung KI-generiert / AI generated,521
classes/cl_ara_core_Result_T_E_8b59ba.html,SWS_CORE_00924,content/ai/classes/cl_ara_core_Result_T_E_8b59ba/rec_SWS_CORE_00924_07.html,Verwendung KI-generiert / AI generated,524
classes/cl_ara_core_Result_T_E_8b59ba.html,SWS_CORE_00925,content/ai/classes/cl_ara_core_Result_T_E_8b59ba/rec_SWS_CORE_00925_08.html,Verwendung KI-generiert / AI generated,514
classes/cl_ara_core_Result_T_E_8b59ba.html,SWS_CORE_00938,content/ai/classes/cl_ara_core_Result_T_E_8b59ba/rec_SWS_CORE_00938_09.html,Verwendung KI-generiert / AI generated,772
classes/cl_ara_core_Result_T_E_8b59ba.html,SWS_CORE_00949,content/ai/classes/cl_ara_core_Result_T_E_8b59ba/rec_SWS_CORE_00949_10.html,Verwendung KI-generiert / AI generated,780
classes/cl_ara_core_Result_T_E_8b59ba.html,SWS_CORE_00919,content/ai/classes/cl_ara_core_Result_T_E_8b59ba/rec_SWS_CORE_00919_11.html,Verwendung KI-generiert / AI generated,590
classes/cl_ara_core_Result_T_E_8b59ba.html,SWS_CORE_00920,content/ai/classes/cl_ara_core_Result_T_E_8b59ba/rec_SWS_CORE_00920_12.html,Verwendung KI-generiert / AI generated,653
classes/cl_ara_core_Result_T_E_8b59ba.html,SWS_CORE_00921,content/ai/classes/cl_ara_core_Result_T_E_8b59ba/rec_SWS_CORE_00921_13.html,Verwendung KI-generiert / AI generated,568
classes/cl_ara_core_Result_T_E_8b59ba.html,SWS_CORE_00914,content/ai/classes/cl_ara_core_Result_T_E_8b59ba/rec_SWS_CORE_00914_14.html,Verwendung KI-generiert / AI generated,728
classes/cl_ara_core_Result_T_E_8b59ba.html,SWS_CORE_00915,content/ai/classes/cl_ara_core_Result_T_E_8b59ba/rec_SWS_CORE_00915_15.html,Verwendung KI-generiert / AI generated,642
classes/cl_ara_core_Result_T_E_8b59ba.html,SWS_CORE_00913,content/ai/classes/cl_ara_core_Result_T_E_8b59ba/rec_SWS_CORE_00913_16.html,Verwendung KI-generiert / AI generated,456
classes/cl_ara_core_Result_d51722.html,(Seite),content/ai/classes/cl_ara_core_Result_d51722/main_01.html,Verwendungszweck,3016
classes/cl_ara_core_Result_d51722.html,SWS_CORE_00757,content/ai/classes/cl_ara_core_Result_d51722/rec_SWS_CORE_00757_02.html,Verwendung KI-generiert / AI generated,719
classes/cl_ara_core_Result_d51722.html,SWS_CORE_00758,content/ai/classes/cl_ara_core_Result_d51722/rec_SWS_CORE_00758_03.html,Verwendung KI-generiert / AI generated,507
classes/cl_ara_core_Result_d51722.html,SWS_CORE_00776,content/ai/classes/cl_ara_core_Result_d51722/rec_SWS_CORE_00776_04.html,Verwendung KI-generiert / AI generated,500
classes/cl_ara_core_Result_d51722.html,SWS_CORE_00751,content/ai/classes/cl_ara_core_Result_d51722/rec_SWS_CORE_00751_05.html,Verwendung KI-generiert / AI generated,616
classes/cl_ara_core_Result_d51722.html,SWS_CORE_00755,content/ai/classes/cl_ara_core_Result_d51722/rec_SWS_CORE_00755_06.html,Verwendung KI-generiert / AI generated,736
classes/cl_ara_core_Result_d51722.html,SWS_CORE_00756,content/ai/classes/cl_ara_core_Result_d51722/rec_SWS_CORE_00756_07.html,Verwendung KI-generiert / AI generated,501
classes/cl_ara_core_Result_d51722.html,SWS_CORE_00775,content/ai/classes/cl_ara_core_Result_d51722/rec_SWS_CORE_00775_08.html,Verwendung KI-generiert / AI generated,494
classes/cl_ara_core_Result_d51722.html,SWS_CORE_00766,content/ai/classes/cl_ara_core_Result_d51722/rec_SWS_CORE_00766_09.html,Verwendung KI-generiert / AI generated,1030
classes/cl_ara_core_Result_d51722.html,SWS_CORE_00769,content/ai/classes/cl_ara_core_Result_d51722/rec_SWS_CORE_00769_10.html,Verwendung KI-generiert / AI generated,755
classes/cl_ara_core_Result_d51722.html,SWS_CORE_00778,content/ai/classes/cl_ara_core_Result_d51722/rec_SWS_CORE_00778_11.html,Verwendung KI-generiert / AI generated,766
classes/cl_ara_core_Result_d51722.html,SWS_CORE_00753,content/ai/classes/cl_ara_core_Result_d51722/rec_SWS_CORE_00753_12.html,Verwendung KI-generiert / AI generated,508
classes/cl_ara_core_Result_d51722.html,SWS_CORE_00759,content/ai/classes/cl_ara_core_Result_d51722/rec_SWS_CORE_00759_13.html,Verwendung KI-generiert / AI generated,505
classes/cl_ara_core_Result_d51722.html,SWS_CORE_00774,content/ai/classes/cl_ara_core_Result_d51722/rec_SWS_CORE_00774_14.html,Verwendung KI-generiert / AI generated,670
classes/cl_ara_core_Result_d51722.html,SWS_CORE_00754,content/ai/classes/cl_ara_core_Result_d51722/rec_SWS_CORE_00754_15.html,Verwendung KI-generiert / AI generated,496
classes/cl_ara_core_Result_d51722.html,SWS_CORE_00777,content/ai/classes/cl_ara_core_Result_d51722/rec_SWS_CORE_00777_16.html,Verwendung KI-generiert / AI generated,496
classes/cl_ara_core_Result_void_E_c9d1e9.html,(Seite),content/ai/classes/cl_ara_core_Result_void_E_c9d1e9/main_01.html,Verwendungszweck,1395
classes/cl_ara_core_Result_void_E_c9d1e9.html,SWS_CORE_00870,content/ai/classes/cl_ara_core_Result_void_E_c9d1e9/rec_SWS_CORE_00870_02.html,Verwendung KI-generiert / AI generated,812
classes/cl_ara_core_Result_void_E_c9d1e9.html,SWS_CORE_00844,content/ai/classes/cl_ara_core_Result_void_E_c9d1e9/rec_SWS_CORE_00844_03.html,Verwendung KI-generiert / AI generated,589
classes/cl_ara_core_Result_void_E_c9d1e9.html,SWS_CORE_00843,content/ai/classes/cl_ara_core_Result_void_E_c9d1e9/rec_SWS_CORE_00843_04.html,Verwendung KI-generiert / AI generated,506
classes/cl_ara_core_Result_void_E_c9d1e9.html,SWS_CORE_00868,content/ai/classes/cl_ara_core_Result_void_E_c9d1e9/rec_SWS_CORE_00868_05.html,Verwendung KI-generiert / AI generated,589
classes/cl_ara_core_Result_void_E_c9d1e9.html,SWS_CORE_00869,content/ai/classes/cl_ara_core_Result_void_E_c9d1e9/rec_SWS_CORE_00869_06.html,Verwendung KI-generiert / AI generated,527
classes/cl_ara_core_Result_void_E_c9d1e9.html,SWS_CORE_00857,content/ai/classes/cl_ara_core_Result_void_E_c9d1e9/rec_SWS_CORE_00857_07.html,Verwendung KI-generiert / AI generated,526
classes/cl_ara_core_Result_void_E_c9d1e9.html,SWS_CORE_00858,content/ai/classes/cl_ara_core_Result_void_E_c9d1e9/rec_SWS_CORE_00858_08.html,Verwendung KI-generiert / AI generated,532
classes/cl_ara_core_Result_void_E_c9d1e9.html,SWS_CORE_00876,content/ai/classes/cl_ara_core_Result_void_E_c9d1e9/rec_SWS_CORE_00876_09.html,Verwendung KI-generiert / AI generated,504
classes/cl_ara_core_Result_void_E_c9d1e9.html,SWS_CORE_00863,content/ai/classes/cl_ara_core_Result_void_E_c9d1e9/rec_SWS_CORE_00863_10.html,Verwendung KI-generiert / AI generated,593
classes/cl_ara_core_Result_void_E_c9d1e9.html,SWS_CORE_00864,content/ai/classes/cl_ara_core_Result_void_E_c9d1e9/rec_SWS_CORE_00864_11.html,Verwendung KI-generiert / AI generated,564
classes/cl_ara_core_Result_void_E_c9d1e9.html,SWS_CORE_00834,content/ai/classes/cl_ara_core_Result_void_E_c9d1e9/rec_SWS_CORE_00834_12.html,Verwendung KI-generiert / AI generated,543
classes/cl_ara_core_Result_void_E_c9d1e9.html,SWS_CORE_00835,content/ai/classes/cl_ara_core_Result_void_E_c9d1e9/rec_SWS_CORE_00835_13.html,Verwendung KI-generiert / AI generated,487
classes/cl_ara_core_Result_void_E_c9d1e9.html,SWS_CORE_00836,content/ai/classes/cl_ara_core_Result_void_E_c9d1e9/rec_SWS_CORE_00836_14.html,Verwendung KI-generiert / AI generated,650
classes/cl_ara_core_Result_void_E_c9d1e9.html,SWS_CORE_00831,content/ai/classes/cl_ara_core_Result_void_E_c9d1e9/rec_SWS_CORE_00831_15.html,Verwendung KI-generiert / AI generated,495
classes/cl_ara_core_Result_void_E_c9d1e9.html,SWS_CORE_00851,content/ai/classes/cl_ara_core_Result_void_E_c9d1e9/rec_SWS_CORE_00851_16.html,Verwendung KI-generiert / AI generated,477
classes/cl_ara_core_Result_void_E_c9d1e9.html,SWS_CORE_00867,content/ai/classes/cl_ara_core_Result_void_E_c9d1e9/rec_SWS_CORE_00867_17.html,Verwendung KI-generiert / AI generated,641
classes/cl_ara_core_Result_void_E_c9d1e9.html,SWS_CORE_00821,content/ai/classes/cl_ara_core_Result_void_E_c9d1e9/rec_SWS_CORE_00821_18.html,Verwendung KI-generiert / AI generated,452
classes/cl_ara_core_Result_void_E_c9d1e9.html,SWS_CORE_00823,content/ai/classes/cl_ara_core_Result_void_E_c9d1e9/rec_SWS_CORE_00823_19.html,Verwendung KI-generiert / AI generated,532
classes/cl_ara_core_Result_void_E_c9d1e9.html,SWS_CORE_00824,content/ai/classes/cl_ara_core_Result_void_E_c9d1e9/rec_SWS_CORE_00824_20.html,Verwendung KI-generiert / AI generated,457
classes/cl_ara_core_Result_void_E_c9d1e9.html,SWS_CORE_00825,content/ai/classes/cl_ara_core_Result_void_E_c9d1e9/rec_SWS_CORE_00825_21.html,Verwendung KI-generiert / AI generated,438
classes/cl_ara_core_Result_void_E_c9d1e9.html,SWS_CORE_00826,content/ai/classes/cl_ara_core_Result_void_E_c9d1e9/rec_SWS_CORE_00826_22.html,Verwendung KI-generiert / AI generated,463
classes/cl_ara_core_Result_void_E_c9d1e9.html,SWS_CORE_00845,content/ai/classes/cl_ara_core_Result_void_E_c9d1e9/rec_SWS_CORE_00845_23.html,Verwendung KI-generiert / AI generated,473
classes/cl_ara_core_Result_void_E_c9d1e9.html,SWS_CORE_00855,content/ai/classes/cl_ara_core_Result_void_E_c9d1e9/rec_SWS_CORE_00855_24.html,Verwendung KI-generiert / AI generated,575
classes/cl_ara_core_Result_void_E_c9d1e9.html,SWS_CORE_00861,content/ai/classes/cl_ara_core_Result_void_E_c9d1e9/rec_SWS_CORE_00861_25.html,Verwendung KI-generiert / AI generated,530
classes/cl_ara_core_Result_void_E_c9d1e9.html,SWS_CORE_00866,content/ai/classes/cl_ara_core_Result_void_E_c9d1e9/rec_SWS_CORE_00866_26.html,Verwendung KI-generiert / AI generated,580
classes/cl_ara_core_Result_void_E_c9d1e9.html,SWS_CORE_00852,content/ai/classes/cl_ara_core_Result_void_E_c9d1e9/rec_SWS_CORE_00852_27.html,Verwendung KI-generiert / AI generated,435
classes/cl_ara_core_Result_void_E_c9d1e9.html,SWS_CORE_00853,content/ai/classes/cl_ara_core_Result_void_E_c9d1e9/rec_SWS_CORE_00853_28.html,Verwendung KI-generiert / AI generated,553
classes/cl_ara_core_Result_void_E_c9d1e9.html,SWS_CORE_00841,content/ai/classes/cl_ara_core_Result_void_E_c9d1e9/rec_SWS_CORE_00841_29.html,Verwendung KI-generiert / AI generated,510
classes/cl_ara_core_Result_void_E_c9d1e9.html,SWS_CORE_00842,content/ai/classes/cl_ara_core_Result_void_E_c9d1e9/rec_SWS_CORE_00842_30.html,Verwendung KI-generiert / AI generated,475
classes/cl_ara_core_Result_void_E_c9d1e9.html,SWS_CORE_00827,content/ai/classes/cl_ara_core_Result_void_E_c9d1e9/rec_SWS_CORE_00827_31.html,Verwendung KI-generiert / AI generated,455
classes/cl_ara_core_Result_void_E_c9d1e9.html,SWS_CORE_00865,content/ai/classes/cl_ara_core_Result_void_E_c9d1e9/rec_SWS_CORE_00865_32.html,Verwendung KI-generiert / AI generated,571
classes/cl_ara_core_Span_f16d72.html,(Seite),content/ai/classes/cl_ara_core_Span_f16d72/main_01.html,Verwendungszweck,2497
classes/cl_ara_core_Span_f16d72.html,SWS_CORE_01941,content/ai/classes/cl_ara_core_Span_f16d72/rec_SWS_CORE_01941_02.html,Technische Einordnung KI-generiert / AI generated,488
classes/cl_ara_core_Span_f16d72.html,SWS_CORE_01942,content/ai/classes/cl_ara_core_Span_f16d72/rec_SWS_CORE_01942_03.html,Technische Einordnung KI-generiert / AI generated,488
classes/cl_ara_core_Span_f16d72.html,SWS_CORE_01943,content/ai/classes/cl_ara_core_Span_f16d72/rec_SWS_CORE_01943_04.html,Technische Einordnung KI-generiert / AI generated,488
classes/cl_ara_core_Span_f16d72.html,SWS_CORE_01944,content/ai/classes/cl_ara_core_Span_f16d72/rec_SWS_CORE_01944_05.html,Technische Einordnung KI-generiert / AI generated,488
classes/cl_ara_core_Span_f16d72.html,SWS_CORE_01945,content/ai/classes/cl_ara_core_Span_f16d72/rec_SWS_CORE_01945_06.html,Technische Einordnung KI-generiert / AI generated,488
classes/cl_ara_core_Span_f16d72.html,SWS_CORE_01946,content/ai/classes/cl_ara_core_Span_f16d72/rec_SWS_CORE_01946_07.html,Technische Einordnung KI-generiert / AI generated,488
classes/cl_ara_core_Span_f16d72.html,SWS_CORE_01947,content/ai/classes/cl_ara_core_Span_f16d72/rec_SWS_CORE_01947_08.html,Technische Einordnung KI-generiert / AI generated,488
classes/cl_ara_core_Span_f16d72.html,SWS_CORE_01948,content/ai/classes/cl_ara_core_Span_f16d72/rec_SWS_CORE_01948_09.html,Technische Einordnung KI-generiert / AI generated,488
classes/cl_ara_core_Span_f16d72.html,SWS_CORE_01949,content/ai/classes/cl_ara_core_Span_f16d72/rec_SWS_CORE_01949_10.html,Technische Einordnung KI-generiert / AI generated,488
classes/cl_ara_core_Span_f16d72.html,SWS_CORE_01950,content/ai/classes/cl_ara_core_Span_f16d72/rec_SWS_CORE_01950_11.html,Technische Einordnung KI-generiert / AI generated,488
classes/cl_ara_core_Span_f16d72.html,SWS_CORE_01960,content/ai/classes/cl_ara_core_Span_f16d72/rec_SWS_CORE_01960_12.html,Technische Einordnung KI-generiert / AI generated,460
classes/cl_ara_core_Span_f16d72.html,SWS_CORE_01972,content/ai/classes/cl_ara_core_Span_f16d72/rec_SWS_CORE_01972_13.html,Technische Einordnung KI-generiert / AI generated,461
classes/cl_ara_core_Span_f16d72.html,SWS_CORE_01974,content/ai/classes/cl_ara_core_Span_f16d72/rec_SWS_CORE_01974_14.html,Technische Einordnung KI-generiert / AI generated,462
classes/cl_ara_core_Span_f16d72.html,SWS_CORE_01975,content/ai/classes/cl_ara_core_Span_f16d72/rec_SWS_CORE_01975_15.html,Technische Einordnung KI-generiert / AI generated,460
classes/cl_ara_core_Span_f16d72.html,SWS_CORE_01978,content/ai/classes/cl_ara_core_Span_f16d72/rec_SWS_CORE_01978_16.html,Technische Einordnung KI-generiert / AI generated,463
classes/cl_ara_core_Span_f16d72.html,SWS_CORE_01979,content/ai/classes/cl_ara_core_Span_f16d72/rec_SWS_CORE_01979_17.html,Technische Einordnung KI-generiert / AI generated,461
classes/cl_ara_core_Span_f16d72.html,SWS_CORE_01971,content/ai/classes/cl_ara_core_Span_f16d72/rec_SWS_CORE_01971_18.html,Technische Einordnung KI-generiert / AI generated,460
classes/cl_ara_core_Span_f16d72.html,SWS_CORE_01969,content/ai/classes/cl_ara_core_Span_f16d72/rec_SWS_CORE_01969_19.html,Technische Einordnung KI-generiert / AI generated,461
classes/cl_ara_core_Span_f16d72.html,SWS_CORE_01973,content/ai/classes/cl_ara_core_Span_f16d72/rec_SWS_CORE_01973_20.html,Technische Einordnung KI-generiert / AI generated,459
classes/cl_ara_core_Span_f16d72.html,SWS_CORE_01961,content/ai/classes/cl_ara_core_Span_f16d72/rec_SWS_CORE_01961_21.html,Technische Einordnung KI-generiert / AI generated,461
classes/cl_ara_core_Span_f16d72.html,SWS_CORE_01962,content/ai/classes/cl_ara_core_Span_f16d72/rec_SWS_CORE_01962_22.html,Technische Einordnung KI-generiert / AI generated,461
classes/cl_ara_core_Span_f16d72.html,SWS_CORE_01959,content/ai/classes/cl_ara_core_Span_f16d72/rec_SWS_CORE_01959_23.html,Technische Einordnung KI-generiert / AI generated,461
classes/cl_ara_core_Span_f16d72.html,SWS_CORE_01963,content/ai/classes/cl_ara_core_Span_f16d72/rec_SWS_CORE_01963_24.html,Technische Einordnung KI-generiert / AI generated,460
classes/cl_ara_core_Span_f16d72.html,SWS_CORE_01964,content/ai/classes/cl_ara_core_Span_f16d72/rec_SWS_CORE_01964_25.html,Technische Einordnung KI-generiert / AI generated,460
classes/cl_ara_core_Span_f16d72.html,SWS_CORE_01952,content/ai/classes/cl_ara_core_Span_f16d72/rec_SWS_CORE_01952_26.html,Technische Einordnung KI-generiert / AI generated,465
classes/cl_ara_core_Span_f16d72.html,SWS_CORE_01970,content/ai/classes/cl_ara_core_Span_f16d72/rec_SWS_CORE_01970_27.html,Technische Einordnung KI-generiert / AI generated,466
classes/cl_ara_core_Span_f16d72.html,SWS_CORE_01976,content/ai/classes/cl_ara_core_Span_f16d72/rec_SWS_CORE_01976_28.html,Technische Einordnung KI-generiert / AI generated,462
classes/cl_ara_core_Span_f16d72.html,SWS_CORE_01977,content/ai/classes/cl_ara_core_Span_f16d72/rec_SWS_CORE_01977_29.html,Technische Einordnung KI-generiert / AI generated,460
classes/cl_ara_core_Span_f16d72.html,SWS_CORE_01967,content/ai/classes/cl_ara_core_Span_f16d72/rec_SWS_CORE_01967_30.html,Technische Einordnung KI-generiert / AI generated,460
classes/cl_ara_core_Span_f16d72.html,SWS_CORE_01968,content/ai/classes/cl_ara_core_Span_f16d72/rec_SWS_CORE_01968_31.html,Technische Einordnung KI-generiert / AI generated,466
classes/cl_ara_core_Span_f16d72.html,SWS_CORE_01965,content/ai/classes/cl_ara_core_Span_f16d72/rec_SWS_CORE_01965_32.html,Technische Einordnung KI-generiert / AI generated,463
classes/cl_ara_core_Span_f16d72.html,SWS_CORE_01966,content/ai/classes/cl_ara_core_Span_f16d72/rec_SWS_CORE_01966_33.html,Technische Einordnung KI-generiert / AI generated,463
classes/cl_ara_core_Span_f16d72.html,SWS_CORE_01951,content/ai/classes/cl_ara_core_Span_f16d72/rec_SWS_CORE_01951_34.html,Technische Einordnung KI-generiert / AI generated,488
classes/cl_ara_core_Span_f16d72.html,SWS_CORE_01918,content/ai/classes/cl_ara_core_Span_f16d72/rec_SWS_CORE_01918_35.html,Technische Einordnung KI-generiert / AI generated,470
classes/cl_ara_core_Span_f16d72.html,SWS_CORE_01922,content/ai/classes/cl_ara_core_Span_f16d72/rec_SWS_CORE_01922_36.html,Technische Einordnung KI-generiert / AI generated,469
classes/cl_ara_core_Span_f16d72.html,SWS_CORE_01923,content/ai/classes/cl_ara_core_Span_f16d72/rec_SWS_CORE_01923_37.html,Technische Einordnung KI-generiert / AI generated,471
classes/cl_ara_core_Span_f16d72.html,SWS_CORE_01920,content/ai/classes/cl_ara_core_Span_f16d72/rec_SWS_CORE_01920_38.html,Technische Einordnung KI-generiert / AI generated,478
classes/cl_ara_core_Span_f16d72.html,SWS_CORE_01914,content/ai/classes/cl_ara_core_Span_f16d72/rec_SWS_CORE_01914_39.html,Technische Einordnung KI-generiert / AI generated,471
classes/cl_ara_core_Span_f16d72.html,SWS_CORE_01911,content/ai/classes/cl_ara_core_Span_f16d72/rec_SWS_CORE_01911_40.html,Technische Einordnung KI-generiert / AI generated,468
classes/cl_ara_core_Span_f16d72.html,SWS_CORE_01917,content/ai/classes/cl_ara_core_Span_f16d72/rec_SWS_CORE_01917_41.html,Technische Einordnung KI-generiert / AI generated,464
classes/cl_ara_core_Span_f16d72.html,SWS_CORE_01915,content/ai/classes/cl_ara_core_Span_f16d72/rec_SWS_CORE_01915_42.html,Technische Einordnung KI-generiert / AI generated,463
classes/cl_ara_core_Span_f16d72.html,SWS_CORE_01916,content/ai/classes/cl_ara_core_Span_f16d72/rec_SWS_CORE_01916_43.html,Technische Einordnung KI-generiert / AI generated,465
classes/cl_ara_core_Span_f16d72.html,SWS_CORE_01919,content/ai/classes/cl_ara_core_Span_f16d72/rec_SWS_CORE_01919_44.html,Technische Einordnung KI-generiert / AI generated,472
classes/cl_ara_core_Span_f16d72.html,SWS_CORE_01921,content/ai/classes/cl_ara_core_Span_f16d72/rec_SWS_CORE_01921_45.html,Technische Einordnung KI-generiert / AI generated,465
classes/cl_ara_core_Span_f16d72.html,SWS_CORE_01912,content/ai/classes/cl_ara_core_Span_f16d72/rec_SWS_CORE_01912_46.html,Technische Einordnung KI-generiert / AI generated,466
classes/cl_ara_core_Span_f16d72.html,SWS_CORE_01931,content/ai/classes/cl_ara_core_Span_f16d72/rec_SWS_CORE_01931_47.html,Technische Einordnung KI-generiert / AI generated,462
classes/cl_ara_core_SteadyClock_57bda3.html,(Seite),content/ai/classes/cl_ara_core_SteadyClock_57bda3/main_01.html,,778
classes/cl_ara_core_SteadyClock_57bda3.html,SWS_CORE_06432,content/ai/classes/cl_ara_core_SteadyClock_57bda3/rec_SWS_CORE_06432_02.html,Verwendung KI-generiert / AI generated,491
classes/cl_ara_core_StringView_cfeb8f.html,(Seite),content/ai/classes/cl_ara_core_StringView_cfeb8f/main_01.html,Verwendungszweck,2827
classes/cl_ara_core_StringView_cfeb8f.html,SWS_CORE_02112,content/ai/classes/cl_ara_core_StringView_cfeb8f/rec_SWS_CORE_02112_02.html,Technische Einordnung KI-generiert / AI generated,617
classes/cl_ara_core_StringView_cfeb8f.html,SWS_CORE_02113,content/ai/classes/cl_ara_core_StringView_cfeb8f/rec_SWS_CORE_02113_03.html,Technische Einordnung KI-generiert / AI generated,697
classes/cl_ara_core_StringView_cfeb8f.html,SWS_CORE_02114,content/ai/classes/cl_ara_core_StringView_cfeb8f/rec_SWS_CORE_02114_04.html,Technische Einordnung KI-generiert / AI generated,697
classes/cl_ara_core_StringView_cfeb8f.html,SWS_CORE_02115,content/ai/classes/cl_ara_core_StringView_cfeb8f/rec_SWS_CORE_02115_05.html,Technische Einordnung KI-generiert / AI generated,617
classes/cl_ara_core_StringView_cfeb8f.html,SWS_CORE_02133,content/ai/classes/cl_ara_core_StringView_cfeb8f/rec_SWS_CORE_02133_06.html,Technische Einordnung KI-generiert / AI generated,1021
classes/cl_ara_core_StringView_cfeb8f.html,SWS_CORE_02135,content/ai/classes/cl_ara_core_StringView_cfeb8f/rec_SWS_CORE_02135_07.html,Technische Einordnung KI-generiert / AI generated,669
classes/cl_ara_core_StringView_cfeb8f.html,SWS_CORE_02120,content/ai/classes/cl_ara_core_StringView_cfeb8f/rec_SWS_CORE_02120_08.html,Technische Einordnung KI-generiert / AI generated,590
classes/cl_ara_core_StringView_cfeb8f.html,SWS_CORE_02122,content/ai/classes/cl_ara_core_StringView_cfeb8f/rec_SWS_CORE_02122_09.html,Technische Einordnung KI-generiert / AI generated,591
classes/cl_ara_core_StringView_cfeb8f.html,SWS_CORE_02123,content/ai/classes/cl_ara_core_StringView_cfeb8f/rec_SWS_CORE_02123_10.html,Technische Einordnung KI-generiert / AI generated,589
classes/cl_ara_core_StringView_cfeb8f.html,SWS_CORE_02142,content/ai/classes/cl_ara_core_StringView_cfeb8f/rec_SWS_CORE_02142_11.html,Technische Einordnung KI-generiert / AI generated,592
classes/cl_ara_core_StringView_cfeb8f.html,SWS_CORE_02143,content/ai/classes/cl_ara_core_StringView_cfeb8f/rec_SWS_CORE_02143_12.html,Technische Einordnung KI-generiert / AI generated,1026
classes/cl_ara_core_StringView_cfeb8f.html,SWS_CORE_02144,content/ai/classes/cl_ara_core_StringView_cfeb8f/rec_SWS_CORE_02144_13.html,Technische Einordnung KI-generiert / AI generated,1046
classes/cl_ara_core_StringView_cfeb8f.html,SWS_CORE_02145,content/ai/classes/cl_ara_core_StringView_cfeb8f/rec_SWS_CORE_02145_14.html,Technische Einordnung KI-generiert / AI generated,672
classes/cl_ara_core_StringView_cfeb8f.html,SWS_CORE_02146,content/ai/classes/cl_ara_core_StringView_cfeb8f/rec_SWS_CORE_02146_15.html,Technische Einordnung KI-generiert / AI generated,1026
classes/cl_ara_core_StringView_cfeb8f.html,SWS_CORE_02147,content/ai/classes/cl_ara_core_StringView_cfeb8f/rec_SWS_CORE_02147_16.html,Technische Einordnung KI-generiert / AI generated,1026
classes/cl_ara_core_StringView_cfeb8f.html,SWS_CORE_02154,content/ai/classes/cl_ara_core_StringView_cfeb8f/rec_SWS_CORE_02154_17.html,Technische Einordnung KI-generiert / AI generated,593
classes/cl_ara_core_StringView_cfeb8f.html,SWS_CORE_02155,content/ai/classes/cl_ara_core_StringView_cfeb8f/rec_SWS_CORE_02155_18.html,Technische Einordnung KI-generiert / AI generated,593
classes/cl_ara_core_StringView_cfeb8f.html,SWS_CORE_02156,content/ai/classes/cl_ara_core_StringView_cfeb8f/rec_SWS_CORE_02156_19.html,Technische Einordnung KI-generiert / AI generated,673
classes/cl_ara_core_StringView_cfeb8f.html,SWS_CORE_02140,content/ai/classes/cl_ara_core_StringView_cfeb8f/rec_SWS_CORE_02140_20.html,Technische Einordnung KI-generiert / AI generated,1022
classes/cl_ara_core_StringView_cfeb8f.html,SWS_CORE_02126,content/ai/classes/cl_ara_core_StringView_cfeb8f/rec_SWS_CORE_02126_21.html,Technische Einordnung KI-generiert / AI generated,592
classes/cl_ara_core_StringView_cfeb8f.html,SWS_CORE_02127,content/ai/classes/cl_ara_core_StringView_cfeb8f/rec_SWS_CORE_02127_22.html,Technische Einordnung KI-generiert / AI generated,590
classes/cl_ara_core_StringView_cfeb8f.html,SWS_CORE_02136,content/ai/classes/cl_ara_core_StringView_cfeb8f/rec_SWS_CORE_02136_23.html,Technische Einordnung KI-generiert / AI generated,589
classes/cl_ara_core_StringView_cfeb8f.html,SWS_CORE_02131,content/ai/classes/cl_ara_core_StringView_cfeb8f/rec_SWS_CORE_02131_24.html,Technische Einordnung KI-generiert / AI generated,590
classes/cl_ara_core_StringView_cfeb8f.html,SWS_CORE_02121,content/ai/classes/cl_ara_core_StringView_cfeb8f/rec_SWS_CORE_02121_25.html,Technische Einordnung KI-generiert / AI generated,588
classes/cl_ara_core_StringView_cfeb8f.html,SWS_CORE_02151,content/ai/classes/cl_ara_core_StringView_cfeb8f/rec_SWS_CORE_02151_26.html,Technische Einordnung KI-generiert / AI generated,594
classes/cl_ara_core_StringView_cfeb8f.html,SWS_CORE_02152,content/ai/classes/cl_ara_core_StringView_cfeb8f/rec_SWS_CORE_02152_27.html,Technische Einordnung KI-generiert / AI generated,594
classes/cl_ara_core_StringView_cfeb8f.html,SWS_CORE_02153,content/ai/classes/cl_ara_core_StringView_cfeb8f/rec_SWS_CORE_02153_28.html,Technische Einordnung KI-generiert / AI generated,594
classes/cl_ara_core_StringView_cfeb8f.html,SWS_CORE_02157,content/ai/classes/cl_ara_core_StringView_cfeb8f/rec_SWS_CORE_02157_29.html,Technische Einordnung KI-generiert / AI generated,589
classes/cl_ara_core_StringView_cfeb8f.html,SWS_CORE_02158,content/ai/classes/cl_ara_core_StringView_cfeb8f/rec_SWS_CORE_02158_30.html,Technische Einordnung KI-generiert / AI generated,589
classes/cl_ara_core_StringView_cfeb8f.html,SWS_CORE_02159,content/ai/classes/cl_ara_core_StringView_cfeb8f/rec_SWS_CORE_02159_31.html,Technische Einordnung KI-generiert / AI generated,669
classes/cl_ara_core_StringView_cfeb8f.html,SWS_CORE_02160,content/ai/classes/cl_ara_core_StringView_cfeb8f/rec_SWS_CORE_02160_32.html,Technische Einordnung KI-generiert / AI generated,669
classes/cl_ara_core_StringView_cfeb8f.html,SWS_CORE_02173,content/ai/classes/cl_ara_core_StringView_cfeb8f/rec_SWS_CORE_02173_33.html,Technische Einordnung KI-generiert / AI generated,602
classes/cl_ara_core_StringView_cfeb8f.html,SWS_CORE_02174,content/ai/classes/cl_ara_core_StringView_cfeb8f/rec_SWS_CORE_02174_34.html,Technische Einordnung KI-generiert / AI generated,602
classes/cl_ara_core_StringView_cfeb8f.html,SWS_CORE_02175,content/ai/classes/cl_ara_core_StringView_cfeb8f/rec_SWS_CORE_02175_35.html,Technische Einordnung KI-generiert / AI generated,682
classes/cl_ara_core_StringView_cfeb8f.html,SWS_CORE_02176,content/ai/classes/cl_ara_core_StringView_cfeb8f/rec_SWS_CORE_02176_36.html,Technische Einordnung KI-generiert / AI generated,682
classes/cl_ara_core_StringView_cfeb8f.html,SWS_CORE_02165,content/ai/classes/cl_ara_core_StringView_cfeb8f/rec_SWS_CORE_02165_37.html,Technische Einordnung KI-generiert / AI generated,598
classes/cl_ara_core_StringView_cfeb8f.html,SWS_CORE_02166,content/ai/classes/cl_ara_core_StringView_cfeb8f/rec_SWS_CORE_02166_38.html,Technische Einordnung KI-generiert / AI generated,598
classes/cl_ara_core_StringView_cfeb8f.html,SWS_CORE_02167,content/ai/classes/cl_ara_core_StringView_cfeb8f/rec_SWS_CORE_02167_39.html,Technische Einordnung KI-generiert / AI generated,678
classes/cl_ara_core_StringView_cfeb8f.html,SWS_CORE_02168,content/ai/classes/cl_ara_core_StringView_cfeb8f/rec_SWS_CORE_02168_40.html,Technische Einordnung KI-generiert / AI generated,678
classes/cl_ara_core_StringView_cfeb8f.html,SWS_CORE_02177,content/ai/classes/cl_ara_core_StringView_cfeb8f/rec_SWS_CORE_02177_41.html,Technische Einordnung KI-generiert / AI generated,601
classes/cl_ara_core_StringView_cfeb8f.html,SWS_CORE_02178,content/ai/classes/cl_ara_core_StringView_cfeb8f/rec_SWS_CORE_02178_42.html,Technische Einordnung KI-generiert / AI generated,601
classes/cl_ara_core_StringView_cfeb8f.html,SWS_CORE_02179,content/ai/classes/cl_ara_core_StringView_cfeb8f/rec_SWS_CORE_02179_43.html,Technische Einordnung KI-generiert / AI generated,681
classes/cl_ara_core_StringView_cfeb8f.html,SWS_CORE_02180,content/ai/classes/cl_ara_core_StringView_cfeb8f/rec_SWS_CORE_02180_44.html,Technische Einordnung KI-generiert / AI generated,681
classes/cl_ara_core_StringView_cfeb8f.html,SWS_CORE_02169,content/ai/classes/cl_ara_core_StringView_cfeb8f/rec_SWS_CORE_02169_45.html,Technische Einordnung KI-generiert / AI generated,597
classes/cl_ara_core_StringView_cfeb8f.html,SWS_CORE_02170,content/ai/classes/cl_ara_core_StringView_cfeb8f/rec_SWS_CORE_02170_46.html,Technische Einordnung KI-generiert / AI generated,597
classes/cl_ara_core_StringView_cfeb8f.html,SWS_CORE_02171,content/ai/classes/cl_ara_core_StringView_cfeb8f/rec_SWS_CORE_02171_47.html,Technische Einordnung KI-generiert / AI generated,677
classes/cl_ara_core_StringView_cfeb8f.html,SWS_CORE_02172,content/ai/classes/cl_ara_core_StringView_cfeb8f/rec_SWS_CORE_02172_48.html,Technische Einordnung KI-generiert / AI generated,677
classes/cl_ara_core_StringView_cfeb8f.html,SWS_CORE_02134,content/ai/classes/cl_ara_core_StringView_cfeb8f/rec_SWS_CORE_02134_49.html,Technische Einordnung KI-generiert / AI generated,670
classes/cl_ara_core_StringView_cfeb8f.html,SWS_CORE_02129,content/ai/classes/cl_ara_core_StringView_cfeb8f/rec_SWS_CORE_02129_50.html,Technische Einordnung KI-generiert / AI generated,591
classes/cl_ara_core_StringView_cfeb8f.html,SWS_CORE_02130,content/ai/classes/cl_ara_core_StringView_cfeb8f/rec_SWS_CORE_02130_51.html,Technische Einordnung KI-generiert / AI generated,593
classes/cl_ara_core_StringView_cfeb8f.html,SWS_CORE_02116,content/ai/classes/cl_ara_core_StringView_cfeb8f/rec_SWS_CORE_02116_52.html,Technische Einordnung KI-generiert / AI generated,594
classes/cl_ara_core_StringView_cfeb8f.html,SWS_CORE_02132,content/ai/classes/cl_ara_core_StringView_cfeb8f/rec_SWS_CORE_02132_53.html,Technische Einordnung KI-generiert / AI generated,675
classes/cl_ara_core_StringView_cfeb8f.html,SWS_CORE_02124,content/ai/classes/cl_ara_core_StringView_cfeb8f/rec_SWS_CORE_02124_54.html,Technische Einordnung KI-generiert / AI generated,591
classes/cl_ara_core_StringView_cfeb8f.html,SWS_CORE_02137,content/ai/classes/cl_ara_core_StringView_cfeb8f/rec_SWS_CORE_02137_55.html,Technische Einordnung KI-generiert / AI generated,678
classes/cl_ara_core_StringView_cfeb8f.html,SWS_CORE_02138,content/ai/classes/cl_ara_core_StringView_cfeb8f/rec_SWS_CORE_02138_56.html,Technische Einordnung KI-generiert / AI generated,678
classes/cl_ara_core_StringView_cfeb8f.html,SWS_CORE_02125,content/ai/classes/cl_ara_core_StringView_cfeb8f/rec_SWS_CORE_02125_57.html,Technische Einordnung KI-generiert / AI generated,589
classes/cl_ara_core_StringView_cfeb8f.html,SWS_CORE_02161,content/ai/classes/cl_ara_core_StringView_cfeb8f/rec_SWS_CORE_02161_58.html,Technische Einordnung KI-generiert / AI generated,590
classes/cl_ara_core_StringView_cfeb8f.html,SWS_CORE_02162,content/ai/classes/cl_ara_core_StringView_cfeb8f/rec_SWS_CORE_02162_59.html,Technische Einordnung KI-generiert / AI generated,590
classes/cl_ara_core_StringView_cfeb8f.html,SWS_CORE_02163,content/ai/classes/cl_ara_core_StringView_cfeb8f/rec_SWS_CORE_02163_60.html,Technische Einordnung KI-generiert / AI generated,670
classes/cl_ara_core_StringView_cfeb8f.html,SWS_CORE_02164,content/ai/classes/cl_ara_core_StringView_cfeb8f/rec_SWS_CORE_02164_61.html,Technische Einordnung KI-generiert / AI generated,670
classes/cl_ara_core_StringView_cfeb8f.html,SWS_CORE_02128,content/ai/classes/cl_ara_core_StringView_cfeb8f/rec_SWS_CORE_02128_62.html,Technische Einordnung KI-generiert / AI generated,589
classes/cl_ara_core_StringView_cfeb8f.html,SWS_CORE_02148,content/ai/classes/cl_ara_core_StringView_cfeb8f/rec_SWS_CORE_02148_63.html,Technische Einordnung KI-generiert / AI generated,596
classes/cl_ara_core_StringView_cfeb8f.html,SWS_CORE_02149,content/ai/classes/cl_ara_core_StringView_cfeb8f/rec_SWS_CORE_02149_64.html,Technische Einordnung KI-generiert / AI generated,596
classes/cl_ara_core_StringView_cfeb8f.html,SWS_CORE_02150,content/ai/classes/cl_ara_core_StringView_cfeb8f/rec_SWS_CORE_02150_65.html,Technische Einordnung KI-generiert / AI generated,596
classes/cl_ara_core_StringView_cfeb8f.html,SWS_CORE_02141,content/ai/classes/cl_ara_core_StringView_cfeb8f/rec_SWS_CORE_02141_66.html,Technische Einordnung KI-generiert / AI generated,940
classes/cl_ara_core_StringView_cfeb8f.html,SWS_CORE_02139,content/ai/classes/cl_ara_core_StringView_cfeb8f/rec_SWS_CORE_02139_67.html,Technische Einordnung KI-generiert / AI generated,669
classes/cl_ara_core_StringView_cfeb8f.html,SWS_CORE_02105,content/ai/classes/cl_ara_core_StringView_cfeb8f/rec_SWS_CORE_02105_68.html,Technische Einordnung KI-generiert / AI generated,599
classes/cl_ara_core_StringView_cfeb8f.html,SWS_CORE_02102,content/ai/classes/cl_ara_core_StringView_cfeb8f/rec_SWS_CORE_02102_69.html,Technische Einordnung KI-generiert / AI generated,645
classes/cl_ara_core_StringView_cfeb8f.html,SWS_CORE_02104,content/ai/classes/cl_ara_core_StringView_cfeb8f/rec_SWS_CORE_02104_70.html,Technische Einordnung KI-generiert / AI generated,649
classes/cl_ara_core_StringView_cfeb8f.html,SWS_CORE_02107,content/ai/classes/cl_ara_core_StringView_cfeb8f/rec_SWS_CORE_02107_71.html,Technische Einordnung KI-generiert / AI generated,607
classes/cl_ara_core_StringView_cfeb8f.html,SWS_CORE_02110,content/ai/classes/cl_ara_core_StringView_cfeb8f/rec_SWS_CORE_02110_72.html,Technische Einordnung KI-generiert / AI generated,600
classes/cl_ara_core_StringView_cfeb8f.html,SWS_CORE_02106,content/ai/classes/cl_ara_core_StringView_cfeb8f/rec_SWS_CORE_02106_73.html,Technische Einordnung KI-generiert / AI generated,593
classes/cl_ara_core_StringView_cfeb8f.html,SWS_CORE_02101,content/ai/classes/cl_ara_core_StringView_cfeb8f/rec_SWS_CORE_02101_74.html,Technische Einordnung KI-generiert / AI generated,639
classes/cl_ara_core_StringView_cfeb8f.html,SWS_CORE_02103,content/ai/classes/cl_ara_core_StringView_cfeb8f/rec_SWS_CORE_02103_75.html,Technische Einordnung KI-generiert / AI generated,643
classes/cl_ara_core_StringView_cfeb8f.html,SWS_CORE_02108,content/ai/classes/cl_ara_core_StringView_cfeb8f/rec_SWS_CORE_02108_76.html,Technische Einordnung KI-generiert / AI generated,601
classes/cl_ara_core_StringView_cfeb8f.html,SWS_CORE_02109,content/ai/classes/cl_ara_core_StringView_cfeb8f/rec_SWS_CORE_02109_77.html,Technische Einordnung KI-generiert / AI generated,594
classes/cl_ara_core_StringView_cfeb8f.html,SWS_CORE_02100,content/ai/classes/cl_ara_core_StringView_cfeb8f/rec_SWS_CORE_02100_78.html,Technische Einordnung KI-generiert / AI generated,628
classes/cl_ara_core_StringView_cfeb8f.html,SWS_CORE_02111,content/ai/classes/cl_ara_core_StringView_cfeb8f/rec_SWS_CORE_02111_79.html,Technische Einordnung KI-generiert / AI generated,589
classes/cl_ara_core_SynchronizedPoolResource_dbddce.html,(Seite),content/ai/classes/cl_ara_core_SynchronizedPoolResource_dbddce/main_01.html,Verwendungszweck,1850
classes/cl_ara_core_SynchronizedPoolResource_dbddce.html,SWS_CORE_00030,content/ai/classes/cl_ara_core_SynchronizedPoolResource_dbddce/rec_SWS_CORE_00030_02.html,Technische Einordnung KI-generiert / AI generated,544
classes/cl_ara_core_SynchronizedPoolResource_dbddce.html,SWS_CORE_00031,content/ai/classes/cl_ara_core_SynchronizedPoolResource_dbddce/rec_SWS_CORE_00031_03.html,Technische Einordnung KI-generiert / AI generated,544
classes/cl_ara_core_SynchronizedPoolResource_dbddce.html,SWS_CORE_00032,content/ai/classes/cl_ara_core_SynchronizedPoolResource_dbddce/rec_SWS_CORE_00032_04.html,Technische Einordnung KI-generiert / AI generated,544
classes/cl_ara_core_SynchronizedPoolResource_dbddce.html,SWS_CORE_00033,content/ai/classes/cl_ara_core_SynchronizedPoolResource_dbddce/rec_SWS_CORE_00033_05.html,Technische Einordnung KI-generiert / AI generated,544
classes/cl_ara_core_SynchronizedPoolResource_dbddce.html,SWS_CORE_00034,content/ai/classes/cl_ara_core_SynchronizedPoolResource_dbddce/rec_SWS_CORE_00034_06.html,Technische Einordnung KI-generiert / AI generated,544
classes/cl_ara_core_SynchronizedPoolResource_dbddce.html,SWS_CORE_00061,content/ai/classes/cl_ara_core_SynchronizedPoolResource_dbddce/rec_SWS_CORE_00061_07.html,Technische Einordnung KI-generiert / AI generated,696
classes/cl_ara_core_SynchronizedPoolResource_dbddce.html,SWS_CORE_00041,content/ai/classes/cl_ara_core_SynchronizedPoolResource_dbddce/rec_SWS_CORE_00041_08.html,Technische Einordnung KI-generiert / AI generated,686
classes/cl_ara_core_SynchronizedPoolResource_dbddce.html,SWS_CORE_00042,content/ai/classes/cl_ara_core_SynchronizedPoolResource_dbddce/rec_SWS_CORE_00042_09.html,Technische Einordnung KI-generiert / AI generated,523
classes/cl_ara_core_SynchronizedPoolResource_dbddce.html,SWS_CORE_00036,content/ai/classes/cl_ara_core_SynchronizedPoolResource_dbddce/rec_SWS_CORE_00036_10.html,Technische Einordnung KI-generiert / AI generated,521
classes/cl_ara_core_SynchronizedPoolResource_dbddce.html,SWS_CORE_00039,content/ai/classes/cl_ara_core_SynchronizedPoolResource_dbddce/rec_SWS_CORE_00039_11.html,Technische Einordnung KI-generiert / AI generated,519
classes/cl_ara_core_SynchronizedPoolResource_dbddce.html,SWS_CORE_00037,content/ai/classes/cl_ara_core_SynchronizedPoolResource_dbddce/rec_SWS_CORE_00037_12.html,Technische Einordnung KI-generiert / AI generated,519
classes/cl_ara_core_SynchronizedPoolResource_dbddce.html,SWS_CORE_00038,content/ai/classes/cl_ara_core_SynchronizedPoolResource_dbddce/rec_SWS_CORE_00038_13.html,Technische Einordnung KI-generiert / AI generated,529
classes/cl_ara_core_SynchronizedPoolResource_dbddce.html,SWS_CORE_00035,content/ai/classes/cl_ara_core_SynchronizedPoolResource_dbddce/rec_SWS_CORE_00035_14.html,Technische Einordnung KI-generiert / AI generated,571
classes/cl_ara_core_UnsynchronizedPoolResource_652373.html,(Seite),content/ai/classes/cl_ara_core_UnsynchronizedPoolResource_652373/main_01.html,Verwendungszweck,1686
classes/cl_ara_core_UnsynchronizedPoolResource_652373.html,SWS_CORE_00046,content/ai/classes/cl_ara_core_UnsynchronizedPoolResource_652373/rec_SWS_CORE_00046_02.html,Technische Einordnung KI-generiert / AI generated,548
classes/cl_ara_core_UnsynchronizedPoolResource_652373.html,SWS_CORE_00047,content/ai/classes/cl_ara_core_UnsynchronizedPoolResource_652373/rec_SWS_CORE_00047_03.html,Technische Einordnung KI-generiert / AI generated,525
classes/cl_ara_core_UnsynchronizedPoolResource_652373.html,SWS_CORE_00056,content/ai/classes/cl_ara_core_UnsynchronizedPoolResource_652373/rec_SWS_CORE_00056_04.html,Technische Einordnung KI-generiert / AI generated,533
classes/cl_ara_core_UnsynchronizedPoolResource_652373.html,SWS_CORE_00057,content/ai/classes/cl_ara_core_UnsynchronizedPoolResource_652373/rec_SWS_CORE_00057_05.html,Technische Einordnung KI-generiert / AI generated,523
classes/cl_ara_core_UnsynchronizedPoolResource_652373.html,SWS_CORE_00058,content/ai/classes/cl_ara_core_UnsynchronizedPoolResource_652373/rec_SWS_CORE_00058_06.html,Technische Einordnung KI-generiert / AI generated,700
classes/cl_ara_core_UnsynchronizedPoolResource_652373.html,SWS_CORE_00059,content/ai/classes/cl_ara_core_UnsynchronizedPoolResource_652373/rec_SWS_CORE_00059_07.html,Technische Einordnung KI-generiert / AI generated,690
classes/cl_ara_core_UnsynchronizedPoolResource_652373.html,SWS_CORE_00060,content/ai/classes/cl_ara_core_UnsynchronizedPoolResource_652373/rec_SWS_CORE_00060_08.html,Technische Einordnung KI-generiert / AI generated,527
classes/cl_ara_core_UnsynchronizedPoolResource_652373.html,SWS_CORE_00062,content/ai/classes/cl_ara_core_UnsynchronizedPoolResource_652373/rec_SWS_CORE_00062_09.html,Technische Einordnung KI-generiert / AI generated,575
classes/cl_ara_core_UnsynchronizedPoolResource_652373.html,SWS_CORE_00063,content/ai/classes/cl_ara_core_UnsynchronizedPoolResource_652373/rec_SWS_CORE_00063_10.html,Technische Einordnung KI-generiert / AI generated,548
classes/cl_ara_core_UnsynchronizedPoolResource_652373.html,SWS_CORE_00064,content/ai/classes/cl_ara_core_UnsynchronizedPoolResource_652373/rec_SWS_CORE_00064_11.html,Technische Einordnung KI-generiert / AI generated,548
classes/cl_ara_core_UnsynchronizedPoolResource_652373.html,SWS_CORE_00065,content/ai/classes/cl_ara_core_UnsynchronizedPoolResource_652373/rec_SWS_CORE_00065_12.html,Technische Einordnung KI-generiert / AI generated,523
classes/cl_ara_core_UnsynchronizedPoolResource_652373.html,SWS_CORE_00067,content/ai/classes/cl_ara_core_UnsynchronizedPoolResource_652373/rec_SWS_CORE_00067_13.html,Technische Einordnung KI-generiert / AI generated,548
classes/cl_ara_core_UnsynchronizedPoolResource_652373.html,SWS_CORE_00068,content/ai/classes/cl_ara_core_UnsynchronizedPoolResource_652373/rec_SWS_CORE_00068_14.html,Technische Einordnung KI-generiert / AI generated,548
classes/cl_ara_core_Variant_70f719.html,(Seite),content/ai/classes/cl_ara_core_Variant_70f719/main_01.html,Verwendungszweck,1969
classes/cl_ara_core_Variant_70f719.html,SWS_CORE_01649,content/ai/classes/cl_ara_core_Variant_70f719/rec_SWS_CORE_01649_02.html,Technische Einordnung KI-generiert / AI generated,593
classes/cl_ara_core_Variant_70f719.html,SWS_CORE_01650,content/ai/classes/cl_ara_core_Variant_70f719/rec_SWS_CORE_01650_03.html,Technische Einordnung KI-generiert / AI generated,624
classes/cl_ara_core_Variant_70f719.html,SWS_CORE_01651,content/ai/classes/cl_ara_core_Variant_70f719/rec_SWS_CORE_01651_04.html,Technische Einordnung KI-generiert / AI generated,593
classes/cl_ara_core_Variant_70f719.html,SWS_CORE_01652,content/ai/classes/cl_ara_core_Variant_70f719/rec_SWS_CORE_01652_05.html,Technische Einordnung KI-generiert / AI generated,593
classes/cl_ara_core_Variant_70f719.html,SWS_CORE_01653,content/ai/classes/cl_ara_core_Variant_70f719/rec_SWS_CORE_01653_06.html,Technische Einordnung KI-generiert / AI generated,624
classes/cl_ara_core_Variant_70f719.html,SWS_CORE_01654,content/ai/classes/cl_ara_core_Variant_70f719/rec_SWS_CORE_01654_07.html,Technische Einordnung KI-generiert / AI generated,624
classes/cl_ara_core_Variant_70f719.html,SWS_CORE_01655,content/ai/classes/cl_ara_core_Variant_70f719/rec_SWS_CORE_01655_08.html,Technische Einordnung KI-generiert / AI generated,624
classes/cl_ara_core_Variant_70f719.html,SWS_CORE_01656,content/ai/classes/cl_ara_core_Variant_70f719/rec_SWS_CORE_01656_09.html,Technische Einordnung KI-generiert / AI generated,624
classes/cl_ara_core_Variant_70f719.html,SWS_CORE_01661,content/ai/classes/cl_ara_core_Variant_70f719/rec_SWS_CORE_01661_10.html,Technische Einordnung KI-generiert / AI generated,599
classes/cl_ara_core_Variant_70f719.html,SWS_CORE_01662,content/ai/classes/cl_ara_core_Variant_70f719/rec_SWS_CORE_01662_11.html,Technische Einordnung KI-generiert / AI generated,599
classes/cl_ara_core_Variant_70f719.html,SWS_CORE_01663,content/ai/classes/cl_ara_core_Variant_70f719/rec_SWS_CORE_01663_12.html,Technische Einordnung KI-generiert / AI generated,599
classes/cl_ara_core_Variant_70f719.html,SWS_CORE_01664,content/ai/classes/cl_ara_core_Variant_70f719/rec_SWS_CORE_01664_13.html,Technische Einordnung KI-generiert / AI generated,599
classes/cl_ara_core_Variant_70f719.html,SWS_CORE_01665,content/ai/classes/cl_ara_core_Variant_70f719/rec_SWS_CORE_01665_14.html,Technische Einordnung KI-generiert / AI generated,566
classes/cl_ara_core_Variant_70f719.html,SWS_CORE_01658,content/ai/classes/cl_ara_core_Variant_70f719/rec_SWS_CORE_01658_15.html,Technische Einordnung KI-generiert / AI generated,601
classes/cl_ara_core_Variant_70f719.html,SWS_CORE_01659,content/ai/classes/cl_ara_core_Variant_70f719/rec_SWS_CORE_01659_16.html,Technische Einordnung KI-generiert / AI generated,570
classes/cl_ara_core_Variant_70f719.html,SWS_CORE_01660,content/ai/classes/cl_ara_core_Variant_70f719/rec_SWS_CORE_01660_17.html,Technische Einordnung KI-generiert / AI generated,570
classes/cl_ara_core_Variant_70f719.html,SWS_CORE_01667,content/ai/classes/cl_ara_core_Variant_70f719/rec_SWS_CORE_01667_18.html,Technische Einordnung KI-generiert / AI generated,625
classes/cl_ara_core_Variant_70f719.html,SWS_CORE_01666,content/ai/classes/cl_ara_core_Variant_70f719/rec_SWS_CORE_01666_19.html,Technische Einordnung KI-generiert / AI generated,583
classes/cl_ara_core_Variant_70f719.html,SWS_CORE_01657,content/ai/classes/cl_ara_core_Variant_70f719/rec_SWS_CORE_01657_20.html,Technische Einordnung KI-generiert / AI generated,624
classes/cl_ara_core_Vector_53b788.html,(Seite),content/ai/classes/cl_ara_core_Vector_53b788/main_01.html,Verwendungszweck,3430
classes/cl_ara_core_Vector_53b788.html,SWS_CORE_01314,content/ai/classes/cl_ara_core_Vector_53b788/rec_SWS_CORE_01314_02.html,Technische Einordnung KI-generiert / AI generated,568
classes/cl_ara_core_Vector_53b788.html,SWS_CORE_01316,content/ai/classes/cl_ara_core_Vector_53b788/rec_SWS_CORE_01316_03.html,Technische Einordnung KI-generiert / AI generated,488
classes/cl_ara_core_Vector_53b788.html,SWS_CORE_01318,content/ai/classes/cl_ara_core_Vector_53b788/rec_SWS_CORE_01318_04.html,Technische Einordnung KI-generiert / AI generated,488
classes/cl_ara_core_Vector_53b788.html,SWS_CORE_01319,content/ai/classes/cl_ara_core_Vector_53b788/rec_SWS_CORE_01319_05.html,Technische Einordnung KI-generiert / AI generated,488
classes/cl_ara_core_Vector_53b788.html,SWS_CORE_01320,content/ai/classes/cl_ara_core_Vector_53b788/rec_SWS_CORE_01320_06.html,Technische Einordnung KI-generiert / AI generated,488
classes/cl_ara_core_Vector_53b788.html,SWS_CORE_01321,content/ai/classes/cl_ara_core_Vector_53b788/rec_SWS_CORE_01321_07.html,Technische Einordnung KI-generiert / AI generated,488
classes/cl_ara_core_Vector_53b788.html,SWS_CORE_01322,content/ai/classes/cl_ara_core_Vector_53b788/rec_SWS_CORE_01322_08.html,Technische Einordnung KI-generiert / AI generated,488
classes/cl_ara_core_Vector_53b788.html,SWS_CORE_01323,content/ai/classes/cl_ara_core_Vector_53b788/rec_SWS_CORE_01323_09.html,Technische Einordnung KI-generiert / AI generated,488
classes/cl_ara_core_Vector_53b788.html,SWS_CORE_01324,content/ai/classes/cl_ara_core_Vector_53b788/rec_SWS_CORE_01324_10.html,Technische Einordnung KI-generiert / AI generated,488
classes/cl_ara_core_Vector_53b788.html,SWS_CORE_01325,content/ai/classes/cl_ara_core_Vector_53b788/rec_SWS_CORE_01325_11.html,Technische Einordnung KI-generiert / AI generated,488
classes/cl_ara_core_Vector_53b788.html,SWS_CORE_01328,content/ai/classes/cl_ara_core_Vector_53b788/rec_SWS_CORE_01328_12.html,Technische Einordnung KI-generiert / AI generated,462
classes/cl_ara_core_Vector_53b788.html,SWS_CORE_01329,content/ai/classes/cl_ara_core_Vector_53b788/rec_SWS_CORE_01329_13.html,Technische Einordnung KI-generiert / AI generated,462
classes/cl_ara_core_Vector_53b788.html,SWS_CORE_01330,content/ai/classes/cl_ara_core_Vector_53b788/rec_SWS_CORE_01330_14.html,Technische Einordnung KI-generiert / AI generated,462
classes/cl_ara_core_Vector_53b788.html,SWS_CORE_01354,content/ai/classes/cl_ara_core_Vector_53b788/rec_SWS_CORE_01354_15.html,Technische Einordnung KI-generiert / AI generated,806
classes/cl_ara_core_Vector_53b788.html,SWS_CORE_01355,content/ai/classes/cl_ara_core_Vector_53b788/rec_SWS_CORE_01355_16.html,Technische Einordnung KI-generiert / AI generated,458
classes/cl_ara_core_Vector_53b788.html,SWS_CORE_01358,content/ai/classes/cl_ara_core_Vector_53b788/rec_SWS_CORE_01358_17.html,Technische Einordnung KI-generiert / AI generated,460
classes/cl_ara_core_Vector_53b788.html,SWS_CORE_01359,content/ai/classes/cl_ara_core_Vector_53b788/rec_SWS_CORE_01359_18.html,Technische Einordnung KI-generiert / AI generated,460
classes/cl_ara_core_Vector_53b788.html,SWS_CORE_01332,content/ai/classes/cl_ara_core_Vector_53b788/rec_SWS_CORE_01332_19.html,Technische Einordnung KI-generiert / AI generated,461
classes/cl_ara_core_Vector_53b788.html,SWS_CORE_01333,content/ai/classes/cl_ara_core_Vector_53b788/rec_SWS_CORE_01333_20.html,Technische Einordnung KI-generiert / AI generated,461
classes/cl_ara_core_Vector_53b788.html,SWS_CORE_01348,content/ai/classes/cl_ara_core_Vector_53b788/rec_SWS_CORE_01348_21.html,Technische Einordnung KI-generiert / AI generated,464
classes/cl_ara_core_Vector_53b788.html,SWS_CORE_01340,content/ai/classes/cl_ara_core_Vector_53b788/rec_SWS_CORE_01340_22.html,Technische Einordnung KI-generiert / AI generated,462
classes/cl_ara_core_Vector_53b788.html,SWS_CORE_01341,content/ai/classes/cl_ara_core_Vector_53b788/rec_SWS_CORE_01341_23.html,Technische Einordnung KI-generiert / AI generated,460
classes/cl_ara_core_Vector_53b788.html,SWS_CORE_01375,content/ai/classes/cl_ara_core_Vector_53b788/rec_SWS_CORE_01375_24.html,Technische Einordnung KI-generiert / AI generated,461
classes/cl_ara_core_Vector_53b788.html,SWS_CORE_01342,content/ai/classes/cl_ara_core_Vector_53b788/rec_SWS_CORE_01342_25.html,Technische Einordnung KI-generiert / AI generated,463
classes/cl_ara_core_Vector_53b788.html,SWS_CORE_01343,content/ai/classes/cl_ara_core_Vector_53b788/rec_SWS_CORE_01343_26.html,Technische Einordnung KI-generiert / AI generated,461
classes/cl_ara_core_Vector_53b788.html,SWS_CORE_01360,content/ai/classes/cl_ara_core_Vector_53b788/rec_SWS_CORE_01360_27.html,Technische Einordnung KI-generiert / AI generated,460
classes/cl_ara_core_Vector_53b788.html,SWS_CORE_01361,content/ai/classes/cl_ara_core_Vector_53b788/rec_SWS_CORE_01361_28.html,Technische Einordnung KI-generiert / AI generated,460
classes/cl_ara_core_Vector_53b788.html,SWS_CORE_01366,content/ai/classes/cl_ara_core_Vector_53b788/rec_SWS_CORE_01366_29.html,Technische Einordnung KI-generiert / AI generated,463
classes/cl_ara_core_Vector_53b788.html,SWS_CORE_01362,content/ai/classes/cl_ara_core_Vector_53b788/rec_SWS_CORE_01362_30.html,Technische Einordnung KI-generiert / AI generated,468
classes/cl_ara_core_Vector_53b788.html,SWS_CORE_01344,content/ai/classes/cl_ara_core_Vector_53b788/rec_SWS_CORE_01344_31.html,Technische Einordnung KI-generiert / AI generated,461
classes/cl_ara_core_Vector_53b788.html,SWS_CORE_01334,content/ai/classes/cl_ara_core_Vector_53b788/rec_SWS_CORE_01334_32.html,Technische Einordnung KI-generiert / AI generated,459
classes/cl_ara_core_Vector_53b788.html,SWS_CORE_01335,content/ai/classes/cl_ara_core_Vector_53b788/rec_SWS_CORE_01335_33.html,Technische Einordnung KI-generiert / AI generated,459
classes/cl_ara_core_Vector_53b788.html,SWS_CORE_01372,content/ai/classes/cl_ara_core_Vector_53b788/rec_SWS_CORE_01372_34.html,Technische Einordnung KI-generiert / AI generated,461
classes/cl_ara_core_Vector_53b788.html,SWS_CORE_01373,content/ai/classes/cl_ara_core_Vector_53b788/rec_SWS_CORE_01373_35.html,Technische Einordnung KI-generiert / AI generated,461
classes/cl_ara_core_Vector_53b788.html,SWS_CORE_01356,content/ai/classes/cl_ara_core_Vector_53b788/rec_SWS_CORE_01356_36.html,Technische Einordnung KI-generiert / AI generated,461
classes/cl_ara_core_Vector_53b788.html,SWS_CORE_01357,content/ai/classes/cl_ara_core_Vector_53b788/rec_SWS_CORE_01357_37.html,Technische Einordnung KI-generiert / AI generated,461
classes/cl_ara_core_Vector_53b788.html,SWS_CORE_01331,content/ai/classes/cl_ara_core_Vector_53b788/rec_SWS_CORE_01331_38.html,Technische Einordnung KI-generiert / AI generated,469
classes/cl_ara_core_Vector_53b788.html,SWS_CORE_01367,content/ai/classes/cl_ara_core_Vector_53b788/rec_SWS_CORE_01367_39.html,Technische Einordnung KI-generiert / AI generated,462
classes/cl_ara_core_Vector_53b788.html,SWS_CORE_01368,content/ai/classes/cl_ara_core_Vector_53b788/rec_SWS_CORE_01368_40.html,Technische Einordnung KI-generiert / AI generated,462
classes/cl_ara_core_Vector_53b788.html,SWS_CORE_01369,content/ai/classes/cl_ara_core_Vector_53b788/rec_SWS_CORE_01369_41.html,Technische Einordnung KI-generiert / AI generated,462
classes/cl_ara_core_Vector_53b788.html,SWS_CORE_01370,content/ai/classes/cl_ara_core_Vector_53b788/rec_SWS_CORE_01370_42.html,Technische Einordnung KI-generiert / AI generated,462
classes/cl_ara_core_Vector_53b788.html,SWS_CORE_01371,content/ai/classes/cl_ara_core_Vector_53b788/rec_SWS_CORE_01371_43.html,Technische Einordnung KI-generiert / AI generated,462
classes/cl_ara_core_Vector_53b788.html,SWS_CORE_01346,content/ai/classes/cl_ara_core_Vector_53b788/rec_SWS_CORE_01346_44.html,Technische Einordnung KI-generiert / AI generated,464
classes/cl_ara_core_Vector_53b788.html,SWS_CORE_01315,content/ai/classes/cl_ara_core_Vector_53b788/rec_SWS_CORE_01315_45.html,Technische Einordnung KI-generiert / AI generated,496
classes/cl_ara_core_Vector_53b788.html,SWS_CORE_01317,content/ai/classes/cl_ara_core_Vector_53b788/rec_SWS_CORE_01317_46.html,Technische Einordnung KI-generiert / AI generated,465
classes/cl_ara_core_Vector_53b788.html,SWS_CORE_01327,content/ai/classes/cl_ara_core_Vector_53b788/rec_SWS_CORE_01327_47.html,Technische Einordnung KI-generiert / AI generated,465
classes/cl_ara_core_Vector_53b788.html,SWS_CORE_01352,content/ai/classes/cl_ara_core_Vector_53b788/rec_SWS_CORE_01352_48.html,Technische Einordnung KI-generiert / AI generated,466
classes/cl_ara_core_Vector_53b788.html,SWS_CORE_01353,content/ai/classes/cl_ara_core_Vector_53b788/rec_SWS_CORE_01353_49.html,Technische Einordnung KI-generiert / AI generated,466
classes/cl_ara_core_Vector_53b788.html,SWS_CORE_01365,content/ai/classes/cl_ara_core_Vector_53b788/rec_SWS_CORE_01365_50.html,Technische Einordnung KI-generiert / AI generated,464
classes/cl_ara_core_Vector_53b788.html,SWS_CORE_01363,content/ai/classes/cl_ara_core_Vector_53b788/rec_SWS_CORE_01363_51.html,Technische Einordnung KI-generiert / AI generated,496
classes/cl_ara_core_Vector_53b788.html,SWS_CORE_01364,content/ai/classes/cl_ara_core_Vector_53b788/rec_SWS_CORE_01364_52.html,Technische Einordnung KI-generiert / AI generated,496
classes/cl_ara_core_Vector_53b788.html,SWS_CORE_01336,content/ai/classes/cl_ara_core_Vector_53b788/rec_SWS_CORE_01336_53.html,Technische Einordnung KI-generiert / AI generated,462
classes/cl_ara_core_Vector_53b788.html,SWS_CORE_01337,content/ai/classes/cl_ara_core_Vector_53b788/rec_SWS_CORE_01337_54.html,Technische Einordnung KI-generiert / AI generated,462
classes/cl_ara_core_Vector_53b788.html,SWS_CORE_01338,content/ai/classes/cl_ara_core_Vector_53b788/rec_SWS_CORE_01338_55.html,Technische Einordnung KI-generiert / AI generated,460
classes/cl_ara_core_Vector_53b788.html,SWS_CORE_01339,content/ai/classes/cl_ara_core_Vector_53b788/rec_SWS_CORE_01339_56.html,Technische Einordnung KI-generiert / AI generated,460
classes/cl_ara_core_Vector_53b788.html,SWS_CORE_01347,content/ai/classes/cl_ara_core_Vector_53b788/rec_SWS_CORE_01347_57.html,Verwendung KI-generiert / AI generated,1621
classes/cl_ara_core_Vector_53b788.html,SWS_CORE_01350,content/ai/classes/cl_ara_core_Vector_53b788/rec_SWS_CORE_01350_58.html,Technische Einordnung KI-generiert / AI generated,815
classes/cl_ara_core_Vector_53b788.html,SWS_CORE_01351,content/ai/classes/cl_ara_core_Vector_53b788/rec_SWS_CORE_01351_59.html,Technische Einordnung KI-generiert / AI generated,815
classes/cl_ara_core_Vector_53b788.html,SWS_CORE_01349,content/ai/classes/cl_ara_core_Vector_53b788/rec_SWS_CORE_01349_60.html,Technische Einordnung KI-generiert / AI generated,469
classes/cl_ara_core_Vector_53b788.html,SWS_CORE_01345,content/ai/classes/cl_ara_core_Vector_53b788/rec_SWS_CORE_01345_61.html,Technische Einordnung KI-generiert / AI generated,460
classes/cl_ara_core_Vector_53b788.html,SWS_CORE_01374,content/ai/classes/cl_ara_core_Vector_53b788/rec_SWS_CORE_01374_62.html,Technische Einordnung KI-generiert / AI generated,460
classes/cl_ara_core_Vector_53b788.html,SWS_CORE_01326,content/ai/classes/cl_ara_core_Vector_53b788/rec_SWS_CORE_01326_63.html,Technische Einordnung KI-generiert / AI generated,568
classes/cl_ara_core_Vector_53b788.html,SWS_CORE_01303,content/ai/classes/cl_ara_core_Vector_53b788/rec_SWS_CORE_01303_64.html,Technische Einordnung KI-generiert / AI generated,470
classes/cl_ara_core_Vector_53b788.html,SWS_CORE_01311,content/ai/classes/cl_ara_core_Vector_53b788/rec_SWS_CORE_01311_65.html,Technische Einordnung KI-generiert / AI generated,470
classes/cl_ara_core_Vector_53b788.html,SWS_CORE_01305,content/ai/classes/cl_ara_core_Vector_53b788/rec_SWS_CORE_01305_66.html,Technische Einordnung KI-generiert / AI generated,469
classes/cl_ara_core_Vector_53b788.html,SWS_CORE_01307,content/ai/classes/cl_ara_core_Vector_53b788/rec_SWS_CORE_01307_67.html,Technische Einordnung KI-generiert / AI generated,471
classes/cl_ara_core_Vector_53b788.html,SWS_CORE_01313,content/ai/classes/cl_ara_core_Vector_53b788/rec_SWS_CORE_01313_68.html,Technische Einordnung KI-generiert / AI generated,478
classes/cl_ara_core_Vector_53b788.html,SWS_CORE_01309,content/ai/classes/cl_ara_core_Vector_53b788/rec_SWS_CORE_01309_69.html,Technische Einordnung KI-generiert / AI generated,471
classes/cl_ara_core_Vector_53b788.html,SWS_CORE_01310,content/ai/classes/cl_ara_core_Vector_53b788/rec_SWS_CORE_01310_70.html,Technische Einordnung KI-generiert / AI generated,464
classes/cl_ara_core_Vector_53b788.html,SWS_CORE_01304,content/ai/classes/cl_ara_core_Vector_53b788/rec_SWS_CORE_01304_71.html,Technische Einordnung KI-generiert / AI generated,463
classes/cl_ara_core_Vector_53b788.html,SWS_CORE_01306,content/ai/classes/cl_ara_core_Vector_53b788/rec_SWS_CORE_01306_72.html,Technische Einordnung KI-generiert / AI generated,465
classes/cl_ara_core_Vector_53b788.html,SWS_CORE_01312,content/ai/classes/cl_ara_core_Vector_53b788/rec_SWS_CORE_01312_73.html,Technische Einordnung KI-generiert / AI generated,472
classes/cl_ara_core_Vector_53b788.html,SWS_CORE_01308,content/ai/classes/cl_ara_core_Vector_53b788/rec_SWS_CORE_01308_74.html,Technische Einordnung KI-generiert / AI generated,465
classes/cl_ara_core_Vector_53b788.html,SWS_CORE_01302,content/ai/classes/cl_ara_core_Vector_53b788/rec_SWS_CORE_01302_75.html,Technische Einordnung KI-generiert / AI generated,466
classes/cl_ara_core_hash_83e629.html,(Seite),content/ai/classes/cl_ara_core_hash_83e629/main_01.html,,426
classes/cl_ara_core_in_place_index_t_c66f81.html,(Seite),content/ai/classes/cl_ara_core_in_place_index_t_c66f81/main_01.html,,764
classes/cl_ara_core_in_place_t_343915.html,(Seite),content/ai/classes/cl_ara_core_in_place_t_343915/main_01.html,,731
classes/cl_ara_core_in_place_type_t_8f2d1a.html,(Seite),content/ai/classes/cl_ara_core_in_place_type_t_8f2d1a/main_01.html,,753
classes/cl_ara_core_is_nothrow_swappable_f9d29b.html,(Seite),content/ai/classes/cl_ara_core_is_nothrow_swappable_f9d29b/main_01.html,,631
classes/cl_ara_core_nullopt_t_e22f58.html,(Seite),content/ai/classes/cl_ara_core_nullopt_t_e22f58/main_01.html,,630
classes/cl_ara_core_variant_alternative_50c77e.html,(Seite),content/ai/classes/cl_ara_core_variant_alternative_50c77e/main_01.html,Einordnung: Records und Spezialisierungen,2463
classes/cl_ara_core_variant_alternative_I_Variant_Types..._8df711.html,(Seite),content/ai/classes/cl_ara_core_variant_alternative_I_Variant_Types..._8df711/main_01.html,,642
classes/cl_ara_core_variant_alternative_I_const_T_1b9135.html,(Seite),content/ai/classes/cl_ara_core_variant_alternative_I_const_T_1b9135/main_01.html,,920
classes/cl_ara_core_variant_alternative_I_const_volatile_T_34d81f.html,(Seite),content/ai/classes/cl_ara_core_variant_alternative_I_const_volatile_T_34d81f/main_01.html,,1016
classes/cl_ara_core_variant_alternative_I_volatile_T_6ae672.html,(Seite),content/ai/classes/cl_ara_core_variant_alternative_I_volatile_T_6ae672/main_01.html,,1004
classes/cl_ara_core_variant_size_Variant_37d48d.html,(Seite),content/ai/classes/cl_ara_core_variant_size_Variant_37d48d/main_01.html,,541
classes/cl_ara_core_variant_size_const_T_ffccc0.html,(Seite),content/ai/classes/cl_ara_core_variant_size_const_T_ffccc0/main_01.html,,640
classes/cl_ara_core_variant_size_const_ec9113.html,(Seite),content/ai/classes/cl_ara_core_variant_size_const_ec9113/main_01.html,,774
classes/cl_ara_core_variant_size_e3a186.html,(Seite),content/ai/classes/cl_ara_core_variant_size_e3a186/main_01.html,,609
classes/cl_ara_core_variant_size_volatile_T_e7f22e.html,(Seite),content/ai/classes/cl_ara_core_variant_size_volatile_T_e7f22e/main_01.html,,762
classes/cl_ara_crypto_CryptoErrorDomain_65cc5f.html,(Seite),content/ai/classes/cl_ara_crypto_CryptoErrorDomain_65cc5f/main_01.html,Rolle im Crypto Stack,1086
classes/cl_ara_crypto_CryptoErrorDomain_65cc5f.html,SWS_CRYPT_19902,content/ai/classes/cl_ara_crypto_CryptoErrorDomain_65cc5f/rec_SWS_CRYPT_19902_02.html,Verwendung KI-generiert / AI generated,474
classes/cl_ara_crypto_CryptoErrorDomain_65cc5f.html,SWS_CRYPT_19953,content/ai/classes/cl_ara_crypto_CryptoErrorDomain_65cc5f/rec_SWS_CRYPT_19953_03.html,Verwendung KI-generiert / AI generated,483
classes/cl_ara_crypto_CryptoErrorDomain_65cc5f.html,SWS_CRYPT_19950,content/ai/classes/cl_ara_crypto_CryptoErrorDomain_65cc5f/rec_SWS_CRYPT_19950_04.html,Verwendung KI-generiert / AI generated,497
classes/cl_ara_crypto_CryptoErrorDomain_65cc5f.html,SWS_CRYPT_19954,content/ai/classes/cl_ara_crypto_CryptoErrorDomain_65cc5f/rec_SWS_CRYPT_19954_05.html,Verwendung KI-generiert / AI generated,490
classes/cl_ara_crypto_CryptoException_e96f3d.html,(Seite),content/ai/classes/cl_ara_crypto_CryptoException_e96f3d/main_01.html,Rolle im Crypto Stack,1048
classes/cl_ara_crypto_CryptoException_e96f3d.html,SWS_CRYPT_19906,content/ai/classes/cl_ara_crypto_CryptoException_e96f3d/rec_SWS_CRYPT_19906_02.html,Verwendung KI-generiert / AI generated,470
classes/cl_ara_crypto_Formatter_6738f9.html,(Seite),content/ai/classes/cl_ara_crypto_Formatter_6738f9/main_01.html,Rolle im Crypto Stack,1168
classes/cl_ara_crypto_Formatter_6738f9.html,SWS_CRYPT_50198,content/ai/classes/cl_ara_crypto_Formatter_6738f9/rec_SWS_CRYPT_50198_02.html,Verwendung KI-generiert / AI generated,456
classes/cl_ara_crypto_Formatter_6738f9.html,SWS_CRYPT_50199,content/ai/classes/cl_ara_crypto_Formatter_6738f9/rec_SWS_CRYPT_50199_03.html,Verwendung KI-generiert / AI generated,481
classes/cl_ara_crypto_Formatter_6738f9.html,SWS_CRYPT_50197,content/ai/classes/cl_ara_crypto_Formatter_6738f9/rec_SWS_CRYPT_50197_04.html,Verwendung KI-generiert / AI generated,471
classes/cl_ara_crypto_SecureCounter_b841c1.html,(Seite),content/ai/classes/cl_ara_crypto_SecureCounter_b841c1/main_01.html,Rolle im Crypto Stack,1064
classes/cl_ara_crypto_Serializable_e0adda.html,(Seite),content/ai/classes/cl_ara_crypto_Serializable_e0adda/main_01.html,Rolle im Crypto Stack,1171
classes/cl_ara_crypto_Serializable_e0adda.html,SWS_CRYPT_10711,content/ai/classes/cl_ara_crypto_Serializable_e0adda/rec_SWS_CRYPT_10711_02.html,Verwendung KI-generiert / AI generated,509
classes/cl_ara_crypto_Serializable_e0adda.html,SWS_CRYPT_50006,content/ai/classes/cl_ara_crypto_Serializable_e0adda/rec_SWS_CRYPT_50006_03.html,Verwendung KI-generiert / AI generated,484
classes/cl_ara_crypto_cryp_AuthCipherCtx_353b5a.html,(Seite),content/ai/classes/cl_ara_crypto_cryp_AuthCipherCtx_353b5a/main_01.html,Rolle im Crypto Stack,2235
classes/cl_ara_crypto_cryp_AuthCipherCtx_353b5a.html,SWS_CRYPT_50077,content/ai/classes/cl_ara_crypto_cryp_AuthCipherCtx_353b5a/rec_SWS_CRYPT_50077_02.html,Verwendung KI-generiert / AI generated,492
classes/cl_ara_crypto_cryp_AuthCipherCtx_353b5a.html,SWS_CRYPT_50080,content/ai/classes/cl_ara_crypto_cryp_AuthCipherCtx_353b5a/rec_SWS_CRYPT_50080_03.html,Verwendung KI-generiert / AI generated,908
classes/cl_ara_crypto_cryp_AuthCipherCtx_353b5a.html,SWS_CRYPT_50075,content/ai/classes/cl_ara_crypto_cryp_AuthCipherCtx_353b5a/rec_SWS_CRYPT_50075_04.html,Verwendung KI-generiert / AI generated,881
classes/cl_ara_crypto_cryp_AuthCipherCtx_353b5a.html,SWS_CRYPT_50076,content/ai/classes/cl_ara_crypto_cryp_AuthCipherCtx_353b5a/rec_SWS_CRYPT_50076_05.html,Verwendung KI-generiert / AI generated,888
classes/cl_ara_crypto_cryp_AuthCipherCtx_353b5a.html,SWS_CRYPT_20103,content/ai/classes/cl_ara_crypto_cryp_AuthCipherCtx_353b5a/rec_SWS_CRYPT_20103_06.html,Verwendung KI-generiert / AI generated,502
classes/cl_ara_crypto_cryp_AuthCipherCtx_353b5a.html,SWS_CRYPT_50082,content/ai/classes/cl_ara_crypto_cryp_AuthCipherCtx_353b5a/rec_SWS_CRYPT_50082_07.html,Verwendung KI-generiert / AI generated,497
classes/cl_ara_crypto_cryp_AuthCipherCtx_353b5a.html,SWS_CRYPT_50164,content/ai/classes/cl_ara_crypto_cryp_AuthCipherCtx_353b5a/rec_SWS_CRYPT_50164_08.html,Verwendung KI-generiert / AI generated,499
classes/cl_ara_crypto_cryp_AuthCipherCtx_353b5a.html,SWS_CRYPT_50162,content/ai/classes/cl_ara_crypto_cryp_AuthCipherCtx_353b5a/rec_SWS_CRYPT_50162_09.html,Verwendung KI-generiert / AI generated,497
classes/cl_ara_crypto_cryp_AuthCipherCtx_353b5a.html,SWS_CRYPT_50163,content/ai/classes/cl_ara_crypto_cryp_AuthCipherCtx_353b5a/rec_SWS_CRYPT_50163_10.html,Verwendung KI-generiert / AI generated,499
classes/cl_ara_crypto_cryp_AuthCipherCtx_353b5a.html,SWS_CRYPT_50165,content/ai/classes/cl_ara_crypto_cryp_AuthCipherCtx_353b5a/rec_SWS_CRYPT_50165_11.html,Verwendung KI-generiert / AI generated,493
classes/cl_ara_crypto_cryp_AuthCipherCtx_353b5a.html,SWS_CRYPT_50081,content/ai/classes/cl_ara_crypto_cryp_AuthCipherCtx_353b5a/rec_SWS_CRYPT_50081_12.html,Verwendung KI-generiert / AI generated,505
classes/cl_ara_crypto_cryp_AuthCipherCtx_353b5a.html,SWS_CRYPT_50161,content/ai/classes/cl_ara_crypto_cryp_AuthCipherCtx_353b5a/rec_SWS_CRYPT_50161_13.html,Verwendung KI-generiert / AI generated,488
classes/cl_ara_crypto_cryp_AuthCipherCtx_353b5a.html,SWS_CRYPT_50078,content/ai/classes/cl_ara_crypto_cryp_AuthCipherCtx_353b5a/rec_SWS_CRYPT_50078_14.html,Verwendung KI-generiert / AI generated,896
classes/cl_ara_crypto_cryp_AuthCipherCtx_353b5a.html,SWS_CRYPT_50079,content/ai/classes/cl_ara_crypto_cryp_AuthCipherCtx_353b5a/rec_SWS_CRYPT_50079_15.html,Verwendung KI-generiert / AI generated,907
classes/cl_ara_crypto_cryp_AuthCipherCtx_353b5a.html,SWS_CRYPT_23911,content/ai/classes/cl_ara_crypto_cryp_AuthCipherCtx_353b5a/rec_SWS_CRYPT_23911_16.html,Verwendung KI-generiert / AI generated,878
classes/cl_ara_crypto_cryp_AuthCipherCtx_353b5a.html,SWS_CRYPT_50072,content/ai/classes/cl_ara_crypto_cryp_AuthCipherCtx_353b5a/rec_SWS_CRYPT_50072_17.html,Verwendung KI-generiert / AI generated,878
classes/cl_ara_crypto_cryp_AuthCipherCtx_353b5a.html,SWS_CRYPT_24715,content/ai/classes/cl_ara_crypto_cryp_AuthCipherCtx_353b5a/rec_SWS_CRYPT_24715_18.html,Verwendung KI-generiert / AI generated,874
classes/cl_ara_crypto_cryp_AuthCipherCtx_353b5a.html,SWS_CRYPT_50073,content/ai/classes/cl_ara_crypto_cryp_AuthCipherCtx_353b5a/rec_SWS_CRYPT_50073_19.html,Verwendung KI-generiert / AI generated,874
classes/cl_ara_crypto_cryp_AuthCipherCtx_353b5a.html,SWS_CRYPT_20313,content/ai/classes/cl_ara_crypto_cryp_AuthCipherCtx_353b5a/rec_SWS_CRYPT_20313_20.html,Verwendung KI-generiert / AI generated,536
classes/cl_ara_crypto_cryp_AuthCipherCtx_353b5a.html,SWS_CRYPT_50074,content/ai/classes/cl_ara_crypto_cryp_AuthCipherCtx_353b5a/rec_SWS_CRYPT_50074_21.html,Verwendung KI-generiert / AI generated,535
classes/cl_ara_crypto_cryp_CryptoContext_b86b98.html,(Seite),content/ai/classes/cl_ara_crypto_cryp_CryptoContext_b86b98/main_01.html,Rolle im Crypto Stack,1142
classes/cl_ara_crypto_cryp_CryptoContext_b86b98.html,SWS_CRYPT_20411,content/ai/classes/cl_ara_crypto_cryp_CryptoContext_b86b98/rec_SWS_CRYPT_20411_02.html,Verwendung KI-generiert / AI generated,486
classes/cl_ara_crypto_cryp_CryptoObject_b2f4d2.html,(Seite),content/ai/classes/cl_ara_crypto_cryp_CryptoObject_b2f4d2/main_01.html,Rolle im Crypto Stack,1573
classes/cl_ara_crypto_cryp_CryptoObject_b2f4d2.html,SWS_CRYPT_20505,content/ai/classes/cl_ara_crypto_cryp_CryptoObject_b2f4d2/rec_SWS_CRYPT_20505_02.html,Verwendung KI-generiert / AI generated,485
classes/cl_ara_crypto_cryp_CryptoObject_b2f4d2.html,SWS_CRYPT_50092,content/ai/classes/cl_ara_crypto_cryp_CryptoObject_b2f4d2/rec_SWS_CRYPT_50092_03.html,Verwendung KI-generiert / AI generated,492
classes/cl_ara_crypto_cryp_CryptoObject_b2f4d2.html,SWS_CRYPT_20517,content/ai/classes/cl_ara_crypto_cryp_CryptoObject_b2f4d2/rec_SWS_CRYPT_20517_04.html,Verwendung KI-generiert / AI generated,876
classes/cl_ara_crypto_cryp_CryptoProvider_4d0caf.html,(Seite),content/ai/classes/cl_ara_crypto_cryp_CryptoProvider_4d0caf/main_01.html,Rolle im Crypto Stack,2905
classes/cl_ara_crypto_cryp_CryptoProvider_4d0caf.html,SWS_CRYPT_20745,content/ai/classes/cl_ara_crypto_cryp_CryptoProvider_4d0caf/rec_SWS_CRYPT_20745_02.html,Verwendung KI-generiert / AI generated,544
classes/cl_ara_crypto_cryp_CryptoProvider_4d0caf.html,SWS_CRYPT_20751,content/ai/classes/cl_ara_crypto_cryp_CryptoProvider_4d0caf/rec_SWS_CRYPT_20751_03.html,Verwendung KI-generiert / AI generated,921
classes/cl_ara_crypto_cryp_CryptoProvider_4d0caf.html,SWS_CRYPT_20750,content/ai/classes/cl_ara_crypto_cryp_CryptoProvider_4d0caf/rec_SWS_CRYPT_20750_04.html,Verwendung KI-generiert / AI generated,920
classes/cl_ara_crypto_cryp_CryptoProvider_4d0caf.html,SWS_CRYPT_20747,content/ai/classes/cl_ara_crypto_cryp_CryptoProvider_4d0caf/rec_SWS_CRYPT_20747_05.html,Verwendung KI-generiert / AI generated,546
classes/cl_ara_crypto_cryp_CryptoProvider_4d0caf.html,SWS_CRYPT_20758,content/ai/classes/cl_ara_crypto_cryp_CryptoProvider_4d0caf/rec_SWS_CRYPT_20758_06.html,Verwendung KI-generiert / AI generated,924
classes/cl_ara_crypto_cryp_CryptoProvider_4d0caf.html,SWS_CRYPT_20753,content/ai/classes/cl_ara_crypto_cryp_CryptoProvider_4d0caf/rec_SWS_CRYPT_20753_07.html,Verwendung KI-generiert / AI generated,556
classes/cl_ara_crypto_cryp_CryptoProvider_4d0caf.html,SWS_CRYPT_20748,content/ai/classes/cl_ara_crypto_cryp_CryptoProvider_4d0caf/rec_SWS_CRYPT_20748_08.html,Verwendung KI-generiert / AI generated,555
classes/cl_ara_crypto_cryp_CryptoProvider_4d0caf.html,SWS_CRYPT_20752,content/ai/classes/cl_ara_crypto_cryp_CryptoProvider_4d0caf/rec_SWS_CRYPT_20752_09.html,Verwendung KI-generiert / AI generated,555
classes/cl_ara_crypto_cryp_CryptoProvider_4d0caf.html,SWS_CRYPT_20746,content/ai/classes/cl_ara_crypto_cryp_CryptoProvider_4d0caf/rec_SWS_CRYPT_20746_10.html,Verwendung KI-generiert / AI generated,593
classes/cl_ara_crypto_cryp_CryptoProvider_4d0caf.html,SWS_CRYPT_50017,content/ai/classes/cl_ara_crypto_cryp_CryptoProvider_4d0caf/rec_SWS_CRYPT_50017_11.html,Verwendung KI-generiert / AI generated,631
classes/cl_ara_crypto_cryp_CryptoProvider_4d0caf.html,SWS_CRYPT_20741,content/ai/classes/cl_ara_crypto_cryp_CryptoProvider_4d0caf/rec_SWS_CRYPT_20741_12.html,Verwendung KI-generiert / AI generated,549
classes/cl_ara_crypto_cryp_CryptoProvider_4d0caf.html,SWS_CRYPT_20756,content/ai/classes/cl_ara_crypto_cryp_CryptoProvider_4d0caf/rec_SWS_CRYPT_20756_13.html,Verwendung KI-generiert / AI generated,918
classes/cl_ara_crypto_cryp_CryptoProvider_4d0caf.html,SWS_CRYPT_20742,content/ai/classes/cl_ara_crypto_cryp_CryptoProvider_4d0caf/rec_SWS_CRYPT_20742_14.html,Verwendung KI-generiert / AI generated,529
classes/cl_ara_crypto_cryp_CryptoProvider_4d0caf.html,SWS_CRYPT_20743,content/ai/classes/cl_ara_crypto_cryp_CryptoProvider_4d0caf/rec_SWS_CRYPT_20743_15.html,Verwendung KI-generiert / AI generated,553
classes/cl_ara_crypto_cryp_CryptoProvider_4d0caf.html,SWS_CRYPT_20757,content/ai/classes/cl_ara_crypto_cryp_CryptoProvider_4d0caf/rec_SWS_CRYPT_20757_16.html,Verwendung KI-generiert / AI generated,548
classes/cl_ara_crypto_cryp_CryptoProvider_4d0caf.html,SWS_CRYPT_20728,content/ai/classes/cl_ara_crypto_cryp_CryptoProvider_4d0caf/rec_SWS_CRYPT_20728_17.html,Verwendung KI-generiert / AI generated,519
classes/cl_ara_crypto_cryp_CryptoProvider_4d0caf.html,SWS_CRYPT_20722,content/ai/classes/cl_ara_crypto_cryp_CryptoProvider_4d0caf/rec_SWS_CRYPT_20722_18.html,Verwendung KI-generiert / AI generated,480
classes/cl_ara_crypto_cryp_CryptoProvider_4d0caf.html,SWS_CRYPT_30098,content/ai/classes/cl_ara_crypto_cryp_CryptoProvider_4d0caf/rec_SWS_CRYPT_30098_19.html,Verwendung KI-generiert / AI generated,480
classes/cl_ara_crypto_cryp_CryptoProvider_4d0caf.html,SWS_CRYPT_20721,content/ai/classes/cl_ara_crypto_cryp_CryptoProvider_4d0caf/rec_SWS_CRYPT_20721_20.html,Verwendung KI-generiert / AI generated,482
classes/cl_ara_crypto_cryp_CryptoProvider_4d0caf.html,SWS_CRYPT_20955,content/ai/classes/cl_ara_crypto_cryp_CryptoProvider_4d0caf/rec_SWS_CRYPT_20955_21.html,Verwendung KI-generiert / AI generated,501
classes/cl_ara_crypto_cryp_CryptoProvider_4d0caf.html,SWS_CRYPT_50015,content/ai/classes/cl_ara_crypto_cryp_CryptoProvider_4d0caf/rec_SWS_CRYPT_50015_22.html,Verwendung KI-generiert / AI generated,492
classes/cl_ara_crypto_cryp_CryptoProvider_4d0caf.html,SWS_CRYPT_50016,content/ai/classes/cl_ara_crypto_cryp_CryptoProvider_4d0caf/rec_SWS_CRYPT_50016_23.html,Verwendung KI-generiert / AI generated,496
classes/cl_ara_crypto_cryp_CryptoProvider_4d0caf.html,SWS_CRYPT_20098,content/ai/classes/cl_ara_crypto_cryp_CryptoProvider_4d0caf/rec_SWS_CRYPT_20098_24.html,Verwendung KI-generiert / AI generated,495
classes/cl_ara_crypto_cryp_CryptoProvider_4d0caf.html,SWS_CRYPT_50132,content/ai/classes/cl_ara_crypto_cryp_CryptoProvider_4d0caf/rec_SWS_CRYPT_50132_25.html,Verwendung KI-generiert / AI generated,864
classes/cl_ara_crypto_cryp_CryptoProvider_4d0caf.html,SWS_CRYPT_20732,content/ai/classes/cl_ara_crypto_cryp_CryptoProvider_4d0caf/rec_SWS_CRYPT_20732_26.html,Verwendung KI-generiert / AI generated,863
classes/cl_ara_crypto_cryp_CryptoProvider_4d0caf.html,SWS_CRYPT_50014,content/ai/classes/cl_ara_crypto_cryp_CryptoProvider_4d0caf/rec_SWS_CRYPT_50014_27.html,Verwendung KI-generiert / AI generated,866
classes/cl_ara_crypto_cryp_CryptoProvider_4d0caf.html,SWS_CRYPT_20764,content/ai/classes/cl_ara_crypto_cryp_CryptoProvider_4d0caf/rec_SWS_CRYPT_20764_28.html,Verwendung KI-generiert / AI generated,491
classes/cl_ara_crypto_cryp_CryptoProvider_4d0caf.html,SWS_CRYPT_20763,content/ai/classes/cl_ara_crypto_cryp_CryptoProvider_4d0caf/rec_SWS_CRYPT_20763_29.html,Verwendung KI-generiert / AI generated,490
classes/cl_ara_crypto_cryp_CryptoProvider_4d0caf.html,SWS_CRYPT_20762,content/ai/classes/cl_ara_crypto_cryp_CryptoProvider_4d0caf/rec_SWS_CRYPT_20762_30.html,Verwendung KI-generiert / AI generated,493
classes/cl_ara_crypto_cryp_DecryptorPrivateCtx_cabc29.html,(Seite),content/ai/classes/cl_ara_crypto_cryp_DecryptorPrivateCtx_cabc29/main_01.html,Rolle im Crypto Stack,2061
classes/cl_ara_crypto_cryp_DecryptorPrivateCtx_cabc29.html,SWS_CRYPT_50069,content/ai/classes/cl_ara_crypto_cryp_DecryptorPrivateCtx_cabc29/rec_SWS_CRYPT_50069_02.html,Verwendung KI-generiert / AI generated,498
classes/cl_ara_crypto_cryp_DecryptorPrivateCtx_cabc29.html,SWS_CRYPT_50070,content/ai/classes/cl_ara_crypto_cryp_DecryptorPrivateCtx_cabc29/rec_SWS_CRYPT_50070_03.html,Verwendung KI-generiert / AI generated,892
classes/cl_ara_crypto_cryp_DecryptorPrivateCtx_cabc29.html,SWS_CRYPT_50068,content/ai/classes/cl_ara_crypto_cryp_DecryptorPrivateCtx_cabc29/rec_SWS_CRYPT_50068_04.html,Verwendung KI-generiert / AI generated,887
classes/cl_ara_crypto_cryp_DecryptorPrivateCtx_cabc29.html,SWS_CRYPT_50071,content/ai/classes/cl_ara_crypto_cryp_DecryptorPrivateCtx_cabc29/rec_SWS_CRYPT_50071_05.html,Verwendung KI-generiert / AI generated,503
classes/cl_ara_crypto_cryp_DecryptorPrivateCtx_cabc29.html,SWS_CRYPT_50160,content/ai/classes/cl_ara_crypto_cryp_DecryptorPrivateCtx_cabc29/rec_SWS_CRYPT_50160_06.html,Verwendung KI-generiert / AI generated,503
classes/cl_ara_crypto_cryp_DecryptorPrivateCtx_cabc29.html,SWS_CRYPT_50159,content/ai/classes/cl_ara_crypto_cryp_DecryptorPrivateCtx_cabc29/rec_SWS_CRYPT_50159_07.html,Verwendung KI-generiert / AI generated,511
classes/cl_ara_crypto_cryp_DecryptorPrivateCtx_cabc29.html,SWS_CRYPT_50066,content/ai/classes/cl_ara_crypto_cryp_DecryptorPrivateCtx_cabc29/rec_SWS_CRYPT_50066_08.html,Verwendung KI-generiert / AI generated,884
classes/cl_ara_crypto_cryp_DecryptorPrivateCtx_cabc29.html,SWS_CRYPT_50157,content/ai/classes/cl_ara_crypto_cryp_DecryptorPrivateCtx_cabc29/rec_SWS_CRYPT_50157_09.html,Verwendung KI-generiert / AI generated,884
classes/cl_ara_crypto_cryp_DecryptorPrivateCtx_cabc29.html,SWS_CRYPT_50067,content/ai/classes/cl_ara_crypto_cryp_DecryptorPrivateCtx_cabc29/rec_SWS_CRYPT_50067_10.html,Verwendung KI-generiert / AI generated,880
classes/cl_ara_crypto_cryp_DecryptorPrivateCtx_cabc29.html,SWS_CRYPT_50158,content/ai/classes/cl_ara_crypto_cryp_DecryptorPrivateCtx_cabc29/rec_SWS_CRYPT_50158_11.html,Verwendung KI-generiert / AI generated,525
classes/cl_ara_crypto_cryp_EncryptorPublicCtx_16f282.html,(Seite),content/ai/classes/cl_ara_crypto_cryp_EncryptorPublicCtx_16f282/main_01.html,Rolle im Crypto Stack,2060
classes/cl_ara_crypto_cryp_EncryptorPublicCtx_16f282.html,SWS_CRYPT_50089,content/ai/classes/cl_ara_crypto_cryp_EncryptorPublicCtx_16f282/rec_SWS_CRYPT_50089_02.html,Verwendung KI-generiert / AI generated,497
classes/cl_ara_crypto_cryp_EncryptorPublicCtx_16f282.html,SWS_CRYPT_50090,content/ai/classes/cl_ara_crypto_cryp_EncryptorPublicCtx_16f282/rec_SWS_CRYPT_50090_03.html,Verwendung KI-generiert / AI generated,891
classes/cl_ara_crypto_cryp_EncryptorPublicCtx_16f282.html,SWS_CRYPT_50088,content/ai/classes/cl_ara_crypto_cryp_EncryptorPublicCtx_16f282/rec_SWS_CRYPT_50088_04.html,Verwendung KI-generiert / AI generated,886
classes/cl_ara_crypto_cryp_EncryptorPublicCtx_16f282.html,SWS_CRYPT_50091,content/ai/classes/cl_ara_crypto_cryp_EncryptorPublicCtx_16f282/rec_SWS_CRYPT_50091_05.html,Verwendung KI-generiert / AI generated,502
classes/cl_ara_crypto_cryp_EncryptorPublicCtx_16f282.html,SWS_CRYPT_50178,content/ai/classes/cl_ara_crypto_cryp_EncryptorPublicCtx_16f282/rec_SWS_CRYPT_50178_06.html,Verwendung KI-generiert / AI generated,502
classes/cl_ara_crypto_cryp_EncryptorPublicCtx_16f282.html,SWS_CRYPT_50177,content/ai/classes/cl_ara_crypto_cryp_EncryptorPublicCtx_16f282/rec_SWS_CRYPT_50177_07.html,Verwendung KI-generiert / AI generated,510
classes/cl_ara_crypto_cryp_EncryptorPublicCtx_16f282.html,SWS_CRYPT_50086,content/ai/classes/cl_ara_crypto_cryp_EncryptorPublicCtx_16f282/rec_SWS_CRYPT_50086_08.html,Verwendung KI-generiert / AI generated,883
classes/cl_ara_crypto_cryp_EncryptorPublicCtx_16f282.html,SWS_CRYPT_50175,content/ai/classes/cl_ara_crypto_cryp_EncryptorPublicCtx_16f282/rec_SWS_CRYPT_50175_09.html,Verwendung KI-generiert / AI generated,883
classes/cl_ara_crypto_cryp_EncryptorPublicCtx_16f282.html,SWS_CRYPT_50087,content/ai/classes/cl_ara_crypto_cryp_EncryptorPublicCtx_16f282/rec_SWS_CRYPT_50087_10.html,Verwendung KI-generiert / AI generated,879
classes/cl_ara_crypto_cryp_EncryptorPublicCtx_16f282.html,SWS_CRYPT_50176,content/ai/classes/cl_ara_crypto_cryp_EncryptorPublicCtx_16f282/rec_SWS_CRYPT_50176_11.html,Verwendung KI-generiert / AI generated,524
classes/cl_ara_crypto_cryp_HashFunctionCtx_88abb5.html,(Seite),content/ai/classes/cl_ara_crypto_cryp_HashFunctionCtx_88abb5/main_01.html,Rolle im Crypto Stack,2111
classes/cl_ara_crypto_cryp_HashFunctionCtx_88abb5.html,SWS_CRYPT_50060,content/ai/classes/cl_ara_crypto_cryp_HashFunctionCtx_88abb5/rec_SWS_CRYPT_50060_02.html,Verwendung KI-generiert / AI generated,480
classes/cl_ara_crypto_cryp_HashFunctionCtx_88abb5.html,SWS_CRYPT_50058,content/ai/classes/cl_ara_crypto_cryp_HashFunctionCtx_88abb5/rec_SWS_CRYPT_50058_03.html,Verwendung KI-generiert / AI generated,494
classes/cl_ara_crypto_cryp_HashFunctionCtx_88abb5.html,SWS_CRYPT_50154,content/ai/classes/cl_ara_crypto_cryp_HashFunctionCtx_88abb5/rec_SWS_CRYPT_50154_04.html,Verwendung KI-generiert / AI generated,486
classes/cl_ara_crypto_cryp_HashFunctionCtx_88abb5.html,SWS_CRYPT_50064,content/ai/classes/cl_ara_crypto_cryp_HashFunctionCtx_88abb5/rec_SWS_CRYPT_50064_05.html,Verwendung KI-generiert / AI generated,522
classes/cl_ara_crypto_cryp_HashFunctionCtx_88abb5.html,SWS_CRYPT_21115,content/ai/classes/cl_ara_crypto_cryp_HashFunctionCtx_88abb5/rec_SWS_CRYPT_21115_06.html,Verwendung KI-generiert / AI generated,883
classes/cl_ara_crypto_cryp_HashFunctionCtx_88abb5.html,SWS_CRYPT_50063,content/ai/classes/cl_ara_crypto_cryp_HashFunctionCtx_88abb5/rec_SWS_CRYPT_50063_07.html,Verwendung KI-generiert / AI generated,499
classes/cl_ara_crypto_cryp_HashFunctionCtx_88abb5.html,SWS_CRYPT_21116,content/ai/classes/cl_ara_crypto_cryp_HashFunctionCtx_88abb5/rec_SWS_CRYPT_21116_08.html,Verwendung KI-generiert / AI generated,489
classes/cl_ara_crypto_cryp_HashFunctionCtx_88abb5.html,SWS_CRYPT_50061,content/ai/classes/cl_ara_crypto_cryp_HashFunctionCtx_88abb5/rec_SWS_CRYPT_50061_09.html,Verwendung KI-generiert / AI generated,493
classes/cl_ara_crypto_cryp_HashFunctionCtx_88abb5.html,SWS_CRYPT_50059,content/ai/classes/cl_ara_crypto_cryp_HashFunctionCtx_88abb5/rec_SWS_CRYPT_50059_10.html,Verwendung KI-generiert / AI generated,501
classes/cl_ara_crypto_cryp_HashFunctionCtx_88abb5.html,SWS_CRYPT_50062,content/ai/classes/cl_ara_crypto_cryp_HashFunctionCtx_88abb5/rec_SWS_CRYPT_50062_11.html,Verwendung KI-generiert / AI generated,499
classes/cl_ara_crypto_cryp_HashFunctionCtx_88abb5.html,SWS_CRYPT_50065,content/ai/classes/cl_ara_crypto_cryp_HashFunctionCtx_88abb5/rec_SWS_CRYPT_50065_12.html,Verwendung KI-generiert / AI generated,867
classes/cl_ara_crypto_cryp_HashFunctionCtx_88abb5.html,SWS_CRYPT_50152,content/ai/classes/cl_ara_crypto_cryp_HashFunctionCtx_88abb5/rec_SWS_CRYPT_50152_13.html,Verwendung KI-generiert / AI generated,876
classes/cl_ara_crypto_cryp_HashFunctionCtx_88abb5.html,SWS_CRYPT_50153,content/ai/classes/cl_ara_crypto_cryp_HashFunctionCtx_88abb5/rec_SWS_CRYPT_50153_14.html,Verwendung KI-generiert / AI generated,876
classes/cl_ara_crypto_cryp_HashFunctionCtx_88abb5.html,SWS_CRYPT_21113,content/ai/classes/cl_ara_crypto_cryp_HashFunctionCtx_88abb5/rec_SWS_CRYPT_21113_15.html,Verwendung KI-generiert / AI generated,521
classes/cl_ara_crypto_cryp_HashFunctionCtx_88abb5.html,SWS_CRYPT_50057,content/ai/classes/cl_ara_crypto_cryp_HashFunctionCtx_88abb5/rec_SWS_CRYPT_50057_16.html,Verwendung KI-generiert / AI generated,521
classes/cl_ara_crypto_cryp_KeyAgreementPrivateCtx_bb2a70.html,(Seite),content/ai/classes/cl_ara_crypto_cryp_KeyAgreementPrivateCtx_bb2a70/main_01.html,Rolle im Crypto Stack,1974
classes/cl_ara_crypto_cryp_KeyAgreementPrivateCtx_bb2a70.html,SWS_CRYPT_21312,content/ai/classes/cl_ara_crypto_cryp_KeyAgreementPrivateCtx_bb2a70/rec_SWS_CRYPT_21312_02.html,Verwendung KI-generiert / AI generated,896
classes/cl_ara_crypto_cryp_KeyAgreementPrivateCtx_bb2a70.html,SWS_CRYPT_21313,content/ai/classes/cl_ara_crypto_cryp_KeyAgreementPrivateCtx_bb2a70/rec_SWS_CRYPT_21313_03.html,Verwendung KI-generiert / AI generated,887
classes/cl_ara_crypto_cryp_KeyAgreementPrivateCtx_bb2a70.html,SWS_CRYPT_50053,content/ai/classes/cl_ara_crypto_cryp_KeyAgreementPrivateCtx_bb2a70/rec_SWS_CRYPT_50053_04.html,Verwendung KI-generiert / AI generated,887
classes/cl_ara_crypto_cryp_KeyAgreementPrivateCtx_bb2a70.html,SWS_CRYPT_50051,content/ai/classes/cl_ara_crypto_cryp_KeyAgreementPrivateCtx_bb2a70/rec_SWS_CRYPT_50051_05.html,Verwendung KI-generiert / AI generated,480
classes/cl_ara_crypto_cryp_KeyAgreementPrivateCtx_bb2a70.html,SWS_CRYPT_50052,content/ai/classes/cl_ara_crypto_cryp_KeyAgreementPrivateCtx_bb2a70/rec_SWS_CRYPT_50052_06.html,Verwendung KI-generiert / AI generated,480
classes/cl_ara_crypto_cryp_KeyDecapsulatorPrivateCtx_e9fc9a.html,(Seite),content/ai/classes/cl_ara_crypto_cryp_KeyDecapsulatorPrivateCtx_e9fc9a/main_01.html,Rolle im Crypto Stack,1941
classes/cl_ara_crypto_cryp_KeyDecapsulatorPrivateCtx_e9fc9a.html,SWS_CRYPT_21412,content/ai/classes/cl_ara_crypto_cryp_KeyDecapsulatorPrivateCtx_e9fc9a/rec_SWS_CRYPT_21412_02.html,Verwendung KI-generiert / AI generated,902
classes/cl_ara_crypto_cryp_KeyDecapsulatorPrivateCtx_e9fc9a.html,SWS_CRYPT_21413,content/ai/classes/cl_ara_crypto_cryp_KeyDecapsulatorPrivateCtx_e9fc9a/rec_SWS_CRYPT_21413_03.html,Verwendung KI-generiert / AI generated,890
classes/cl_ara_crypto_cryp_KeyDecapsulatorPrivateCtx_e9fc9a.html,SWS_CRYPT_50083,content/ai/classes/cl_ara_crypto_cryp_KeyDecapsulatorPrivateCtx_e9fc9a/rec_SWS_CRYPT_50083_04.html,Verwendung KI-generiert / AI generated,890
classes/cl_ara_crypto_cryp_KeyDerivationFunctionCtx_eea245.html,(Seite),content/ai/classes/cl_ara_crypto_cryp_KeyDerivationFunctionCtx_eea245/main_01.html,Rolle im Crypto Stack,1994
classes/cl_ara_crypto_cryp_KeyDerivationFunctionCtx_eea245.html,SWS_CRYPT_21515,content/ai/classes/cl_ara_crypto_cryp_KeyDerivationFunctionCtx_eea245/rec_SWS_CRYPT_21515_02.html,Verwendung KI-generiert / AI generated,899
classes/cl_ara_crypto_cryp_KeyDerivationFunctionCtx_eea245.html,SWS_CRYPT_21525,content/ai/classes/cl_ara_crypto_cryp_KeyDerivationFunctionCtx_eea245/rec_SWS_CRYPT_21525_03.html,Verwendung KI-generiert / AI generated,889
classes/cl_ara_crypto_cryp_KeyDerivationFunctionCtx_eea245.html,SWS_CRYPT_50010,content/ai/classes/cl_ara_crypto_cryp_KeyDerivationFunctionCtx_eea245/rec_SWS_CRYPT_50010_04.html,Verwendung KI-generiert / AI generated,889
classes/cl_ara_crypto_cryp_KeyDerivationFunctionCtx_eea245.html,SWS_CRYPT_50007,content/ai/classes/cl_ara_crypto_cryp_KeyDerivationFunctionCtx_eea245/rec_SWS_CRYPT_50007_05.html,Verwendung KI-generiert / AI generated,482
classes/cl_ara_crypto_cryp_KeyDerivationFunctionCtx_eea245.html,SWS_CRYPT_50008,content/ai/classes/cl_ara_crypto_cryp_KeyDerivationFunctionCtx_eea245/rec_SWS_CRYPT_50008_06.html,Verwendung KI-generiert / AI generated,482
classes/cl_ara_crypto_cryp_KeyDerivationFunctionCtx_eea245.html,SWS_CRYPT_50009,content/ai/classes/cl_ara_crypto_cryp_KeyDerivationFunctionCtx_eea245/rec_SWS_CRYPT_50009_07.html,Verwendung KI-generiert / AI generated,482
classes/cl_ara_crypto_cryp_KeyEncapsulatorPublicCtx_61a405.html,(Seite),content/ai/classes/cl_ara_crypto_cryp_KeyEncapsulatorPublicCtx_61a405/main_01.html,Rolle im Crypto Stack,1976
classes/cl_ara_crypto_cryp_KeyEncapsulatorPublicCtx_61a405.html,SWS_CRYPT_21813,content/ai/classes/cl_ara_crypto_cryp_KeyEncapsulatorPublicCtx_61a405/rec_SWS_CRYPT_21813_02.html,Verwendung KI-generiert / AI generated,901
classes/cl_ara_crypto_cryp_KeyEncapsulatorPublicCtx_61a405.html,SWS_CRYPT_50011,content/ai/classes/cl_ara_crypto_cryp_KeyEncapsulatorPublicCtx_61a405/rec_SWS_CRYPT_50011_03.html,Verwendung KI-generiert / AI generated,901
classes/cl_ara_crypto_cryp_KeyEncapsulatorPublicCtx_61a405.html,SWS_CRYPT_50013,content/ai/classes/cl_ara_crypto_cryp_KeyEncapsulatorPublicCtx_61a405/rec_SWS_CRYPT_50013_04.html,Verwendung KI-generiert / AI generated,516
classes/cl_ara_crypto_cryp_KeyEncapsulatorPublicCtx_61a405.html,SWS_CRYPT_21815,content/ai/classes/cl_ara_crypto_cryp_KeyEncapsulatorPublicCtx_61a405/rec_SWS_CRYPT_21815_05.html,Verwendung KI-generiert / AI generated,889
classes/cl_ara_crypto_cryp_KeyEncapsulatorPublicCtx_61a405.html,SWS_CRYPT_50012,content/ai/classes/cl_ara_crypto_cryp_KeyEncapsulatorPublicCtx_61a405/rec_SWS_CRYPT_50012_06.html,Verwendung KI-generiert / AI generated,889
classes/cl_ara_crypto_cryp_KeySlot_ded1fc.html,(Seite),content/ai/classes/cl_ara_crypto_cryp_KeySlot_ded1fc/main_01.html,Rolle im Crypto Stack,2030
classes/cl_ara_crypto_cryp_KeySlot_ded1fc.html,SWS_CRYPT_50055,content/ai/classes/cl_ara_crypto_cryp_KeySlot_ded1fc/rec_SWS_CRYPT_50055_02.html,Verwendung KI-generiert / AI generated,480
classes/cl_ara_crypto_cryp_KeySlot_ded1fc.html,SWS_CRYPT_50054,content/ai/classes/cl_ara_crypto_cryp_KeySlot_ded1fc/rec_SWS_CRYPT_50054_03.html,Verwendung KI-generiert / AI generated,491
classes/cl_ara_crypto_cryp_KeySlot_ded1fc.html,SWS_CRYPT_30403,content/ai/classes/cl_ara_crypto_cryp_KeySlot_ded1fc/rec_SWS_CRYPT_30403_04.html,Verwendung KI-generiert / AI generated,489
classes/cl_ara_crypto_cryp_KeySlot_ded1fc.html,SWS_CRYPT_50056,content/ai/classes/cl_ara_crypto_cryp_KeySlot_ded1fc/rec_SWS_CRYPT_50056_05.html,Verwendung KI-generiert / AI generated,489
classes/cl_ara_crypto_cryp_KeySlot_ded1fc.html,SWS_CRYPT_30404,content/ai/classes/cl_ara_crypto_cryp_KeySlot_ded1fc/rec_SWS_CRYPT_30404_06.html,Verwendung KI-generiert / AI generated,475
classes/cl_ara_crypto_cryp_KeySlot_ded1fc.html,SWS_CRYPT_30406,content/ai/classes/cl_ara_crypto_cryp_KeySlot_ded1fc/rec_SWS_CRYPT_30406_07.html,Verwendung KI-generiert / AI generated,488
classes/cl_ara_crypto_cryp_MessageAuthnCodeCtx_a21d04.html,(Seite),content/ai/classes/cl_ara_crypto_cryp_MessageAuthnCodeCtx_a21d04/main_01.html,Rolle im Crypto Stack,2187
classes/cl_ara_crypto_cryp_MessageAuthnCodeCtx_a21d04.html,SWS_CRYPT_50027,content/ai/classes/cl_ara_crypto_cryp_MessageAuthnCodeCtx_a21d04/rec_SWS_CRYPT_50027_02.html,Verwendung KI-generiert / AI generated,498
classes/cl_ara_crypto_cryp_MessageAuthnCodeCtx_a21d04.html,SWS_CRYPT_50133,content/ai/classes/cl_ara_crypto_cryp_MessageAuthnCodeCtx_a21d04/rec_SWS_CRYPT_50133_03.html,Verwendung KI-generiert / AI generated,490
classes/cl_ara_crypto_cryp_MessageAuthnCodeCtx_a21d04.html,SWS_CRYPT_50028,content/ai/classes/cl_ara_crypto_cryp_MessageAuthnCodeCtx_a21d04/rec_SWS_CRYPT_50028_04.html,Verwendung KI-generiert / AI generated,497
classes/cl_ara_crypto_cryp_MessageAuthnCodeCtx_a21d04.html,SWS_CRYPT_22115,content/ai/classes/cl_ara_crypto_cryp_MessageAuthnCodeCtx_a21d04/rec_SWS_CRYPT_22115_05.html,Verwendung KI-generiert / AI generated,887
classes/cl_ara_crypto_cryp_MessageAuthnCodeCtx_a21d04.html,SWS_CRYPT_50029,content/ai/classes/cl_ara_crypto_cryp_MessageAuthnCodeCtx_a21d04/rec_SWS_CRYPT_50029_06.html,Verwendung KI-generiert / AI generated,475
classes/cl_ara_crypto_cryp_MessageAuthnCodeCtx_a21d04.html,SWS_CRYPT_50030,content/ai/classes/cl_ara_crypto_cryp_MessageAuthnCodeCtx_a21d04/rec_SWS_CRYPT_50030_07.html,Verwendung KI-generiert / AI generated,482
classes/cl_ara_crypto_cryp_MessageAuthnCodeCtx_a21d04.html,SWS_CRYPT_22116,content/ai/classes/cl_ara_crypto_cryp_MessageAuthnCodeCtx_a21d04/rec_SWS_CRYPT_22116_08.html,Verwendung KI-generiert / AI generated,493
classes/cl_ara_crypto_cryp_MessageAuthnCodeCtx_a21d04.html,SWS_CRYPT_50134,content/ai/classes/cl_ara_crypto_cryp_MessageAuthnCodeCtx_a21d04/rec_SWS_CRYPT_50134_09.html,Verwendung KI-generiert / AI generated,497
classes/cl_ara_crypto_cryp_MessageAuthnCodeCtx_a21d04.html,SWS_CRYPT_50033,content/ai/classes/cl_ara_crypto_cryp_MessageAuthnCodeCtx_a21d04/rec_SWS_CRYPT_50033_10.html,Verwendung KI-generiert / AI generated,503
classes/cl_ara_crypto_cryp_MessageAuthnCodeCtx_a21d04.html,SWS_CRYPT_50135,content/ai/classes/cl_ara_crypto_cryp_MessageAuthnCodeCtx_a21d04/rec_SWS_CRYPT_50135_11.html,Verwendung KI-generiert / AI generated,504
classes/cl_ara_crypto_cryp_MessageAuthnCodeCtx_a21d04.html,SWS_CRYPT_22118,content/ai/classes/cl_ara_crypto_cryp_MessageAuthnCodeCtx_a21d04/rec_SWS_CRYPT_22118_12.html,Verwendung KI-generiert / AI generated,884
classes/cl_ara_crypto_cryp_MessageAuthnCodeCtx_a21d04.html,SWS_CRYPT_50026,content/ai/classes/cl_ara_crypto_cryp_MessageAuthnCodeCtx_a21d04/rec_SWS_CRYPT_50026_13.html,Verwendung KI-generiert / AI generated,884
classes/cl_ara_crypto_cryp_MessageAuthnCodeCtx_a21d04.html,SWS_CRYPT_22110,content/ai/classes/cl_ara_crypto_cryp_MessageAuthnCodeCtx_a21d04/rec_SWS_CRYPT_22110_14.html,Verwendung KI-generiert / AI generated,880
classes/cl_ara_crypto_cryp_MessageAuthnCodeCtx_a21d04.html,SWS_CRYPT_22111,content/ai/classes/cl_ara_crypto_cryp_MessageAuthnCodeCtx_a21d04/rec_SWS_CRYPT_22111_15.html,Verwendung KI-generiert / AI generated,880
classes/cl_ara_crypto_cryp_MessageAuthnCodeCtx_a21d04.html,SWS_CRYPT_22113,content/ai/classes/cl_ara_crypto_cryp_MessageAuthnCodeCtx_a21d04/rec_SWS_CRYPT_22113_16.html,Verwendung KI-generiert / AI generated,525
classes/cl_ara_crypto_cryp_MessageAuthnCodeCtx_a21d04.html,SWS_CRYPT_50031,content/ai/classes/cl_ara_crypto_cryp_MessageAuthnCodeCtx_a21d04/rec_SWS_CRYPT_50031_17.html,Verwendung KI-generiert / AI generated,860
classes/cl_ara_crypto_cryp_MessageAuthnCodeCtx_a21d04.html,SWS_CRYPT_50032,content/ai/classes/cl_ara_crypto_cryp_MessageAuthnCodeCtx_a21d04/rec_SWS_CRYPT_50032_18.html,Verwendung KI-generiert / AI generated,867
classes/cl_ara_crypto_cryp_PrivateKey_a661f0.html,(Seite),content/ai/classes/cl_ara_crypto_cryp_PrivateKey_a661f0/main_01.html,Rolle im Crypto Stack,1571
classes/cl_ara_crypto_cryp_PrivateKey_a661f0.html,SWS_CRYPT_22511,content/ai/classes/cl_ara_crypto_cryp_PrivateKey_a661f0/rec_SWS_CRYPT_22511_02.html,Verwendung KI-generiert / AI generated,487
classes/cl_ara_crypto_cryp_ProtectedKeyImportCtx_fbf507.html,(Seite),content/ai/classes/cl_ara_crypto_cryp_ProtectedKeyImportCtx_fbf507/main_01.html,Rolle im Crypto Stack,2045
classes/cl_ara_crypto_cryp_ProtectedKeyImportCtx_fbf507.html,SWS_CRYPT_50208,content/ai/classes/cl_ara_crypto_cryp_ProtectedKeyImportCtx_fbf507/rec_SWS_CRYPT_50208_02.html,Verwendung KI-generiert / AI generated,505
classes/cl_ara_crypto_cryp_ProtectedKeyImportCtx_fbf507.html,SWS_CRYPT_50209,content/ai/classes/cl_ara_crypto_cryp_ProtectedKeyImportCtx_fbf507/rec_SWS_CRYPT_50209_03.html,Verwendung KI-generiert / AI generated,499
classes/cl_ara_crypto_cryp_ProtectedKeyImportCtx_fbf507.html,SWS_CRYPT_50211,content/ai/classes/cl_ara_crypto_cryp_ProtectedKeyImportCtx_fbf507/rec_SWS_CRYPT_50211_04.html,Verwendung KI-generiert / AI generated,498
classes/cl_ara_crypto_cryp_ProtectedKeyImportCtx_fbf507.html,SWS_CRYPT_41020,content/ai/classes/cl_ara_crypto_cryp_ProtectedKeyImportCtx_fbf507/rec_SWS_CRYPT_41020_05.html,Verwendung KI-generiert / AI generated,497
classes/cl_ara_crypto_cryp_ProtectedKeyImportCtx_fbf507.html,SWS_CRYPT_50210,content/ai/classes/cl_ara_crypto_cryp_ProtectedKeyImportCtx_fbf507/rec_SWS_CRYPT_50210_06.html,Verwendung KI-generiert / AI generated,501
classes/cl_ara_crypto_cryp_ProtectedKeyImportCtx_fbf507.html,SWS_CRYPT_50207,content/ai/classes/cl_ara_crypto_cryp_ProtectedKeyImportCtx_fbf507/rec_SWS_CRYPT_50207_07.html,Verwendung KI-generiert / AI generated,861
classes/cl_ara_crypto_cryp_ProtectedKeyImportCtx_fbf507.html,SWS_CRYPT_50212,content/ai/classes/cl_ara_crypto_cryp_ProtectedKeyImportCtx_fbf507/rec_SWS_CRYPT_50212_08.html,Verwendung KI-generiert / AI generated,499
classes/cl_ara_crypto_cryp_ProtectedKeyImportCtx_fbf507.html,SWS_CRYPT_50205,content/ai/classes/cl_ara_crypto_cryp_ProtectedKeyImportCtx_fbf507/rec_SWS_CRYPT_50205_09.html,Verwendung KI-generiert / AI generated,886
classes/cl_ara_crypto_cryp_ProtectedKeyImportCtx_fbf507.html,SWS_CRYPT_50206,content/ai/classes/cl_ara_crypto_cryp_ProtectedKeyImportCtx_fbf507/rec_SWS_CRYPT_50206_10.html,Verwendung KI-generiert / AI generated,886
classes/cl_ara_crypto_cryp_PublicKey_11ccb6.html,(Seite),content/ai/classes/cl_ara_crypto_cryp_PublicKey_11ccb6/main_01.html,Rolle im Crypto Stack,1534
classes/cl_ara_crypto_cryp_RandomGeneratorCtx_785bfa.html,(Seite),content/ai/classes/cl_ara_crypto_cryp_RandomGeneratorCtx_785bfa/main_01.html,Rolle im Crypto Stack,1988
classes/cl_ara_crypto_cryp_RandomGeneratorCtx_785bfa.html,SWS_CRYPT_22914,content/ai/classes/cl_ara_crypto_cryp_RandomGeneratorCtx_785bfa/rec_SWS_CRYPT_22914_02.html,Verwendung KI-generiert / AI generated,477
classes/cl_ara_crypto_cryp_RandomGeneratorCtx_785bfa.html,SWS_CRYPT_22915,content/ai/classes/cl_ara_crypto_cryp_RandomGeneratorCtx_785bfa/rec_SWS_CRYPT_22915_03.html,Verwendung KI-generiert / AI generated,474
classes/cl_ara_crypto_cryp_RandomGeneratorCtx_785bfa.html,SWS_CRYPT_22911,content/ai/classes/cl_ara_crypto_cryp_RandomGeneratorCtx_785bfa/rec_SWS_CRYPT_22911_04.html,Verwendung KI-generiert / AI generated,468
classes/cl_ara_crypto_cryp_RandomGeneratorCtx_785bfa.html,SWS_CRYPT_22912,content/ai/classes/cl_ara_crypto_cryp_RandomGeneratorCtx_785bfa/rec_SWS_CRYPT_22912_05.html,Verwendung KI-generiert / AI generated,468
classes/cl_ara_crypto_cryp_SignerPrivateCtx_ca7ab5.html,(Seite),content/ai/classes/cl_ara_crypto_cryp_SignerPrivateCtx_ca7ab5/main_01.html,Rolle im Crypto Stack,2058
classes/cl_ara_crypto_cryp_SignerPrivateCtx_ca7ab5.html,SWS_CRYPT_50041,content/ai/classes/cl_ara_crypto_cryp_SignerPrivateCtx_ca7ab5/rec_SWS_CRYPT_50041_02.html,Verwendung KI-generiert / AI generated,495
classes/cl_ara_crypto_cryp_SignerPrivateCtx_ca7ab5.html,SWS_CRYPT_50040,content/ai/classes/cl_ara_crypto_cryp_SignerPrivateCtx_ca7ab5/rec_SWS_CRYPT_50040_03.html,Verwendung KI-generiert / AI generated,884
classes/cl_ara_crypto_cryp_SignerPrivateCtx_ca7ab5.html,SWS_CRYPT_50042,content/ai/classes/cl_ara_crypto_cryp_SignerPrivateCtx_ca7ab5/rec_SWS_CRYPT_50042_04.html,Verwendung KI-generiert / AI generated,500
classes/cl_ara_crypto_cryp_SignerPrivateCtx_ca7ab5.html,SWS_CRYPT_29004,content/ai/classes/cl_ara_crypto_cryp_SignerPrivateCtx_ca7ab5/rec_SWS_CRYPT_29004_05.html,Verwendung KI-generiert / AI generated,868
classes/cl_ara_crypto_cryp_SignerPrivateCtx_ca7ab5.html,SWS_CRYPT_23515,content/ai/classes/cl_ara_crypto_cryp_SignerPrivateCtx_ca7ab5/rec_SWS_CRYPT_23515_06.html,Verwendung KI-generiert / AI generated,881
classes/cl_ara_crypto_cryp_SignerPrivateCtx_ca7ab5.html,SWS_CRYPT_50036,content/ai/classes/cl_ara_crypto_cryp_SignerPrivateCtx_ca7ab5/rec_SWS_CRYPT_50036_07.html,Verwendung KI-generiert / AI generated,881
classes/cl_ara_crypto_cryp_SignerPrivateCtx_ca7ab5.html,SWS_CRYPT_23512,content/ai/classes/cl_ara_crypto_cryp_SignerPrivateCtx_ca7ab5/rec_SWS_CRYPT_23512_08.html,Verwendung KI-generiert / AI generated,1130
classes/cl_ara_crypto_cryp_SignerPrivateCtx_ca7ab5.html,SWS_CRYPT_50037,content/ai/classes/cl_ara_crypto_cryp_SignerPrivateCtx_ca7ab5/rec_SWS_CRYPT_50037_09.html,Verwendung KI-generiert / AI generated,877
classes/cl_ara_crypto_cryp_SignerPrivateCtx_ca7ab5.html,SWS_CRYPT_50038,content/ai/classes/cl_ara_crypto_cryp_SignerPrivateCtx_ca7ab5/rec_SWS_CRYPT_50038_10.html,Verwendung KI-generiert / AI generated,877
classes/cl_ara_crypto_cryp_SignerPrivateCtx_ca7ab5.html,SWS_CRYPT_50039,content/ai/classes/cl_ara_crypto_cryp_SignerPrivateCtx_ca7ab5/rec_SWS_CRYPT_50039_11.html,Verwendung KI-generiert / AI generated,522
classes/cl_ara_crypto_cryp_SymmetricCipherCtx_17a141.html,(Seite),content/ai/classes/cl_ara_crypto_cryp_SymmetricCipherCtx_17a141/main_01.html,Rolle im Crypto Stack,2204
classes/cl_ara_crypto_cryp_SymmetricCipherCtx_17a141.html,SWS_CRYPT_50046,content/ai/classes/cl_ara_crypto_cryp_SymmetricCipherCtx_17a141/rec_SWS_CRYPT_50046_02.html,Verwendung KI-generiert / AI generated,497
classes/cl_ara_crypto_cryp_SymmetricCipherCtx_17a141.html,SWS_CRYPT_50049,content/ai/classes/cl_ara_crypto_cryp_SymmetricCipherCtx_17a141/rec_SWS_CRYPT_50049_03.html,Verwendung KI-generiert / AI generated,913
classes/cl_ara_crypto_cryp_SymmetricCipherCtx_17a141.html,SWS_CRYPT_50045,content/ai/classes/cl_ara_crypto_cryp_SymmetricCipherCtx_17a141/rec_SWS_CRYPT_50045_04.html,Verwendung KI-generiert / AI generated,886
classes/cl_ara_crypto_cryp_SymmetricCipherCtx_17a141.html,SWS_CRYPT_23618,content/ai/classes/cl_ara_crypto_cryp_SymmetricCipherCtx_17a141/rec_SWS_CRYPT_23618_05.html,Verwendung KI-generiert / AI generated,893
classes/cl_ara_crypto_cryp_SymmetricCipherCtx_17a141.html,SWS_CRYPT_50050,content/ai/classes/cl_ara_crypto_cryp_SymmetricCipherCtx_17a141/rec_SWS_CRYPT_50050_06.html,Verwendung KI-generiert / AI generated,502
classes/cl_ara_crypto_cryp_SymmetricCipherCtx_17a141.html,SWS_CRYPT_50142,content/ai/classes/cl_ara_crypto_cryp_SymmetricCipherCtx_17a141/rec_SWS_CRYPT_50142_07.html,Verwendung KI-generiert / AI generated,504
classes/cl_ara_crypto_cryp_SymmetricCipherCtx_17a141.html,SWS_CRYPT_50144,content/ai/classes/cl_ara_crypto_cryp_SymmetricCipherCtx_17a141/rec_SWS_CRYPT_50144_08.html,Verwendung KI-generiert / AI generated,502
classes/cl_ara_crypto_cryp_SymmetricCipherCtx_17a141.html,SWS_CRYPT_50141,content/ai/classes/cl_ara_crypto_cryp_SymmetricCipherCtx_17a141/rec_SWS_CRYPT_50141_09.html,Verwendung KI-generiert / AI generated,504
classes/cl_ara_crypto_cryp_SymmetricCipherCtx_17a141.html,SWS_CRYPT_50143,content/ai/classes/cl_ara_crypto_cryp_SymmetricCipherCtx_17a141/rec_SWS_CRYPT_50143_10.html,Verwendung KI-generiert / AI generated,498
classes/cl_ara_crypto_cryp_SymmetricCipherCtx_17a141.html,SWS_CRYPT_50140,content/ai/classes/cl_ara_crypto_cryp_SymmetricCipherCtx_17a141/rec_SWS_CRYPT_50140_11.html,Verwendung KI-generiert / AI generated,510
classes/cl_ara_crypto_cryp_SymmetricCipherCtx_17a141.html,SWS_CRYPT_50047,content/ai/classes/cl_ara_crypto_cryp_SymmetricCipherCtx_17a141/rec_SWS_CRYPT_50047_12.html,Verwendung KI-generiert / AI generated,901
classes/cl_ara_crypto_cryp_SymmetricCipherCtx_17a141.html,SWS_CRYPT_50048,content/ai/classes/cl_ara_crypto_cryp_SymmetricCipherCtx_17a141/rec_SWS_CRYPT_50048_13.html,Verwendung KI-generiert / AI generated,912
classes/cl_ara_crypto_cryp_SymmetricCipherCtx_17a141.html,SWS_CRYPT_23613,content/ai/classes/cl_ara_crypto_cryp_SymmetricCipherCtx_17a141/rec_SWS_CRYPT_23613_14.html,Verwendung KI-generiert / AI generated,468
classes/cl_ara_crypto_cryp_SymmetricCipherCtx_17a141.html,SWS_CRYPT_50043,content/ai/classes/cl_ara_crypto_cryp_SymmetricCipherCtx_17a141/rec_SWS_CRYPT_50043_15.html,Verwendung KI-generiert / AI generated,883
classes/cl_ara_crypto_cryp_SymmetricCipherCtx_17a141.html,SWS_CRYPT_50138,content/ai/classes/cl_ara_crypto_cryp_SymmetricCipherCtx_17a141/rec_SWS_CRYPT_50138_16.html,Verwendung KI-generiert / AI generated,883
classes/cl_ara_crypto_cryp_SymmetricCipherCtx_17a141.html,SWS_CRYPT_23625,content/ai/classes/cl_ara_crypto_cryp_SymmetricCipherCtx_17a141/rec_SWS_CRYPT_23625_17.html,Verwendung KI-generiert / AI generated,879
classes/cl_ara_crypto_cryp_SymmetricCipherCtx_17a141.html,SWS_CRYPT_50044,content/ai/classes/cl_ara_crypto_cryp_SymmetricCipherCtx_17a141/rec_SWS_CRYPT_50044_18.html,Verwendung KI-generiert / AI generated,879
classes/cl_ara_crypto_cryp_SymmetricCipherCtx_17a141.html,SWS_CRYPT_50139,content/ai/classes/cl_ara_crypto_cryp_SymmetricCipherCtx_17a141/rec_SWS_CRYPT_50139_19.html,Verwendung KI-generiert / AI generated,524
classes/cl_ara_crypto_cryp_SymmetricKeyWrapperCtx_eff1d9.html,(Seite),content/ai/classes/cl_ara_crypto_cryp_SymmetricKeyWrapperCtx_eff1d9/main_01.html,Rolle im Crypto Stack,1974
classes/cl_ara_crypto_cryp_SymmetricKeyWrapperCtx_eff1d9.html,SWS_CRYPT_50035,content/ai/classes/cl_ara_crypto_cryp_SymmetricKeyWrapperCtx_eff1d9/rec_SWS_CRYPT_50035_02.html,Verwendung KI-generiert / AI generated,617
classes/cl_ara_crypto_cryp_SymmetricKeyWrapperCtx_eff1d9.html,SWS_CRYPT_24018,content/ai/classes/cl_ara_crypto_cryp_SymmetricKeyWrapperCtx_eff1d9/rec_SWS_CRYPT_24018_03.html,Verwendung KI-generiert / AI generated,887
classes/cl_ara_crypto_cryp_SymmetricKeyWrapperCtx_eff1d9.html,SWS_CRYPT_50034,content/ai/classes/cl_ara_crypto_cryp_SymmetricKeyWrapperCtx_eff1d9/rec_SWS_CRYPT_50034_04.html,Verwendung KI-generiert / AI generated,887
classes/cl_ara_crypto_cryp_SymmetricKeyWrapperCtx_eff1d9.html,SWS_CRYPT_24016,content/ai/classes/cl_ara_crypto_cryp_SymmetricKeyWrapperCtx_eff1d9/rec_SWS_CRYPT_24016_05.html,Verwendung KI-generiert / AI generated,486
classes/cl_ara_crypto_cryp_SymmetricKeyWrapperCtx_eff1d9.html,SWS_CRYPT_24014,content/ai/classes/cl_ara_crypto_cryp_SymmetricKeyWrapperCtx_eff1d9/rec_SWS_CRYPT_24014_06.html,Verwendung KI-generiert / AI generated,515
classes/cl_ara_crypto_cryp_SymmetricKey_25c975.html,(Seite),content/ai/classes/cl_ara_crypto_cryp_SymmetricKey_25c975/main_01.html,Rolle im Crypto Stack,1573
classes/cl_ara_crypto_cryp_VerifierPublicCtx_cbefc2.html,(Seite),content/ai/classes/cl_ara_crypto_cryp_VerifierPublicCtx_cbefc2/main_01.html,Rolle im Crypto Stack,2059
classes/cl_ara_crypto_cryp_VerifierPublicCtx_cbefc2.html,SWS_CRYPT_50023,content/ai/classes/cl_ara_crypto_cryp_VerifierPublicCtx_cbefc2/rec_SWS_CRYPT_50023_02.html,Verwendung KI-generiert / AI generated,496
classes/cl_ara_crypto_cryp_VerifierPublicCtx_cbefc2.html,SWS_CRYPT_50022,content/ai/classes/cl_ara_crypto_cryp_VerifierPublicCtx_cbefc2/rec_SWS_CRYPT_50022_03.html,Verwendung KI-generiert / AI generated,885
classes/cl_ara_crypto_cryp_VerifierPublicCtx_cbefc2.html,SWS_CRYPT_50025,content/ai/classes/cl_ara_crypto_cryp_VerifierPublicCtx_cbefc2/rec_SWS_CRYPT_50025_04.html,Verwendung KI-generiert / AI generated,501
classes/cl_ara_crypto_cryp_VerifierPublicCtx_cbefc2.html,SWS_CRYPT_24115,content/ai/classes/cl_ara_crypto_cryp_VerifierPublicCtx_cbefc2/rec_SWS_CRYPT_24115_05.html,Verwendung KI-generiert / AI generated,882
classes/cl_ara_crypto_cryp_VerifierPublicCtx_cbefc2.html,SWS_CRYPT_50018,content/ai/classes/cl_ara_crypto_cryp_VerifierPublicCtx_cbefc2/rec_SWS_CRYPT_50018_06.html,Verwendung KI-generiert / AI generated,882
classes/cl_ara_crypto_cryp_VerifierPublicCtx_cbefc2.html,SWS_CRYPT_50019,content/ai/classes/cl_ara_crypto_cryp_VerifierPublicCtx_cbefc2/rec_SWS_CRYPT_50019_07.html,Verwendung KI-generiert / AI generated,878
classes/cl_ara_crypto_cryp_VerifierPublicCtx_cbefc2.html,SWS_CRYPT_50020,content/ai/classes/cl_ara_crypto_cryp_VerifierPublicCtx_cbefc2/rec_SWS_CRYPT_50020_08.html,Verwendung KI-generiert / AI generated,878
classes/cl_ara_crypto_cryp_VerifierPublicCtx_cbefc2.html,SWS_CRYPT_50021,content/ai/classes/cl_ara_crypto_cryp_VerifierPublicCtx_cbefc2/rec_SWS_CRYPT_50021_09.html,Verwendung KI-generiert / AI generated,541
classes/cl_ara_crypto_cryp_VerifierPublicCtx_cbefc2.html,SWS_CRYPT_24112,content/ai/classes/cl_ara_crypto_cryp_VerifierPublicCtx_cbefc2/rec_SWS_CRYPT_24112_10.html,Verwendung KI-generiert / AI generated,858
classes/cl_ara_crypto_cryp_VerifierPublicCtx_cbefc2.html,SWS_CRYPT_50024,content/ai/classes/cl_ara_crypto_cryp_VerifierPublicCtx_cbefc2/rec_SWS_CRYPT_50024_11.html,Verwendung KI-generiert / AI generated,858
classes/cl_ara_crypto_cryp_WriteableKeySlot_96e71e.html,(Seite),content/ai/classes/cl_ara_crypto_cryp_WriteableKeySlot_96e71e/main_01.html,Rolle im Crypto Stack,1861
classes/cl_ara_crypto_cryp_WriteableKeySlot_96e71e.html,SWS_CRYPT_30405,content/ai/classes/cl_ara_crypto_cryp_WriteableKeySlot_96e71e/rec_SWS_CRYPT_30405_02.html,Verwendung KI-generiert / AI generated,849
classes/cl_ara_crypto_x509_CertSignRequest_04d18b.html,(Seite),content/ai/classes/cl_ara_crypto_x509_CertSignRequest_04d18b/main_01.html,Rolle im Crypto Stack,1412
classes/cl_ara_crypto_x509_CertificateValidationCtx_807113.html,(Seite),content/ai/classes/cl_ara_crypto_x509_CertificateValidationCtx_807113/main_01.html,Rolle im Crypto Stack,1547
classes/cl_ara_crypto_x509_CertificateValidationCtx_807113.html,SWS_CRYPT_50124,content/ai/classes/cl_ara_crypto_x509_CertificateValidationCtx_807113/rec_SWS_CRYPT_50124_02.html,Verwendung KI-generiert / AI generated,488
classes/cl_ara_crypto_x509_CertificateValidationCtx_807113.html,SWS_CRYPT_50117,content/ai/classes/cl_ara_crypto_x509_CertificateValidationCtx_807113/rec_SWS_CRYPT_50117_03.html,Verwendung KI-generiert / AI generated,494
classes/cl_ara_crypto_x509_CertificateValidationCtx_807113.html,SWS_CRYPT_50118,content/ai/classes/cl_ara_crypto_x509_CertificateValidationCtx_807113/rec_SWS_CRYPT_50118_04.html,Verwendung KI-generiert / AI generated,496
classes/cl_ara_crypto_x509_CertificateValidationCtx_807113.html,SWS_CRYPT_50119,content/ai/classes/cl_ara_crypto_x509_CertificateValidationCtx_807113/rec_SWS_CRYPT_50119_05.html,Verwendung KI-generiert / AI generated,496
classes/cl_ara_crypto_x509_CertificateValidationCtx_807113.html,SWS_CRYPT_50121,content/ai/classes/cl_ara_crypto_x509_CertificateValidationCtx_807113/rec_SWS_CRYPT_50121_06.html,Verwendung KI-generiert / AI generated,484
classes/cl_ara_crypto_x509_CertificateValidationCtx_807113.html,SWS_CRYPT_50120,content/ai/classes/cl_ara_crypto_x509_CertificateValidationCtx_807113/rec_SWS_CRYPT_50120_07.html,Verwendung KI-generiert / AI generated,490
classes/cl_ara_crypto_x509_CertificateValidationCtx_807113.html,SWS_CRYPT_50122,content/ai/classes/cl_ara_crypto_x509_CertificateValidationCtx_807113/rec_SWS_CRYPT_50122_08.html,Verwendung KI-generiert / AI generated,896
classes/cl_ara_crypto_x509_CertificateValidationCtx_807113.html,SWS_CRYPT_50123,content/ai/classes/cl_ara_crypto_x509_CertificateValidationCtx_807113/rec_SWS_CRYPT_50123_09.html,Verwendung KI-generiert / AI generated,919
classes/cl_ara_crypto_x509_CertificateValidationResult_1cea9c.html,(Seite),content/ai/classes/cl_ara_crypto_x509_CertificateValidationResult_1cea9c/main_01.html,Rolle im Crypto Stack,1478
classes/cl_ara_crypto_x509_CertificateValidationResult_1cea9c.html,SWS_CRYPT_50096,content/ai/classes/cl_ara_crypto_x509_CertificateValidationResult_1cea9c/rec_SWS_CRYPT_50096_02.html,Verwendung KI-generiert / AI generated,511
classes/cl_ara_crypto_x509_CertificateValidationResult_1cea9c.html,SWS_CRYPT_50095,content/ai/classes/cl_ara_crypto_x509_CertificateValidationResult_1cea9c/rec_SWS_CRYPT_50095_03.html,Verwendung KI-generiert / AI generated,512
classes/cl_ara_crypto_x509_CertificateValidationResult_1cea9c.html,SWS_CRYPT_50094,content/ai/classes/cl_ara_crypto_x509_CertificateValidationResult_1cea9c/rec_SWS_CRYPT_50094_04.html,Verwendung KI-generiert / AI generated,511
classes/cl_ara_crypto_x509_Certificate_922056.html,(Seite),content/ai/classes/cl_ara_crypto_x509_Certificate_922056/main_01.html,Rolle im Crypto Stack,1750
classes/cl_ara_crypto_x509_OcspResponse_ae8bcf.html,(Seite),content/ai/classes/cl_ara_crypto_x509_OcspResponse_ae8bcf/main_01.html,Rolle im Crypto Stack,1445
classes/cl_ara_crypto_x509_OcspResponse_ae8bcf.html,SWS_CRYPT_50131,content/ai/classes/cl_ara_crypto_x509_OcspResponse_ae8bcf/rec_SWS_CRYPT_50131_02.html,Verwendung KI-generiert / AI generated,492
classes/cl_ara_crypto_x509_OcspResponse_ae8bcf.html,SWS_CRYPT_50130,content/ai/classes/cl_ara_crypto_x509_OcspResponse_ae8bcf/rec_SWS_CRYPT_50130_03.html,Verwendung KI-generiert / AI generated,494
classes/cl_ara_crypto_x509_X509DN_3945b5.html,(Seite),content/ai/classes/cl_ara_crypto_x509_X509DN_3945b5/main_01.html,Rolle im Crypto Stack,1457
classes/cl_ara_crypto_x509_X509DN_3945b5.html,SWS_CRYPT_40411,content/ai/classes/cl_ara_crypto_x509_X509DN_3945b5/rec_SWS_CRYPT_40411_02.html,Verwendung KI-generiert / AI generated,460
classes/cl_ara_crypto_x509_X509Provider_b14d9a.html,(Seite),content/ai/classes/cl_ara_crypto_x509_X509Provider_b14d9a/main_01.html,Rolle im Crypto Stack,1911
classes/cl_ara_crypto_x509_X509Provider_b14d9a.html,SWS_CRYPT_40622,content/ai/classes/cl_ara_crypto_x509_X509Provider_b14d9a/rec_SWS_CRYPT_40622_02.html,Verwendung KI-generiert / AI generated,860
classes/cl_ara_crypto_x509_X509Provider_b14d9a.html,SWS_CRYPT_40640,content/ai/classes/cl_ara_crypto_x509_X509Provider_b14d9a/rec_SWS_CRYPT_40640_03.html,Verwendung KI-generiert / AI generated,915
classes/cl_ara_crypto_x509_X509Provider_b14d9a.html,SWS_CRYPT_50125,content/ai/classes/cl_ara_crypto_x509_X509Provider_b14d9a/rec_SWS_CRYPT_50125_04.html,Verwendung KI-generiert / AI generated,589
classes/cl_ara_crypto_x509_X509Provider_b14d9a.html,SWS_CRYPT_50186,content/ai/classes/cl_ara_crypto_x509_X509Provider_b14d9a/rec_SWS_CRYPT_50186_05.html,Verwendung KI-generiert / AI generated,531
classes/cl_ara_crypto_x509_X509Provider_b14d9a.html,SWS_CRYPT_50187,content/ai/classes/cl_ara_crypto_x509_X509Provider_b14d9a/rec_SWS_CRYPT_50187_06.html,Verwendung KI-generiert / AI generated,531
classes/cl_ara_crypto_x509_X509Provider_b14d9a.html,SWS_CRYPT_40626,content/ai/classes/cl_ara_crypto_x509_X509Provider_b14d9a/rec_SWS_CRYPT_40626_07.html,Verwendung KI-generiert / AI generated,540
classes/cl_ara_crypto_x509_X509Provider_b14d9a.html,SWS_CRYPT_40627,content/ai/classes/cl_ara_crypto_x509_X509Provider_b14d9a/rec_SWS_CRYPT_40627_08.html,Verwendung KI-generiert / AI generated,540
classes/cl_ara_crypto_x509_X509Provider_b14d9a.html,SWS_CRYPT_50184,content/ai/classes/cl_ara_crypto_x509_X509Provider_b14d9a/rec_SWS_CRYPT_50184_09.html,Verwendung KI-generiert / AI generated,478
classes/cl_ara_crypto_x509_X509Provider_b14d9a.html,SWS_CRYPT_40621,content/ai/classes/cl_ara_crypto_x509_X509Provider_b14d9a/rec_SWS_CRYPT_40621_10.html,Verwendung KI-generiert / AI generated,863
classes/cl_ara_crypto_x509_X509Provider_b14d9a.html,SWS_CRYPT_50127,content/ai/classes/cl_ara_crypto_x509_X509Provider_b14d9a/rec_SWS_CRYPT_50127_11.html,Verwendung KI-generiert / AI generated,870
classes/cl_ara_crypto_x509_X509Provider_b14d9a.html,SWS_CRYPT_50183,content/ai/classes/cl_ara_crypto_x509_X509Provider_b14d9a/rec_SWS_CRYPT_50183_12.html,Verwendung KI-generiert / AI generated,855
classes/cl_ara_crypto_x509_X509Provider_b14d9a.html,SWS_CRYPT_40641,content/ai/classes/cl_ara_crypto_x509_X509Provider_b14d9a/rec_SWS_CRYPT_40641_13.html,Verwendung KI-generiert / AI generated,490
classes/cl_ara_crypto_x509_X509Provider_b14d9a.html,SWS_CRYPT_50126,content/ai/classes/cl_ara_crypto_x509_X509Provider_b14d9a/rec_SWS_CRYPT_50126_14.html,Verwendung KI-generiert / AI generated,495
classes/cl_ara_crypto_x509_X509Provider_b14d9a.html,SWS_CRYPT_40614,content/ai/classes/cl_ara_crypto_x509_X509Provider_b14d9a/rec_SWS_CRYPT_40614_15.html,Verwendung KI-generiert / AI generated,484
classes/cl_ara_crypto_x509_X509Provider_b14d9a.html,SWS_CRYPT_40616,content/ai/classes/cl_ara_crypto_x509_X509Provider_b14d9a/rec_SWS_CRYPT_40616_16.html,Verwendung KI-generiert / AI generated,489
classes/cl_ara_crypto_x509_X509Provider_b14d9a.html,SWS_CRYPT_50185,content/ai/classes/cl_ara_crypto_x509_X509Provider_b14d9a/rec_SWS_CRYPT_50185_17.html,Verwendung KI-generiert / AI generated,492
classes/cl_ara_crypto_x509_X509Provider_b14d9a.html,SWS_CRYPT_50128,content/ai/classes/cl_ara_crypto_x509_X509Provider_b14d9a/rec_SWS_CRYPT_50128_18.html,Verwendung KI-generiert / AI generated,495
classes/cl_ara_diag_Authentication_024e34.html,(Seite),content/ai/classes/cl_ara_diag_Authentication_024e34/main_01.html,Verwendungszweck,2226
classes/cl_ara_diag_Authentication_024e34.html,SWS_DM_01124,content/ai/classes/cl_ara_diag_Authentication_024e34/rec_SWS_DM_01124_02.html,Verwendung KI-generiert / AI generated,1118
classes/cl_ara_diag_Authentication_024e34.html,SWS_DM_01130,content/ai/classes/cl_ara_diag_Authentication_024e34/rec_SWS_DM_01130_03.html,Verwendung KI-generiert / AI generated,559
classes/cl_ara_diag_Authentication_024e34.html,SWS_DM_01131,content/ai/classes/cl_ara_diag_Authentication_024e34/rec_SWS_DM_01131_04.html,Verwendung KI-generiert / AI generated,455
classes/cl_ara_diag_Authentication_024e34.html,SWS_DM_01127,content/ai/classes/cl_ara_diag_Authentication_024e34/rec_SWS_DM_01127_05.html,Verwendung KI-generiert / AI generated,1018
classes/cl_ara_diag_Authentication_024e34.html,SWS_DM_01126,content/ai/classes/cl_ara_diag_Authentication_024e34/rec_SWS_DM_01126_06.html,Verwendung KI-generiert / AI generated,855
classes/cl_ara_diag_Authentication_024e34.html,SWS_DM_01128,content/ai/classes/cl_ara_diag_Authentication_024e34/rec_SWS_DM_01128_07.html,Verwendung KI-generiert / AI generated,805
classes/cl_ara_diag_Authentication_024e34.html,SWS_DM_01125,content/ai/classes/cl_ara_diag_Authentication_024e34/rec_SWS_DM_01125_08.html,Verwendung KI-generiert / AI generated,395
classes/cl_ara_diag_CancellationHandler_e2b2ab.html,(Seite),content/ai/classes/cl_ara_diag_CancellationHandler_e2b2ab/main_01.html,Verwendungszweck,1321
classes/cl_ara_diag_CancellationHandler_e2b2ab.html,SWS_DM_00614,content/ai/classes/cl_ara_diag_CancellationHandler_e2b2ab/rec_SWS_DM_00614_02.html,Verwendung KI-generiert / AI generated,584
classes/cl_ara_diag_CancellationHandler_e2b2ab.html,SWS_DM_00615,content/ai/classes/cl_ara_diag_CancellationHandler_e2b2ab/rec_SWS_DM_00615_03.html,Verwendung KI-generiert / AI generated,575
classes/cl_ara_diag_ClientAuthenticationHandle_f03a02.html,(Seite),content/ai/classes/cl_ara_diag_ClientAuthenticationHandle_f03a02/main_01.html,Verwendungszweck,1426
classes/cl_ara_diag_ClientAuthenticationHandle_f03a02.html,SWS_DM_01152,content/ai/classes/cl_ara_diag_ClientAuthenticationHandle_f03a02/rec_SWS_DM_01152_02.html,Verwendung KI-generiert / AI generated,629
classes/cl_ara_diag_ClientAuthenticationHandle_f03a02.html,SWS_DM_01146,content/ai/classes/cl_ara_diag_ClientAuthenticationHandle_f03a02/rec_SWS_DM_01146_03.html,Verwendung KI-generiert / AI generated,429
classes/cl_ara_diag_ClientAuthenticationHandle_f03a02.html,SWS_DM_01155,content/ai/classes/cl_ara_diag_ClientAuthenticationHandle_f03a02/rec_SWS_DM_01155_04.html,Verwendung KI-generiert / AI generated,602
classes/cl_ara_diag_ClientAuthenticationHandle_f03a02.html,SWS_DM_01154,content/ai/classes/cl_ara_diag_ClientAuthenticationHandle_f03a02/rec_SWS_DM_01154_05.html,Verwendung KI-generiert / AI generated,584
classes/cl_ara_diag_ClientAuthenticationHandle_f03a02.html,SWS_DM_01153,content/ai/classes/cl_ara_diag_ClientAuthenticationHandle_f03a02/rec_SWS_DM_01153_06.html,Verwendung KI-generiert / AI generated,585
classes/cl_ara_diag_ClientAuthenticationHandle_f03a02.html,SWS_DM_01147,content/ai/classes/cl_ara_diag_ClientAuthenticationHandle_f03a02/rec_SWS_DM_01147_07.html,Verwendung KI-generiert / AI generated,389
classes/cl_ara_diag_ClientAuthentication_f83028.html,(Seite),content/ai/classes/cl_ara_diag_ClientAuthentication_f83028/main_01.html,Verwendungszweck,1791
classes/cl_ara_diag_ClientAuthentication_f83028.html,SWS_DM_01142,content/ai/classes/cl_ara_diag_ClientAuthentication_f83028/rec_SWS_DM_01142_02.html,Verwendung KI-generiert / AI generated,881
classes/cl_ara_diag_ClientAuthentication_f83028.html,SWS_DM_01143,content/ai/classes/cl_ara_diag_ClientAuthentication_f83028/rec_SWS_DM_01143_03.html,Verwendung KI-generiert / AI generated,578
classes/cl_ara_diag_ClientAuthentication_f83028.html,SWS_DM_01141,content/ai/classes/cl_ara_diag_ClientAuthentication_f83028/rec_SWS_DM_01141_04.html,Verwendung KI-generiert / AI generated,767
classes/cl_ara_diag_ClientAuthentication_f83028.html,SWS_DM_01144,content/ai/classes/cl_ara_diag_ClientAuthentication_f83028/rec_SWS_DM_01144_05.html,Verwendung KI-generiert / AI generated,736
classes/cl_ara_diag_ClientAuthentication_f83028.html,SWS_DM_01136,content/ai/classes/cl_ara_diag_ClientAuthentication_f83028/rec_SWS_DM_01136_06.html,Verwendung KI-generiert / AI generated,397
classes/cl_ara_diag_CommunicationControl_ComCtrlRequestParamsType_4b6336.html,(Seite),content/ai/classes/cl_ara_diag_CommunicationControl_ComCtrlRequestParamsType_4b6336/main_01.html,,667
classes/cl_ara_diag_CommunicationControl_bc19db.html,(Seite),content/ai/classes/cl_ara_diag_CommunicationControl_bc19db/main_01.html,Verwendungszweck,1832
classes/cl_ara_diag_CommunicationControl_bc19db.html,SWS_DM_00808,content/ai/classes/cl_ara_diag_CommunicationControl_bc19db/rec_SWS_DM_00808_02.html,Verwendung KI-generiert / AI generated,910
classes/cl_ara_diag_CommunicationControl_bc19db.html,SWS_DM_00806,content/ai/classes/cl_ara_diag_CommunicationControl_bc19db/rec_SWS_DM_00806_03.html,Verwendung KI-generiert / AI generated,1114
classes/cl_ara_diag_CommunicationControl_bc19db.html,SWS_DM_00809,content/ai/classes/cl_ara_diag_CommunicationControl_bc19db/rec_SWS_DM_00809_04.html,Verwendung KI-generiert / AI generated,565
classes/cl_ara_diag_CommunicationControl_bc19db.html,SWS_DM_00810,content/ai/classes/cl_ara_diag_CommunicationControl_bc19db/rec_SWS_DM_00810_05.html,Verwendung KI-generiert / AI generated,461
classes/cl_ara_diag_CommunicationControl_bc19db.html,SWS_DM_00807,content/ai/classes/cl_ara_diag_CommunicationControl_bc19db/rec_SWS_DM_00807_06.html,Verwendung KI-generiert / AI generated,393
classes/cl_ara_diag_Condition_b614dc.html,(Seite),content/ai/classes/cl_ara_diag_Condition_b614dc/main_01.html,Vom Fachzustand zur Diagnosefreigabe,2248
classes/cl_ara_diag_Condition_b614dc.html,SWS_DM_00712,content/ai/classes/cl_ara_diag_Condition_b614dc/rec_SWS_DM_00712_02.html,Verwendung KI-generiert / AI generated,1044
classes/cl_ara_diag_Condition_b614dc.html,SWS_DM_00714,content/ai/classes/cl_ara_diag_Condition_b614dc/rec_SWS_DM_00714_03.html,Verwendung KI-generiert / AI generated,507
classes/cl_ara_diag_Condition_b614dc.html,SWS_DM_00715,content/ai/classes/cl_ara_diag_Condition_b614dc/rec_SWS_DM_00715_04.html,Verwendung KI-generiert / AI generated,774
classes/cl_ara_diag_Condition_b614dc.html,SWS_DM_00713,content/ai/classes/cl_ara_diag_Condition_b614dc/rec_SWS_DM_00713_05.html,Verwendung KI-generiert / AI generated,372
classes/cl_ara_diag_Conversation_8b92b3.html,(Seite),content/ai/classes/cl_ara_diag_Conversation_8b92b3/main_01.html,Laufzeitmodell eines Clientdialogs,4710
classes/cl_ara_diag_Conversation_8b92b3.html,SWS_DM_00694,content/ai/classes/cl_ara_diag_Conversation_8b92b3/rec_SWS_DM_00694_02.html,Verwendung KI-generiert / AI generated,547
classes/cl_ara_diag_Conversation_8b92b3.html,SWS_DM_00782,content/ai/classes/cl_ara_diag_Conversation_8b92b3/rec_SWS_DM_00782_03.html,Verwendung KI-generiert / AI generated,424
classes/cl_ara_diag_Conversation_8b92b3.html,SWS_DM_00692,content/ai/classes/cl_ara_diag_Conversation_8b92b3/rec_SWS_DM_00692_04.html,Verwendung KI-generiert / AI generated,573
classes/cl_ara_diag_Conversation_8b92b3.html,SWS_DM_00700,content/ai/classes/cl_ara_diag_Conversation_8b92b3/rec_SWS_DM_00700_05.html,Verwendung KI-generiert / AI generated,553
classes/cl_ara_diag_Conversation_8b92b3.html,SWS_DM_00783,content/ai/classes/cl_ara_diag_Conversation_8b92b3/rec_SWS_DM_00783_06.html,Verwendung KI-generiert / AI generated,496
classes/cl_ara_diag_Conversation_8b92b3.html,SWS_DM_00698,content/ai/classes/cl_ara_diag_Conversation_8b92b3/rec_SWS_DM_00698_07.html,Verwendung KI-generiert / AI generated,569
classes/cl_ara_diag_Conversation_8b92b3.html,SWS_DM_00708,content/ai/classes/cl_ara_diag_Conversation_8b92b3/rec_SWS_DM_00708_08.html,Verwendung KI-generiert / AI generated,667
classes/cl_ara_diag_Conversation_8b92b3.html,SWS_DM_00696,content/ai/classes/cl_ara_diag_Conversation_8b92b3/rec_SWS_DM_00696_09.html,Verwendung KI-generiert / AI generated,557
classes/cl_ara_diag_Conversation_8b92b3.html,SWS_DM_00707,content/ai/classes/cl_ara_diag_Conversation_8b92b3/rec_SWS_DM_00707_10.html,Verwendung KI-generiert / AI generated,636
classes/cl_ara_diag_Conversation_8b92b3.html,SWS_DM_00701,content/ai/classes/cl_ara_diag_Conversation_8b92b3/rec_SWS_DM_00701_11.html,Verwendung KI-generiert / AI generated,482
classes/cl_ara_diag_Conversation_8b92b3.html,SWS_DM_00695,content/ai/classes/cl_ara_diag_Conversation_8b92b3/rec_SWS_DM_00695_12.html,Verwendung KI-generiert / AI generated,1009
classes/cl_ara_diag_Conversation_8b92b3.html,SWS_DM_00697,content/ai/classes/cl_ara_diag_Conversation_8b92b3/rec_SWS_DM_00697_13.html,Verwendung KI-generiert / AI generated,665
classes/cl_ara_diag_Conversation_8b92b3.html,SWS_DM_00699,content/ai/classes/cl_ara_diag_Conversation_8b92b3/rec_SWS_DM_00699_14.html,Verwendung KI-generiert / AI generated,673
classes/cl_ara_diag_Conversation_ConversationIdentifierType_16ba5e.html,(Seite),content/ai/classes/cl_ara_diag_Conversation_ConversationIdentifierType_16ba5e/main_01.html,,655
classes/cl_ara_diag_CounterBased_3e0a55.html,(Seite),content/ai/classes/cl_ara_diag_CounterBased_3e0a55/main_01.html,,768
classes/cl_ara_diag_DTCInformation_3c3d92.html,(Seite),content/ai/classes/cl_ara_diag_DTCInformation_3c3d92/main_01.html,DTC-Sicht auf den Fehlerspeicher,2956
classes/cl_ara_diag_DTCInformation_3c3d92.html,SWS_DM_00671,content/ai/classes/cl_ara_diag_DTCInformation_3c3d92/rec_SWS_DM_00671_02.html,Verwendung KI-generiert / AI generated,976
classes/cl_ara_diag_DTCInformation_3c3d92.html,SWS_DM_00664,content/ai/classes/cl_ara_diag_DTCInformation_3c3d92/rec_SWS_DM_00664_03.html,Verwendung KI-generiert / AI generated,957
classes/cl_ara_diag_DTCInformation_3c3d92.html,SWS_DM_00674,content/ai/classes/cl_ara_diag_DTCInformation_3c3d92/rec_SWS_DM_00674_04.html,Verwendung KI-generiert / AI generated,647
classes/cl_ara_diag_DTCInformation_3c3d92.html,SWS_DM_00672,content/ai/classes/cl_ara_diag_DTCInformation_3c3d92/rec_SWS_DM_00672_05.html,Verwendung KI-generiert / AI generated,636
classes/cl_ara_diag_DTCInformation_3c3d92.html,SWS_DM_00666,content/ai/classes/cl_ara_diag_DTCInformation_3c3d92/rec_SWS_DM_00666_06.html,Verwendung KI-generiert / AI generated,702
classes/cl_ara_diag_DTCInformation_3c3d92.html,SWS_DM_00919,content/ai/classes/cl_ara_diag_DTCInformation_3c3d92/rec_SWS_DM_00919_07.html,Verwendung KI-generiert / AI generated,568
classes/cl_ara_diag_DTCInformation_3c3d92.html,SWS_DM_00669,content/ai/classes/cl_ara_diag_DTCInformation_3c3d92/rec_SWS_DM_00669_08.html,Verwendung KI-generiert / AI generated,597
classes/cl_ara_diag_DTCInformation_3c3d92.html,SWS_DM_00673,content/ai/classes/cl_ara_diag_DTCInformation_3c3d92/rec_SWS_DM_00673_09.html,Verwendung KI-generiert / AI generated,717
classes/cl_ara_diag_DTCInformation_3c3d92.html,SWS_DM_00667,content/ai/classes/cl_ara_diag_DTCInformation_3c3d92/rec_SWS_DM_00667_10.html,Verwendung KI-generiert / AI generated,978
classes/cl_ara_diag_DTCInformation_3c3d92.html,SWS_DM_00918,content/ai/classes/cl_ara_diag_DTCInformation_3c3d92/rec_SWS_DM_00918_11.html,Verwendung KI-generiert / AI generated,720
classes/cl_ara_diag_DTCInformation_3c3d92.html,SWS_DM_00670,content/ai/classes/cl_ara_diag_DTCInformation_3c3d92/rec_SWS_DM_00670_12.html,Verwendung KI-generiert / AI generated,722
classes/cl_ara_diag_DTCInformation_3c3d92.html,SWS_DM_00668,content/ai/classes/cl_ara_diag_DTCInformation_3c3d92/rec_SWS_DM_00668_13.html,Verwendung KI-generiert / AI generated,722
classes/cl_ara_diag_DTCInformation_SnapshotDataIdentifierType_a23042.html,(Seite),content/ai/classes/cl_ara_diag_DTCInformation_SnapshotDataIdentifierType_a23042/main_01.html,,658
classes/cl_ara_diag_DTCInformation_SnapshotDataRecordType_313075.html,(Seite),content/ai/classes/cl_ara_diag_DTCInformation_SnapshotDataRecordType_313075/main_01.html,,649
classes/cl_ara_diag_DTCInformation_SnapshotRecordUpdatedType_1c8ea6.html,(Seite),content/ai/classes/cl_ara_diag_DTCInformation_SnapshotRecordUpdatedType_1c8ea6/main_01.html,,583
classes/cl_ara_diag_DTCInformation_UdsDtcStatusByteType_4d708b.html,(Seite),content/ai/classes/cl_ara_diag_DTCInformation_UdsDtcStatusByteType_4d708b/main_01.html,Verwendungszweck,1122
classes/cl_ara_diag_DTCInformation_UdsDtcStatusByteType_4d708b.html,SWS_DM_02080,content/ai/classes/cl_ara_diag_DTCInformation_UdsDtcStatusByteType_4d708b/rec_SWS_DM_02080_02.html,Verwendung KI-generiert / AI generated,500
classes/cl_ara_diag_DTCInformation_UdsDtcStatusByteType_4d708b.html,SWS_DM_02083,content/ai/classes/cl_ara_diag_DTCInformation_UdsDtcStatusByteType_4d708b/rec_SWS_DM_02083_03.html,Verwendung KI-generiert / AI generated,497
classes/cl_ara_diag_DTCInformation_UdsDtcStatusByteType_4d708b.html,SWS_DM_02081,content/ai/classes/cl_ara_diag_DTCInformation_UdsDtcStatusByteType_4d708b/rec_SWS_DM_02081_04.html,Verwendung KI-generiert / AI generated,500
classes/cl_ara_diag_DTCInformation_UdsDtcStatusByteType_4d708b.html,SWS_DM_02082,content/ai/classes/cl_ara_diag_DTCInformation_UdsDtcStatusByteType_4d708b/rec_SWS_DM_02082_05.html,Verwendung KI-generiert / AI generated,488
classes/cl_ara_diag_DTCInformation_UdsDtcStatusByteType_4d708b.html,SWS_DM_02084,content/ai/classes/cl_ara_diag_DTCInformation_UdsDtcStatusByteType_4d708b/rec_SWS_DM_02084_06.html,Verwendung KI-generiert / AI generated,469
classes/cl_ara_diag_DTCInformation_UdsDtcStatusByteType_4d708b.html,SWS_DM_02086,content/ai/classes/cl_ara_diag_DTCInformation_UdsDtcStatusByteType_4d708b/rec_SWS_DM_02086_07.html,Verwendung KI-generiert / AI generated,446
classes/cl_ara_diag_DTCInformation_UdsDtcStatusByteType_4d708b.html,SWS_DM_02087,content/ai/classes/cl_ara_diag_DTCInformation_UdsDtcStatusByteType_4d708b/rec_SWS_DM_02087_08.html,Verwendung KI-generiert / AI generated,456
classes/cl_ara_diag_DTCInformation_UdsDtcStatusByteType_4d708b.html,SWS_DM_02088,content/ai/classes/cl_ara_diag_DTCInformation_UdsDtcStatusByteType_4d708b/rec_SWS_DM_02088_09.html,Verwendung KI-generiert / AI generated,457
classes/cl_ara_diag_DataIdentifierConcurrencyType_278eb4.html,(Seite),content/ai/classes/cl_ara_diag_DataIdentifierConcurrencyType_278eb4/main_01.html,,677
classes/cl_ara_diag_DataTransferReadByPullHandler_9b9d23.html,(Seite),content/ai/classes/cl_ara_diag_DataTransferReadByPullHandler_9b9d23/main_01.html,Verwendungszweck,1348
classes/cl_ara_diag_DataTransferReadByPullHandler_9b9d23.html,SWS_DM_01514,content/ai/classes/cl_ara_diag_DataTransferReadByPullHandler_9b9d23/rec_SWS_DM_01514_02.html,Verwendung KI-generiert / AI generated,901
classes/cl_ara_diag_DataTransferReadByPullHandler_9b9d23.html,SWS_DM_01513,content/ai/classes/cl_ara_diag_DataTransferReadByPullHandler_9b9d23/rec_SWS_DM_01513_03.html,Verwendung KI-generiert / AI generated,903
classes/cl_ara_diag_DataTransferReadByPushHandler_c5d8ae.html,(Seite),content/ai/classes/cl_ara_diag_DataTransferReadByPushHandler_c5d8ae/main_01.html,Verwendungszweck,1217
classes/cl_ara_diag_DataTransferReadByPushHandler_c5d8ae.html,SWS_DM_01523,content/ai/classes/cl_ara_diag_DataTransferReadByPushHandler_c5d8ae/rec_SWS_DM_01523_02.html,Verwendung KI-generiert / AI generated,901
classes/cl_ara_diag_DataTransferReadByPushHandler_c5d8ae.html,SWS_DM_01522,content/ai/classes/cl_ara_diag_DataTransferReadByPushHandler_c5d8ae/rec_SWS_DM_01522_03.html,Verwendung KI-generiert / AI generated,727
classes/cl_ara_diag_DataTransferReadSession_1df8ab.html,(Seite),content/ai/classes/cl_ara_diag_DataTransferReadSession_1df8ab/main_01.html,,790
classes/cl_ara_diag_DataTransferReadSharedDataHandler_129ecd.html,(Seite),content/ai/classes/cl_ara_diag_DataTransferReadSharedDataHandler_129ecd/main_01.html,Verwendungszweck,1303
classes/cl_ara_diag_DataTransferReadSharedDataHandler_129ecd.html,SWS_DM_01505,content/ai/classes/cl_ara_diag_DataTransferReadSharedDataHandler_129ecd/rec_SWS_DM_01505_02.html,Verwendung KI-generiert / AI generated,905
classes/cl_ara_diag_DataTransferReadSharedDataHandler_129ecd.html,SWS_DM_01504,content/ai/classes/cl_ara_diag_DataTransferReadSharedDataHandler_129ecd/rec_SWS_DM_01504_03.html,Verwendung KI-generiert / AI generated,903
classes/cl_ara_diag_DataTransferWriteHandler_6b61bd.html,(Seite),content/ai/classes/cl_ara_diag_DataTransferWriteHandler_6b61bd/main_01.html,Verwendungszweck,1258
classes/cl_ara_diag_DataTransferWriteHandler_6b61bd.html,SWS_DM_01547,content/ai/classes/cl_ara_diag_DataTransferWriteHandler_6b61bd/rec_SWS_DM_01547_02.html,Verwendung KI-generiert / AI generated,821
classes/cl_ara_diag_DataTransferWriteHandler_6b61bd.html,SWS_DM_01546,content/ai/classes/cl_ara_diag_DataTransferWriteHandler_6b61bd/rec_SWS_DM_01546_03.html,Verwendung KI-generiert / AI generated,809
classes/cl_ara_diag_DataTransferWriteHandler_6b61bd.html,SWS_DM_01541,content/ai/classes/cl_ara_diag_DataTransferWriteHandler_6b61bd/rec_SWS_DM_01541_04.html,Verwendung KI-generiert / AI generated,512
classes/cl_ara_diag_DataTransferWriteSession_4220e3.html,(Seite),content/ai/classes/cl_ara_diag_DataTransferWriteSession_4220e3/main_01.html,,796
classes/cl_ara_diag_DiagErrorDomain_3f58d2.html,(Seite),content/ai/classes/cl_ara_diag_DiagErrorDomain_3f58d2/main_01.html,,730
classes/cl_ara_diag_DiagErrorDomain_3f58d2.html,SWS_DM_00520,content/ai/classes/cl_ara_diag_DiagErrorDomain_3f58d2/rec_SWS_DM_00520_02.html,Verwendung KI-generiert / AI generated,417
classes/cl_ara_diag_DiagErrorDomain_3f58d2.html,SWS_DM_00522,content/ai/classes/cl_ara_diag_DiagErrorDomain_3f58d2/rec_SWS_DM_00522_03.html,Verwendung KI-generiert / AI generated,476
classes/cl_ara_diag_DiagErrorDomain_3f58d2.html,SWS_DM_00521,content/ai/classes/cl_ara_diag_DiagErrorDomain_3f58d2/rec_SWS_DM_00521_04.html,Verwendung KI-generiert / AI generated,432
classes/cl_ara_diag_DiagErrorDomain_3f58d2.html,SWS_DM_00523,content/ai/classes/cl_ara_diag_DiagErrorDomain_3f58d2/rec_SWS_DM_00523_05.html,Verwendung KI-generiert / AI generated,575
classes/cl_ara_diag_DiagException_0ce2a1.html,(Seite),content/ai/classes/cl_ara_diag_DiagException_0ce2a1/main_01.html,,547
classes/cl_ara_diag_DiagException_0ce2a1.html,SWS_DM_00516,content/ai/classes/cl_ara_diag_DiagException_0ce2a1/rec_SWS_DM_00516_02.html,Verwendung KI-generiert / AI generated,427
classes/cl_ara_diag_DiagOfferErrorDomain_453d20.html,(Seite),content/ai/classes/cl_ara_diag_DiagOfferErrorDomain_453d20/main_01.html,,842
classes/cl_ara_diag_DiagOfferErrorDomain_453d20.html,SWS_DM_00992,content/ai/classes/cl_ara_diag_DiagOfferErrorDomain_453d20/rec_SWS_DM_00992_02.html,Verwendung KI-generiert / AI generated,427
classes/cl_ara_diag_DiagOfferErrorDomain_453d20.html,SWS_DM_00994,content/ai/classes/cl_ara_diag_DiagOfferErrorDomain_453d20/rec_SWS_DM_00994_03.html,Verwendung KI-generiert / AI generated,481
classes/cl_ara_diag_DiagOfferErrorDomain_453d20.html,SWS_DM_00993,content/ai/classes/cl_ara_diag_DiagOfferErrorDomain_453d20/rec_SWS_DM_00993_04.html,Verwendung KI-generiert / AI generated,442
classes/cl_ara_diag_DiagOfferErrorDomain_453d20.html,SWS_DM_00995,content/ai/classes/cl_ara_diag_DiagOfferErrorDomain_453d20/rec_SWS_DM_00995_05.html,Verwendung KI-generiert / AI generated,580
classes/cl_ara_diag_DiagOfferException_d72c58.html,(Seite),content/ai/classes/cl_ara_diag_DiagOfferException_d72c58/main_01.html,,469
classes/cl_ara_diag_DiagOfferException_d72c58.html,SWS_DM_00986,content/ai/classes/cl_ara_diag_DiagOfferException_d72c58/rec_SWS_DM_00986_02.html,Verwendung KI-generiert / AI generated,437
classes/cl_ara_diag_DiagReportingErrorDomain_57e585.html,(Seite),content/ai/classes/cl_ara_diag_DiagReportingErrorDomain_57e585/main_01.html,Verwendungszweck,812
classes/cl_ara_diag_DiagReportingErrorDomain_57e585.html,SWS_DM_00999,content/ai/classes/cl_ara_diag_DiagReportingErrorDomain_57e585/rec_SWS_DM_00999_02.html,Verwendung KI-generiert / AI generated,435
classes/cl_ara_diag_DiagReportingErrorDomain_57e585.html,SWS_DM_01001,content/ai/classes/cl_ara_diag_DiagReportingErrorDomain_57e585/rec_SWS_DM_01001_03.html,Verwendung KI-generiert / AI generated,485
classes/cl_ara_diag_DiagReportingErrorDomain_57e585.html,SWS_DM_01000,content/ai/classes/cl_ara_diag_DiagReportingErrorDomain_57e585/rec_SWS_DM_01000_04.html,Verwendung KI-generiert / AI generated,450
classes/cl_ara_diag_DiagReportingErrorDomain_57e585.html,SWS_DM_01002,content/ai/classes/cl_ara_diag_DiagReportingErrorDomain_57e585/rec_SWS_DM_01002_05.html,Verwendung KI-generiert / AI generated,584
classes/cl_ara_diag_DiagReportingException_3e6864.html,(Seite),content/ai/classes/cl_ara_diag_DiagReportingException_3e6864/main_01.html,,460
classes/cl_ara_diag_DiagReportingException_3e6864.html,SWS_DM_00988,content/ai/classes/cl_ara_diag_DiagReportingException_3e6864/rec_SWS_DM_00988_02.html,Verwendung KI-generiert / AI generated,445
classes/cl_ara_diag_DiagSovdErrorDomain_0adc8c.html,(Seite),content/ai/classes/cl_ara_diag_DiagSovdErrorDomain_0adc8c/main_01.html,Verwendungszweck,855
classes/cl_ara_diag_DiagSovdErrorDomain_0adc8c.html,SWS_DM_01812,content/ai/classes/cl_ara_diag_DiagSovdErrorDomain_0adc8c/rec_SWS_DM_01812_02.html,Verwendung KI-generiert / AI generated,425
classes/cl_ara_diag_DiagSovdErrorDomain_0adc8c.html,SWS_DM_01814,content/ai/classes/cl_ara_diag_DiagSovdErrorDomain_0adc8c/rec_SWS_DM_01814_03.html,Verwendung KI-generiert / AI generated,480
classes/cl_ara_diag_DiagSovdErrorDomain_0adc8c.html,SWS_DM_01813,content/ai/classes/cl_ara_diag_DiagSovdErrorDomain_0adc8c/rec_SWS_DM_01813_04.html,Verwendung KI-generiert / AI generated,440
classes/cl_ara_diag_DiagSovdErrorDomain_0adc8c.html,SWS_DM_01815,content/ai/classes/cl_ara_diag_DiagSovdErrorDomain_0adc8c/rec_SWS_DM_01815_05.html,Verwendung KI-generiert / AI generated,579
classes/cl_ara_diag_DiagSovdException_e7d05d.html,(Seite),content/ai/classes/cl_ara_diag_DiagSovdException_e7d05d/main_01.html,,562
classes/cl_ara_diag_DiagSovdException_e7d05d.html,SWS_DM_01808,content/ai/classes/cl_ara_diag_DiagSovdException_e7d05d/rec_SWS_DM_01808_02.html,Verwendung KI-generiert / AI generated,435
classes/cl_ara_diag_DiagUdsNrcErrorDomain_366117.html,(Seite),content/ai/classes/cl_ara_diag_DiagUdsNrcErrorDomain_366117/main_01.html,Verwendungszweck,1090
classes/cl_ara_diag_DiagUdsNrcErrorDomain_366117.html,SWS_DM_00532,content/ai/classes/cl_ara_diag_DiagUdsNrcErrorDomain_366117/rec_SWS_DM_00532_02.html,Verwendung KI-generiert / AI generated,429
classes/cl_ara_diag_DiagUdsNrcErrorDomain_366117.html,SWS_DM_00534,content/ai/classes/cl_ara_diag_DiagUdsNrcErrorDomain_366117/rec_SWS_DM_00534_03.html,Verwendung KI-generiert / AI generated,482
classes/cl_ara_diag_DiagUdsNrcErrorDomain_366117.html,SWS_DM_00533,content/ai/classes/cl_ara_diag_DiagUdsNrcErrorDomain_366117/rec_SWS_DM_00533_04.html,Verwendung KI-generiert / AI generated,444
classes/cl_ara_diag_DiagUdsNrcErrorDomain_366117.html,SWS_DM_00535,content/ai/classes/cl_ara_diag_DiagUdsNrcErrorDomain_366117/rec_SWS_DM_00535_05.html,Verwendung KI-generiert / AI generated,581
classes/cl_ara_diag_DiagUdsNrcException_c1fe56.html,(Seite),content/ai/classes/cl_ara_diag_DiagUdsNrcException_c1fe56/main_01.html,,450
classes/cl_ara_diag_DiagUdsNrcException_c1fe56.html,SWS_DM_00528,content/ai/classes/cl_ara_diag_DiagUdsNrcException_c1fe56/rec_SWS_DM_00528_02.html,Verwendung KI-generiert / AI generated,439
classes/cl_ara_diag_DiagnosticServiceDynamicAccessList_b44b40.html,(Seite),content/ai/classes/cl_ara_diag_DiagnosticServiceDynamicAccessList_b44b40/main_01.html,Verwendungszweck,1052
classes/cl_ara_diag_DiagnosticServiceDynamicAccessList_b44b40.html,SWS_DM_01157,content/ai/classes/cl_ara_diag_DiagnosticServiceDynamicAccessList_b44b40/rec_SWS_DM_01157_02.html,Verwendung KI-generiert / AI generated,435
classes/cl_ara_diag_DiagnosticServiceDynamicAccessList_b44b40.html,SWS_DM_01159,content/ai/classes/cl_ara_diag_DiagnosticServiceDynamicAccessList_b44b40/rec_SWS_DM_01159_03.html,Verwendung KI-generiert / AI generated,430
classes/cl_ara_diag_DiagnosticServiceDynamicAccessList_b44b40.html,SWS_DM_01160,content/ai/classes/cl_ara_diag_DiagnosticServiceDynamicAccessList_b44b40/rec_SWS_DM_01160_04.html,Verwendung KI-generiert / AI generated,438
classes/cl_ara_diag_DiagnosticServiceDynamicAccessList_b44b40.html,SWS_DM_01164,content/ai/classes/cl_ara_diag_DiagnosticServiceDynamicAccessList_b44b40/rec_SWS_DM_01164_05.html,Verwendung KI-generiert / AI generated,553
classes/cl_ara_diag_DiagnosticServiceDynamicAccessList_b44b40.html,SWS_DM_01165,content/ai/classes/cl_ara_diag_DiagnosticServiceDynamicAccessList_b44b40/rec_SWS_DM_01165_06.html,Verwendung KI-generiert / AI generated,552
classes/cl_ara_diag_DiagnosticServiceDynamicAccessList_b44b40.html,SWS_DM_01163,content/ai/classes/cl_ara_diag_DiagnosticServiceDynamicAccessList_b44b40/rec_SWS_DM_01163_07.html,Verwendung KI-generiert / AI generated,635
classes/cl_ara_diag_DiagnosticServiceDynamicAccessList_b44b40.html,SWS_DM_01161,content/ai/classes/cl_ara_diag_DiagnosticServiceDynamicAccessList_b44b40/rec_SWS_DM_01161_08.html,Verwendung KI-generiert / AI generated,470
classes/cl_ara_diag_DiagnosticServiceDynamicAccessList_b44b40.html,SWS_DM_01162,content/ai/classes/cl_ara_diag_DiagnosticServiceDynamicAccessList_b44b40/rec_SWS_DM_01162_09.html,Verwendung KI-generiert / AI generated,471
classes/cl_ara_diag_DiagnosticServiceDynamicAccessList_b44b40.html,SWS_DM_01158,content/ai/classes/cl_ara_diag_DiagnosticServiceDynamicAccessList_b44b40/rec_SWS_DM_01158_10.html,Verwendung KI-generiert / AI generated,448
classes/cl_ara_diag_DiagnosticSovdArrayContentElementDataConstIterator_15298c.html,(Seite),content/ai/classes/cl_ara_diag_DiagnosticSovdArrayContentElementDataConstIterator_15298c/main_01.html,,648
classes/cl_ara_diag_DiagnosticSovdArrayContentElementDataConstIterator_15298c.html,SWS_DM_02225,content/ai/classes/cl_ara_diag_DiagnosticSovdArrayContentElementDataConstIterator_15298c/rec_SWS_DM_02225_02.html,Verwendung KI-generiert / AI generated,441
classes/cl_ara_diag_DiagnosticSovdArrayContentElementDataConstIterator_15298c.html,SWS_DM_02222,content/ai/classes/cl_ara_diag_DiagnosticSovdArrayContentElementDataConstIterator_15298c/rec_SWS_DM_02222_03.html,Verwendung KI-generiert / AI generated,484
classes/cl_ara_diag_DiagnosticSovdArrayContentElementDataConstIterator_15298c.html,SWS_DM_02226,content/ai/classes/cl_ara_diag_DiagnosticSovdArrayContentElementDataConstIterator_15298c/rec_SWS_DM_02226_04.html,Verwendung KI-generiert / AI generated,508
classes/cl_ara_diag_DiagnosticSovdArrayContentElementDataConstIterator_15298c.html,SWS_DM_02223,content/ai/classes/cl_ara_diag_DiagnosticSovdArrayContentElementDataConstIterator_15298c/rec_SWS_DM_02223_05.html,Verwendung KI-generiert / AI generated,484
classes/cl_ara_diag_DiagnosticSovdArrayContentElementDataConstIterator_15298c.html,SWS_DM_02224,content/ai/classes/cl_ara_diag_DiagnosticSovdArrayContentElementDataConstIterator_15298c/rec_SWS_DM_02224_06.html,Verwendung KI-generiert / AI generated,439
classes/cl_ara_diag_DiagnosticSovdArrayContentElementDataConstView_097558.html,(Seite),content/ai/classes/cl_ara_diag_DiagnosticSovdArrayContentElementDataConstView_097558/main_01.html,,793
classes/cl_ara_diag_DiagnosticSovdArrayContentElementDataConstView_097558.html,SWS_DM_02254,content/ai/classes/cl_ara_diag_DiagnosticSovdArrayContentElementDataConstView_097558/rec_SWS_DM_02254_02.html,Verwendung KI-generiert / AI generated,511
classes/cl_ara_diag_DiagnosticSovdArrayContentElementDataConstView_097558.html,SWS_DM_02256,content/ai/classes/cl_ara_diag_DiagnosticSovdArrayContentElementDataConstView_097558/rec_SWS_DM_02256_03.html,Verwendung KI-generiert / AI generated,512
classes/cl_ara_diag_DiagnosticSovdArrayContentElementDataConstView_097558.html,SWS_DM_02257,content/ai/classes/cl_ara_diag_DiagnosticSovdArrayContentElementDataConstView_097558/rec_SWS_DM_02257_04.html,Verwendung KI-generiert / AI generated,506
classes/cl_ara_diag_DiagnosticSovdArrayContentElementDataConstView_097558.html,SWS_DM_02251,content/ai/classes/cl_ara_diag_DiagnosticSovdArrayContentElementDataConstView_097558/rec_SWS_DM_02251_05.html,Verwendung KI-generiert / AI generated,536
classes/cl_ara_diag_DiagnosticSovdArrayContentElementDataConstView_097558.html,SWS_DM_02252,content/ai/classes/cl_ara_diag_DiagnosticSovdArrayContentElementDataConstView_097558/rec_SWS_DM_02252_06.html,Verwendung KI-generiert / AI generated,509
classes/cl_ara_diag_DiagnosticSovdArrayContentElementDataConstView_097558.html,SWS_DM_02255,content/ai/classes/cl_ara_diag_DiagnosticSovdArrayContentElementDataConstView_097558/rec_SWS_DM_02255_07.html,Verwendung KI-generiert / AI generated,505
classes/cl_ara_diag_DiagnosticSovdArrayContentElementDataConstView_097558.html,SWS_DM_02249,content/ai/classes/cl_ara_diag_DiagnosticSovdArrayContentElementDataConstView_097558/rec_SWS_DM_02249_08.html,Verwendung KI-generiert / AI generated,572
classes/cl_ara_diag_DiagnosticSovdArrayContentElementDataConstView_097558.html,SWS_DM_02250,content/ai/classes/cl_ara_diag_DiagnosticSovdArrayContentElementDataConstView_097558/rec_SWS_DM_02250_09.html,Verwendung KI-generiert / AI generated,528
classes/cl_ara_diag_DiagnosticSovdArrayContentElementDataConstView_097558.html,SWS_DM_02253,content/ai/classes/cl_ara_diag_DiagnosticSovdArrayContentElementDataConstView_097558/rec_SWS_DM_02253_10.html,Verwendung KI-generiert / AI generated,716
classes/cl_ara_diag_DiagnosticSovdArrayContentElementDataIterator_40f049.html,(Seite),content/ai/classes/cl_ara_diag_DiagnosticSovdArrayContentElementDataIterator_40f049/main_01.html,,683
classes/cl_ara_diag_DiagnosticSovdArrayContentElementDataIterator_40f049.html,SWS_DM_02219,content/ai/classes/cl_ara_diag_DiagnosticSovdArrayContentElementDataIterator_40f049/rec_SWS_DM_02219_02.html,Verwendung KI-generiert / AI generated,436
classes/cl_ara_diag_DiagnosticSovdArrayContentElementDataIterator_40f049.html,SWS_DM_02216,content/ai/classes/cl_ara_diag_DiagnosticSovdArrayContentElementDataIterator_40f049/rec_SWS_DM_02216_03.html,Verwendung KI-generiert / AI generated,471
classes/cl_ara_diag_DiagnosticSovdArrayContentElementDataIterator_40f049.html,SWS_DM_02220,content/ai/classes/cl_ara_diag_DiagnosticSovdArrayContentElementDataIterator_40f049/rec_SWS_DM_02220_04.html,Verwendung KI-generiert / AI generated,503
classes/cl_ara_diag_DiagnosticSovdArrayContentElementDataIterator_40f049.html,SWS_DM_02217,content/ai/classes/cl_ara_diag_DiagnosticSovdArrayContentElementDataIterator_40f049/rec_SWS_DM_02217_05.html,Verwendung KI-generiert / AI generated,471
classes/cl_ara_diag_DiagnosticSovdArrayContentElementDataIterator_40f049.html,SWS_DM_02218,content/ai/classes/cl_ara_diag_DiagnosticSovdArrayContentElementDataIterator_40f049/rec_SWS_DM_02218_06.html,Verwendung KI-generiert / AI generated,434
classes/cl_ara_diag_DiagnosticSovdArrayContentElementDataView_d613fc.html,(Seite),content/ai/classes/cl_ara_diag_DiagnosticSovdArrayContentElementDataView_d613fc/main_01.html,Verwendungszweck,1342
classes/cl_ara_diag_DiagnosticSovdArrayContentElementDataView_d613fc.html,SWS_DM_02236,content/ai/classes/cl_ara_diag_DiagnosticSovdArrayContentElementDataView_d613fc/rec_SWS_DM_02236_02.html,Verwendung KI-generiert / AI generated,506
classes/cl_ara_diag_DiagnosticSovdArrayContentElementDataView_d613fc.html,SWS_DM_02238,content/ai/classes/cl_ara_diag_DiagnosticSovdArrayContentElementDataView_d613fc/rec_SWS_DM_02238_03.html,Verwendung KI-generiert / AI generated,507
classes/cl_ara_diag_DiagnosticSovdArrayContentElementDataView_d613fc.html,SWS_DM_02239,content/ai/classes/cl_ara_diag_DiagnosticSovdArrayContentElementDataView_d613fc/rec_SWS_DM_02239_04.html,Verwendung KI-generiert / AI generated,501
classes/cl_ara_diag_DiagnosticSovdArrayContentElementDataView_d613fc.html,SWS_DM_02231,content/ai/classes/cl_ara_diag_DiagnosticSovdArrayContentElementDataView_d613fc/rec_SWS_DM_02231_05.html,Verwendung KI-generiert / AI generated,531
classes/cl_ara_diag_DiagnosticSovdArrayContentElementDataView_d613fc.html,SWS_DM_02233,content/ai/classes/cl_ara_diag_DiagnosticSovdArrayContentElementDataView_d613fc/rec_SWS_DM_02233_06.html,Verwendung KI-generiert / AI generated,473
classes/cl_ara_diag_DiagnosticSovdArrayContentElementDataView_d613fc.html,SWS_DM_02232,content/ai/classes/cl_ara_diag_DiagnosticSovdArrayContentElementDataView_d613fc/rec_SWS_DM_02232_07.html,Verwendung KI-generiert / AI generated,504
classes/cl_ara_diag_DiagnosticSovdArrayContentElementDataView_d613fc.html,SWS_DM_02237,content/ai/classes/cl_ara_diag_DiagnosticSovdArrayContentElementDataView_d613fc/rec_SWS_DM_02237_08.html,Verwendung KI-generiert / AI generated,500
classes/cl_ara_diag_DiagnosticSovdArrayContentElementDataView_d613fc.html,SWS_DM_02247,content/ai/classes/cl_ara_diag_DiagnosticSovdArrayContentElementDataView_d613fc/rec_SWS_DM_02247_09.html,Verwendung KI-generiert / AI generated,679
classes/cl_ara_diag_DiagnosticSovdArrayContentElementDataView_d613fc.html,SWS_DM_02228,content/ai/classes/cl_ara_diag_DiagnosticSovdArrayContentElementDataView_d613fc/rec_SWS_DM_02228_10.html,Verwendung KI-generiert / AI generated,567
classes/cl_ara_diag_DiagnosticSovdArrayContentElementDataView_d613fc.html,SWS_DM_02241,content/ai/classes/cl_ara_diag_DiagnosticSovdArrayContentElementDataView_d613fc/rec_SWS_DM_02241_11.html,Verwendung KI-generiert / AI generated,735
classes/cl_ara_diag_DiagnosticSovdArrayContentElementDataView_d613fc.html,SWS_DM_02242,content/ai/classes/cl_ara_diag_DiagnosticSovdArrayContentElementDataView_d613fc/rec_SWS_DM_02242_12.html,Verwendung KI-generiert / AI generated,731
classes/cl_ara_diag_DiagnosticSovdArrayContentElementDataView_d613fc.html,SWS_DM_02243,content/ai/classes/cl_ara_diag_DiagnosticSovdArrayContentElementDataView_d613fc/rec_SWS_DM_02243_13.html,Verwendung KI-generiert / AI generated,715
classes/cl_ara_diag_DiagnosticSovdArrayContentElementDataView_d613fc.html,SWS_DM_02244,content/ai/classes/cl_ara_diag_DiagnosticSovdArrayContentElementDataView_d613fc/rec_SWS_DM_02244_14.html,Verwendung KI-generiert / AI generated,706
classes/cl_ara_diag_DiagnosticSovdArrayContentElementDataView_d613fc.html,SWS_DM_02245,content/ai/classes/cl_ara_diag_DiagnosticSovdArrayContentElementDataView_d613fc/rec_SWS_DM_02245_15.html,Verwendung KI-generiert / AI generated,728
classes/cl_ara_diag_DiagnosticSovdArrayContentElementDataView_d613fc.html,SWS_DM_02246,content/ai/classes/cl_ara_diag_DiagnosticSovdArrayContentElementDataView_d613fc/rec_SWS_DM_02246_16.html,Verwendung KI-generiert / AI generated,525
classes/cl_ara_diag_DiagnosticSovdArrayContentElementDataView_d613fc.html,SWS_DM_02240,content/ai/classes/cl_ara_diag_DiagnosticSovdArrayContentElementDataView_d613fc/rec_SWS_DM_02240_17.html,Verwendung KI-generiert / AI generated,441
classes/cl_ara_diag_DiagnosticSovdContentData_ec5b7b.html,(Seite),content/ai/classes/cl_ara_diag_DiagnosticSovdContentData_ec5b7b/main_01.html,,593
classes/cl_ara_diag_DiagnosticSovdContentElementDataWithKey_b3e134.html,(Seite),content/ai/classes/cl_ara_diag_DiagnosticSovdContentElementDataWithKey_b3e134/main_01.html,Verwendungszweck,1055
classes/cl_ara_diag_DiagnosticSovdContentElementDataWithKey_b3e134.html,SWS_DM_02381,content/ai/classes/cl_ara_diag_DiagnosticSovdContentElementDataWithKey_b3e134/rec_SWS_DM_02381_02.html,Verwendung KI-generiert / AI generated,551
classes/cl_ara_diag_DiagnosticSovdContentElementData_b748af.html,(Seite),content/ai/classes/cl_ara_diag_DiagnosticSovdContentElementData_b748af/main_01.html,Verwendungszweck,2859
classes/cl_ara_diag_DiagnosticSovdContentElementData_b748af.html,SWS_DM_02344,content/ai/classes/cl_ara_diag_DiagnosticSovdContentElementData_b748af/rec_SWS_DM_02344_02.html,Verwendung KI-generiert / AI generated,562
classes/cl_ara_diag_DiagnosticSovdContentElementData_b748af.html,SWS_DM_02337,content/ai/classes/cl_ara_diag_DiagnosticSovdContentElementData_b748af/rec_SWS_DM_02337_03.html,Verwendung KI-generiert / AI generated,586
classes/cl_ara_diag_DiagnosticSovdContentElementData_b748af.html,SWS_DM_02327,content/ai/classes/cl_ara_diag_DiagnosticSovdContentElementData_b748af/rec_SWS_DM_02327_04.html,Verwendung KI-generiert / AI generated,572
classes/cl_ara_diag_DiagnosticSovdContentElementData_b748af.html,SWS_DM_02359,content/ai/classes/cl_ara_diag_DiagnosticSovdContentElementData_b748af/rec_SWS_DM_02359_05.html,Verwendung KI-generiert / AI generated,598
classes/cl_ara_diag_DiagnosticSovdContentElementData_b748af.html,SWS_DM_02361,content/ai/classes/cl_ara_diag_DiagnosticSovdContentElementData_b748af/rec_SWS_DM_02361_06.html,Verwendung KI-generiert / AI generated,615
classes/cl_ara_diag_DiagnosticSovdContentElementData_b748af.html,SWS_DM_02362,content/ai/classes/cl_ara_diag_DiagnosticSovdContentElementData_b748af/rec_SWS_DM_02362_07.html,Verwendung KI-generiert / AI generated,611
classes/cl_ara_diag_DiagnosticSovdContentElementData_b748af.html,SWS_DM_02353,content/ai/classes/cl_ara_diag_DiagnosticSovdContentElementData_b748af/rec_SWS_DM_02353_08.html,Verwendung KI-generiert / AI generated,562
classes/cl_ara_diag_DiagnosticSovdContentElementData_b748af.html,SWS_DM_02360,content/ai/classes/cl_ara_diag_DiagnosticSovdContentElementData_b748af/rec_SWS_DM_02360_09.html,Verwendung KI-generiert / AI generated,594
classes/cl_ara_diag_DiagnosticSovdContentElementData_b748af.html,SWS_DM_02357,content/ai/classes/cl_ara_diag_DiagnosticSovdContentElementData_b748af/rec_SWS_DM_02357_10.html,Verwendung KI-generiert / AI generated,612
classes/cl_ara_diag_DiagnosticSovdContentElementData_b748af.html,SWS_DM_02358,content/ai/classes/cl_ara_diag_DiagnosticSovdContentElementData_b748af/rec_SWS_DM_02358_11.html,Verwendung KI-generiert / AI generated,636
classes/cl_ara_diag_DiagnosticSovdRecordContentElementDataConstIterator_b2d505.html,(Seite),content/ai/classes/cl_ara_diag_DiagnosticSovdRecordContentElementDataConstIterator_b2d505/main_01.html,,624
classes/cl_ara_diag_DiagnosticSovdRecordContentElementDataConstIterator_b2d505.html,SWS_DM_02266,content/ai/classes/cl_ara_diag_DiagnosticSovdRecordContentElementDataConstIterator_b2d505/rec_SWS_DM_02266_02.html,Verwendung KI-generiert / AI generated,577
classes/cl_ara_diag_DiagnosticSovdRecordContentElementDataConstView_652920.html,(Seite),content/ai/classes/cl_ara_diag_DiagnosticSovdRecordContentElementDataConstView_652920/main_01.html,,841
classes/cl_ara_diag_DiagnosticSovdRecordContentElementDataConstView_652920.html,SWS_DM_02301,content/ai/classes/cl_ara_diag_DiagnosticSovdRecordContentElementDataConstView_652920/rec_SWS_DM_02301_02.html,Verwendung KI-generiert / AI generated,670
classes/cl_ara_diag_DiagnosticSovdRecordContentElementDataConstView_652920.html,SWS_DM_02303,content/ai/classes/cl_ara_diag_DiagnosticSovdRecordContentElementDataConstView_652920/rec_SWS_DM_02303_03.html,Verwendung KI-generiert / AI generated,585
classes/cl_ara_diag_DiagnosticSovdRecordContentElementDataConstView_652920.html,SWS_DM_02304,content/ai/classes/cl_ara_diag_DiagnosticSovdRecordContentElementDataConstView_652920/rec_SWS_DM_02304_04.html,Verwendung KI-generiert / AI generated,568
classes/cl_ara_diag_DiagnosticSovdRecordContentElementDataConstView_652920.html,SWS_DM_02298,content/ai/classes/cl_ara_diag_DiagnosticSovdRecordContentElementDataConstView_652920/rec_SWS_DM_02298_05.html,Verwendung KI-generiert / AI generated,574
classes/cl_ara_diag_DiagnosticSovdRecordContentElementDataConstView_652920.html,SWS_DM_02302,content/ai/classes/cl_ara_diag_DiagnosticSovdRecordContentElementDataConstView_652920/rec_SWS_DM_02302_06.html,Verwendung KI-generiert / AI generated,567
classes/cl_ara_diag_DiagnosticSovdRecordContentElementDataConstView_652920.html,SWS_DM_02305,content/ai/classes/cl_ara_diag_DiagnosticSovdRecordContentElementDataConstView_652920/rec_SWS_DM_02305_07.html,Verwendung KI-generiert / AI generated,698
classes/cl_ara_diag_DiagnosticSovdRecordContentElementDataConstView_652920.html,SWS_DM_02300,content/ai/classes/cl_ara_diag_DiagnosticSovdRecordContentElementDataConstView_652920/rec_SWS_DM_02300_08.html,Verwendung KI-generiert / AI generated,680
classes/cl_ara_diag_DiagnosticSovdRecordContentElementDataIterator_481174.html,(Seite),content/ai/classes/cl_ara_diag_DiagnosticSovdRecordContentElementDataIterator_481174/main_01.html,,630
classes/cl_ara_diag_DiagnosticSovdRecordContentElementDataIterator_481174.html,SWS_DM_02260,content/ai/classes/cl_ara_diag_DiagnosticSovdRecordContentElementDataIterator_481174/rec_SWS_DM_02260_02.html,Verwendung KI-generiert / AI generated,561
classes/cl_ara_diag_DiagnosticSovdRecordContentElementDataIterator_481174.html,SWS_DM_02259,content/ai/classes/cl_ara_diag_DiagnosticSovdRecordContentElementDataIterator_481174/rec_SWS_DM_02259_03.html,Verwendung KI-generiert / AI generated,587
classes/cl_ara_diag_DiagnosticSovdRecordContentElementDataView_3f3fe0.html,(Seite),content/ai/classes/cl_ara_diag_DiagnosticSovdRecordContentElementDataView_3f3fe0/main_01.html,Verwendungszweck,1340
classes/cl_ara_diag_DiagnosticSovdRecordContentElementDataView_3f3fe0.html,SWS_DM_02288,content/ai/classes/cl_ara_diag_DiagnosticSovdRecordContentElementDataView_3f3fe0/rec_SWS_DM_02288_02.html,Verwendung KI-generiert / AI generated,795
classes/cl_ara_diag_DiagnosticSovdRecordContentElementDataView_3f3fe0.html,SWS_DM_02289,content/ai/classes/cl_ara_diag_DiagnosticSovdRecordContentElementDataView_3f3fe0/rec_SWS_DM_02289_03.html,Verwendung KI-generiert / AI generated,798
classes/cl_ara_diag_DiagnosticSovdRecordContentElementDataView_3f3fe0.html,SWS_DM_02290,content/ai/classes/cl_ara_diag_DiagnosticSovdRecordContentElementDataView_3f3fe0/rec_SWS_DM_02290_04.html,Verwendung KI-generiert / AI generated,779
classes/cl_ara_diag_DiagnosticSovdRecordContentElementDataView_3f3fe0.html,SWS_DM_02291,content/ai/classes/cl_ara_diag_DiagnosticSovdRecordContentElementDataView_3f3fe0/rec_SWS_DM_02291_05.html,Verwendung KI-generiert / AI generated,695
classes/cl_ara_diag_DiagnosticSovdRecordContentElementDataView_3f3fe0.html,SWS_DM_02292,content/ai/classes/cl_ara_diag_DiagnosticSovdRecordContentElementDataView_3f3fe0/rec_SWS_DM_02292_06.html,Verwendung KI-generiert / AI generated,761
classes/cl_ara_diag_DiagnosticSovdRecordContentElementDataView_3f3fe0.html,SWS_DM_02293,content/ai/classes/cl_ara_diag_DiagnosticSovdRecordContentElementDataView_3f3fe0/rec_SWS_DM_02293_07.html,Verwendung KI-generiert / AI generated,737
classes/cl_ara_diag_DiagnosticSovdRecordContentElementDataView_3f3fe0.html,SWS_DM_02279,content/ai/classes/cl_ara_diag_DiagnosticSovdRecordContentElementDataView_3f3fe0/rec_SWS_DM_02279_08.html,Verwendung KI-generiert / AI generated,600
classes/cl_ara_diag_DiagnosticSovdRecordContentElementDataView_3f3fe0.html,SWS_DM_02281,content/ai/classes/cl_ara_diag_DiagnosticSovdRecordContentElementDataView_3f3fe0/rec_SWS_DM_02281_09.html,Verwendung KI-generiert / AI generated,548
classes/cl_ara_diag_DiagnosticSovdRecordContentElementDataView_3f3fe0.html,SWS_DM_02282,content/ai/classes/cl_ara_diag_DiagnosticSovdRecordContentElementDataView_3f3fe0/rec_SWS_DM_02282_10.html,Verwendung KI-generiert / AI generated,568
classes/cl_ara_diag_DiagnosticSovdRecordContentElementDataView_3f3fe0.html,SWS_DM_02274,content/ai/classes/cl_ara_diag_DiagnosticSovdRecordContentElementDataView_3f3fe0/rec_SWS_DM_02274_11.html,Verwendung KI-generiert / AI generated,511
classes/cl_ara_diag_DiagnosticSovdRecordContentElementDataView_3f3fe0.html,SWS_DM_02276,content/ai/classes/cl_ara_diag_DiagnosticSovdRecordContentElementDataView_3f3fe0/rec_SWS_DM_02276_12.html,Verwendung KI-generiert / AI generated,545
classes/cl_ara_diag_DiagnosticSovdRecordContentElementDataView_3f3fe0.html,SWS_DM_02275,content/ai/classes/cl_ara_diag_DiagnosticSovdRecordContentElementDataView_3f3fe0/rec_SWS_DM_02275_13.html,Verwendung KI-generiert / AI generated,493
classes/cl_ara_diag_DiagnosticSovdRecordContentElementDataView_3f3fe0.html,SWS_DM_02280,content/ai/classes/cl_ara_diag_DiagnosticSovdRecordContentElementDataView_3f3fe0/rec_SWS_DM_02280_14.html,Verwendung KI-generiert / AI generated,549
classes/cl_ara_diag_DiagnosticSovdRecordContentElementDataView_3f3fe0.html,SWS_DM_02294,content/ai/classes/cl_ara_diag_DiagnosticSovdRecordContentElementDataView_3f3fe0/rec_SWS_DM_02294_15.html,Verwendung KI-generiert / AI generated,752
classes/cl_ara_diag_DiagnosticSovdRecordContentElementDataView_3f3fe0.html,SWS_DM_02285,content/ai/classes/cl_ara_diag_DiagnosticSovdRecordContentElementDataView_3f3fe0/rec_SWS_DM_02285_16.html,Verwendung KI-generiert / AI generated,573
classes/cl_ara_diag_DiagnosticSovdRecordContentElementDataView_3f3fe0.html,SWS_DM_02286,content/ai/classes/cl_ara_diag_DiagnosticSovdRecordContentElementDataView_3f3fe0/rec_SWS_DM_02286_17.html,Verwendung KI-generiert / AI generated,582
classes/cl_ara_diag_DiagnosticSovdRecordContentElementDataView_3f3fe0.html,SWS_DM_02284,content/ai/classes/cl_ara_diag_DiagnosticSovdRecordContentElementDataView_3f3fe0/rec_SWS_DM_02284_18.html,Verwendung KI-generiert / AI generated,645
classes/cl_ara_diag_DiagnosticSovdRecordContentElementDataView_3f3fe0.html,SWS_DM_02271,content/ai/classes/cl_ara_diag_DiagnosticSovdRecordContentElementDataView_3f3fe0/rec_SWS_DM_02271_19.html,Verwendung KI-generiert / AI generated,643
classes/cl_ara_diag_DiagnosticSovdRecordContentElementDataView_3f3fe0.html,SWS_DM_02287,content/ai/classes/cl_ara_diag_DiagnosticSovdRecordContentElementDataView_3f3fe0/rec_SWS_DM_02287_20.html,Verwendung KI-generiert / AI generated,641
classes/cl_ara_diag_DiagnosticSovdRecordContentElementDataView_3f3fe0.html,SWS_DM_02283,content/ai/classes/cl_ara_diag_DiagnosticSovdRecordContentElementDataView_3f3fe0/rec_SWS_DM_02283_21.html,Verwendung KI-generiert / AI generated,500
classes/cl_ara_diag_DiagnosticSovdRecordContentElementDataView_3f3fe0.html,SWS_DM_02272,content/ai/classes/cl_ara_diag_DiagnosticSovdRecordContentElementDataView_3f3fe0/rec_SWS_DM_02272_22.html,Verwendung KI-generiert / AI generated,531
classes/cl_ara_diag_DiagnosticSovdRecordContentElementDataView_3f3fe0.html,SWS_DM_02273,content/ai/classes/cl_ara_diag_DiagnosticSovdRecordContentElementDataView_3f3fe0/rec_SWS_DM_02273_23.html,Verwendung KI-generiert / AI generated,527
classes/cl_ara_diag_DiagnosticSovdRecordContentElementDataView_3f3fe0.html,SWS_DM_02277,content/ai/classes/cl_ara_diag_DiagnosticSovdRecordContentElementDataView_3f3fe0/rec_SWS_DM_02277_24.html,Verwendung KI-generiert / AI generated,737
classes/cl_ara_diag_DiagnosticSovdRecordContentElementDataView_3f3fe0.html,SWS_DM_02278,content/ai/classes/cl_ara_diag_DiagnosticSovdRecordContentElementDataView_3f3fe0/rec_SWS_DM_02278_25.html,Verwendung KI-generiert / AI generated,765
classes/cl_ara_diag_DoIPActivationLine_87e614.html,(Seite),content/ai/classes/cl_ara_diag_DoIPActivationLine_87e614/main_01.html,Verwendungszweck,1432
classes/cl_ara_diag_DoIPActivationLine_87e614.html,SWS_DM_00831,content/ai/classes/cl_ara_diag_DoIPActivationLine_87e614/rec_SWS_DM_00831_02.html,Verwendung KI-generiert / AI generated,954
classes/cl_ara_diag_DoIPActivationLine_87e614.html,SWS_DM_00835,content/ai/classes/cl_ara_diag_DoIPActivationLine_87e614/rec_SWS_DM_00835_03.html,Verwendung KI-generiert / AI generated,643
classes/cl_ara_diag_DoIPActivationLine_87e614.html,SWS_DM_00833,content/ai/classes/cl_ara_diag_DoIPActivationLine_87e614/rec_SWS_DM_00833_04.html,Verwendung KI-generiert / AI generated,798
classes/cl_ara_diag_DoIPActivationLine_87e614.html,SWS_DM_00836,content/ai/classes/cl_ara_diag_DoIPActivationLine_87e614/rec_SWS_DM_00836_05.html,Verwendung KI-generiert / AI generated,549
classes/cl_ara_diag_DoIPActivationLine_87e614.html,SWS_DM_00837,content/ai/classes/cl_ara_diag_DoIPActivationLine_87e614/rec_SWS_DM_00837_06.html,Verwendung KI-generiert / AI generated,503
classes/cl_ara_diag_DoIPActivationLine_87e614.html,SWS_DM_00834,content/ai/classes/cl_ara_diag_DoIPActivationLine_87e614/rec_SWS_DM_00834_07.html,Verwendung KI-generiert / AI generated,572
classes/cl_ara_diag_DoIPEntityIdentification_EntityId_8623a6.html,(Seite),content/ai/classes/cl_ara_diag_DoIPEntityIdentification_EntityId_8623a6/main_01.html,,448
classes/cl_ara_diag_DoIPEntityIdentification_efc6f4.html,(Seite),content/ai/classes/cl_ara_diag_DoIPEntityIdentification_efc6f4/main_01.html,Verwendungszweck,1220
classes/cl_ara_diag_DoIPEntityIdentification_efc6f4.html,SWS_DM_01364,content/ai/classes/cl_ara_diag_DoIPEntityIdentification_efc6f4/rec_SWS_DM_01364_02.html,Verwendung KI-generiert / AI generated,900
classes/cl_ara_diag_DoIPEntityIdentification_efc6f4.html,SWS_DM_01366,content/ai/classes/cl_ara_diag_DoIPEntityIdentification_efc6f4/rec_SWS_DM_01366_03.html,Verwendung KI-generiert / AI generated,641
classes/cl_ara_diag_DoIPEntityIdentification_efc6f4.html,SWS_DM_01367,content/ai/classes/cl_ara_diag_DoIPEntityIdentification_efc6f4/rec_SWS_DM_01367_04.html,Verwendung KI-generiert / AI generated,547
classes/cl_ara_diag_DoIPEntityIdentification_efc6f4.html,SWS_DM_01368,content/ai/classes/cl_ara_diag_DoIPEntityIdentification_efc6f4/rec_SWS_DM_01368_05.html,Verwendung KI-generiert / AI generated,513
classes/cl_ara_diag_DoIPEntityIdentification_efc6f4.html,SWS_DM_01365,content/ai/classes/cl_ara_diag_DoIPEntityIdentification_efc6f4/rec_SWS_DM_01365_06.html,Verwendung KI-generiert / AI generated,494
classes/cl_ara_diag_DoIPGroupIdentification_391a89.html,(Seite),content/ai/classes/cl_ara_diag_DoIPGroupIdentification_391a89/main_01.html,Verwendungszweck,1165
classes/cl_ara_diag_DoIPGroupIdentification_391a89.html,SWS_DM_00722,content/ai/classes/cl_ara_diag_DoIPGroupIdentification_391a89/rec_SWS_DM_00722_02.html,Verwendung KI-generiert / AI generated,829
classes/cl_ara_diag_DoIPGroupIdentification_391a89.html,SWS_DM_00724,content/ai/classes/cl_ara_diag_DoIPGroupIdentification_391a89/rec_SWS_DM_00724_03.html,Verwendung KI-generiert / AI generated,660
classes/cl_ara_diag_DoIPGroupIdentification_391a89.html,SWS_DM_00725,content/ai/classes/cl_ara_diag_DoIPGroupIdentification_391a89/rec_SWS_DM_00725_04.html,Verwendung KI-generiert / AI generated,546
classes/cl_ara_diag_DoIPGroupIdentification_391a89.html,SWS_DM_00726,content/ai/classes/cl_ara_diag_DoIPGroupIdentification_391a89/rec_SWS_DM_00726_05.html,Verwendung KI-generiert / AI generated,512
classes/cl_ara_diag_DoIPGroupIdentification_391a89.html,SWS_DM_00723,content/ai/classes/cl_ara_diag_DoIPGroupIdentification_391a89/rec_SWS_DM_00723_06.html,Verwendung KI-generiert / AI generated,493
classes/cl_ara_diag_DoIPGroupIdentification_GidStatus_adc6fa.html,(Seite),content/ai/classes/cl_ara_diag_DoIPGroupIdentification_GidStatus_adc6fa/main_01.html,,426
classes/cl_ara_diag_DoIPPowerMode_4c3e48.html,(Seite),content/ai/classes/cl_ara_diag_DoIPPowerMode_4c3e48/main_01.html,Verwendungszweck,1149
classes/cl_ara_diag_DoIPPowerMode_4c3e48.html,SWS_DM_00732,content/ai/classes/cl_ara_diag_DoIPPowerMode_4c3e48/rec_SWS_DM_00732_02.html,Verwendung KI-generiert / AI generated,799
classes/cl_ara_diag_DoIPPowerMode_4c3e48.html,SWS_DM_00734,content/ai/classes/cl_ara_diag_DoIPPowerMode_4c3e48/rec_SWS_DM_00734_03.html,Verwendung KI-generiert / AI generated,656
classes/cl_ara_diag_DoIPPowerMode_4c3e48.html,SWS_DM_00735,content/ai/classes/cl_ara_diag_DoIPPowerMode_4c3e48/rec_SWS_DM_00735_04.html,Verwendung KI-generiert / AI generated,536
classes/cl_ara_diag_DoIPPowerMode_4c3e48.html,SWS_DM_00736,content/ai/classes/cl_ara_diag_DoIPPowerMode_4c3e48/rec_SWS_DM_00736_05.html,Verwendung KI-generiert / AI generated,502
classes/cl_ara_diag_DoIPPowerMode_4c3e48.html,SWS_DM_00733,content/ai/classes/cl_ara_diag_DoIPPowerMode_4c3e48/rec_SWS_DM_00733_06.html,Verwendung KI-generiert / AI generated,483
classes/cl_ara_diag_DoIPTriggerVehicleAnnouncement_b8bf76.html,(Seite),content/ai/classes/cl_ara_diag_DoIPTriggerVehicleAnnouncement_b8bf76/main_01.html,Verwendungszweck,1068
classes/cl_ara_diag_DoIPTriggerVehicleAnnouncement_b8bf76.html,SWS_DM_00821,content/ai/classes/cl_ara_diag_DoIPTriggerVehicleAnnouncement_b8bf76/rec_SWS_DM_00821_02.html,Verwendung KI-generiert / AI generated,628
classes/cl_ara_diag_DoIPTriggerVehicleAnnouncement_b8bf76.html,SWS_DM_00822,content/ai/classes/cl_ara_diag_DoIPTriggerVehicleAnnouncement_b8bf76/rec_SWS_DM_00822_03.html,Verwendung KI-generiert / AI generated,885
classes/cl_ara_diag_DownloadService_2354f5.html,(Seite),content/ai/classes/cl_ara_diag_DownloadService_2354f5/main_01.html,Verwendungszweck,1616
classes/cl_ara_diag_DownloadService_2354f5.html,SWS_DM_00790,content/ai/classes/cl_ara_diag_DownloadService_2354f5/rec_SWS_DM_00790_02.html,Verwendung KI-generiert / AI generated,1056
classes/cl_ara_diag_DownloadService_2354f5.html,SWS_DM_00787,content/ai/classes/cl_ara_diag_DownloadService_2354f5/rec_SWS_DM_00787_03.html,Verwendung KI-generiert / AI generated,793
classes/cl_ara_diag_DownloadService_2354f5.html,SWS_DM_00792,content/ai/classes/cl_ara_diag_DownloadService_2354f5/rec_SWS_DM_00792_04.html,Verwendung KI-generiert / AI generated,538
classes/cl_ara_diag_DownloadService_2354f5.html,SWS_DM_00789,content/ai/classes/cl_ara_diag_DownloadService_2354f5/rec_SWS_DM_00789_05.html,Verwendung KI-generiert / AI generated,901
classes/cl_ara_diag_DownloadService_2354f5.html,SWS_DM_00791,content/ai/classes/cl_ara_diag_DownloadService_2354f5/rec_SWS_DM_00791_06.html,Verwendung KI-generiert / AI generated,953
classes/cl_ara_diag_DownloadService_2354f5.html,SWS_DM_00793,content/ai/classes/cl_ara_diag_DownloadService_2354f5/rec_SWS_DM_00793_07.html,Verwendung KI-generiert / AI generated,504
classes/cl_ara_diag_DownloadService_2354f5.html,SWS_DM_00788,content/ai/classes/cl_ara_diag_DownloadService_2354f5/rec_SWS_DM_00788_08.html,Verwendung KI-generiert / AI generated,485
classes/cl_ara_diag_DownloadService_OperationOutput_4c32b4.html,(Seite),content/ai/classes/cl_ara_diag_DownloadService_OperationOutput_4c32b4/main_01.html,,599
classes/cl_ara_diag_DynamicAccessListDiagServiceBuilder_46ec37.html,(Seite),content/ai/classes/cl_ara_diag_DynamicAccessListDiagServiceBuilder_46ec37/main_01.html,Verwendungszweck,1337
classes/cl_ara_diag_DynamicAccessListDiagServiceBuilder_46ec37.html,SWS_DM_01175,content/ai/classes/cl_ara_diag_DynamicAccessListDiagServiceBuilder_46ec37/rec_SWS_DM_01175_02.html,Verwendung KI-generiert / AI generated,669
classes/cl_ara_diag_DynamicAccessListDiagServiceBuilder_46ec37.html,SWS_DM_01176,content/ai/classes/cl_ara_diag_DynamicAccessListDiagServiceBuilder_46ec37/rec_SWS_DM_01176_03.html,Verwendung KI-generiert / AI generated,669
classes/cl_ara_diag_DynamicAccessListDiagServiceBuilder_46ec37.html,SWS_DM_01177,content/ai/classes/cl_ara_diag_DynamicAccessListDiagServiceBuilder_46ec37/rec_SWS_DM_01177_04.html,Verwendung KI-generiert / AI generated,670
classes/cl_ara_diag_DynamicAccessListDiagServiceBuilder_46ec37.html,SWS_DM_01178,content/ai/classes/cl_ara_diag_DynamicAccessListDiagServiceBuilder_46ec37/rec_SWS_DM_01178_05.html,Verwendung KI-generiert / AI generated,639
classes/cl_ara_diag_DynamicAccessListDiagServiceBuilder_46ec37.html,SWS_DM_01181,content/ai/classes/cl_ara_diag_DynamicAccessListDiagServiceBuilder_46ec37/rec_SWS_DM_01181_06.html,Verwendung KI-generiert / AI generated,494
classes/cl_ara_diag_DynamicAccessListDiagServiceBuilder_46ec37.html,SWS_DM_01169,content/ai/classes/cl_ara_diag_DynamicAccessListDiagServiceBuilder_46ec37/rec_SWS_DM_01169_07.html,Verwendung KI-generiert / AI generated,501
classes/cl_ara_diag_DynamicAccessListDiagServiceBuilder_46ec37.html,SWS_DM_01170,content/ai/classes/cl_ara_diag_DynamicAccessListDiagServiceBuilder_46ec37/rec_SWS_DM_01170_08.html,Verwendung KI-generiert / AI generated,471
classes/cl_ara_diag_DynamicAccessListDiagServiceBuilder_46ec37.html,SWS_DM_01179,content/ai/classes/cl_ara_diag_DynamicAccessListDiagServiceBuilder_46ec37/rec_SWS_DM_01179_09.html,Verwendung KI-generiert / AI generated,562
classes/cl_ara_diag_DynamicAccessListDiagServiceBuilder_46ec37.html,SWS_DM_01180,content/ai/classes/cl_ara_diag_DynamicAccessListDiagServiceBuilder_46ec37/rec_SWS_DM_01180_10.html,Verwendung KI-generiert / AI generated,550
classes/cl_ara_diag_DynamicAccessListDiagServiceBuilder_46ec37.html,SWS_DM_01174,content/ai/classes/cl_ara_diag_DynamicAccessListDiagServiceBuilder_46ec37/rec_SWS_DM_01174_11.html,Verwendung KI-generiert / AI generated,520
classes/cl_ara_diag_DynamicAccessListDiagServiceBuilder_ByteRange_d92940.html,(Seite),content/ai/classes/cl_ara_diag_DynamicAccessListDiagServiceBuilder_ByteRange_d92940/main_01.html,,747
classes/cl_ara_diag_DynamicAccessListDiagServiceBuilder_ByteRange_d92940.html,SWS_DM_01183,content/ai/classes/cl_ara_diag_DynamicAccessListDiagServiceBuilder_ByteRange_d92940/rec_SWS_DM_01183_02.html,Verwendung KI-generiert / AI generated,514
classes/cl_ara_diag_DynamicAccessListDiagServiceBuilder_ByteRange_d92940.html,SWS_DM_01184,content/ai/classes/cl_ara_diag_DynamicAccessListDiagServiceBuilder_ByteRange_d92940/rec_SWS_DM_01184_03.html,Verwendung KI-generiert / AI generated,560
classes/cl_ara_diag_DynamicAccessListDiagServiceBuilder_ByteRange_d92940.html,SWS_DM_01185,content/ai/classes/cl_ara_diag_DynamicAccessListDiagServiceBuilder_ByteRange_d92940/rec_SWS_DM_01185_04.html,Verwendung KI-generiert / AI generated,547
classes/cl_ara_diag_DynamicAccessListDiagServiceBuilder_ByteRange_d92940.html,SWS_DM_01190,content/ai/classes/cl_ara_diag_DynamicAccessListDiagServiceBuilder_ByteRange_d92940/rec_SWS_DM_01190_05.html,Verwendung KI-generiert / AI generated,449
classes/cl_ara_diag_DynamicAccessListDiagServiceBuilder_ByteRange_d92940.html,SWS_DM_01189,content/ai/classes/cl_ara_diag_DynamicAccessListDiagServiceBuilder_ByteRange_d92940/rec_SWS_DM_01189_06.html,Verwendung KI-generiert / AI generated,452
classes/cl_ara_diag_DynamicAccessListDiagServiceBuilder_ByteRange_d92940.html,SWS_DM_01186,content/ai/classes/cl_ara_diag_DynamicAccessListDiagServiceBuilder_ByteRange_d92940/rec_SWS_DM_01186_07.html,Verwendung KI-generiert / AI generated,469
classes/cl_ara_diag_DynamicAccessListDiagServiceBuilder_ByteRange_d92940.html,SWS_DM_01187,content/ai/classes/cl_ara_diag_DynamicAccessListDiagServiceBuilder_ByteRange_d92940/rec_SWS_DM_01187_08.html,Verwendung KI-generiert / AI generated,470
classes/cl_ara_diag_DynamicAccessListDiagServiceBuilder_ByteRange_d92940.html,SWS_DM_01188,content/ai/classes/cl_ara_diag_DynamicAccessListDiagServiceBuilder_ByteRange_d92940/rec_SWS_DM_01188_09.html,Verwendung KI-generiert / AI generated,506
classes/cl_ara_diag_EcuResetRequest_bc3e1f.html,(Seite),content/ai/classes/cl_ara_diag_EcuResetRequest_bc3e1f/main_01.html,Verwendungszweck,2304
classes/cl_ara_diag_EcuResetRequest_bc3e1f.html,SWS_DM_01010,content/ai/classes/cl_ara_diag_EcuResetRequest_bc3e1f/rec_SWS_DM_01010_02.html,Verwendung KI-generiert / AI generated,736
classes/cl_ara_diag_EcuResetRequest_bc3e1f.html,SWS_DM_01012,content/ai/classes/cl_ara_diag_EcuResetRequest_bc3e1f/rec_SWS_DM_01012_03.html,Verwendung KI-generiert / AI generated,770
classes/cl_ara_diag_EcuResetRequest_bc3e1f.html,SWS_DM_01014,content/ai/classes/cl_ara_diag_EcuResetRequest_bc3e1f/rec_SWS_DM_01014_04.html,Verwendung KI-generiert / AI generated,816
classes/cl_ara_diag_EcuResetRequest_bc3e1f.html,SWS_DM_01016,content/ai/classes/cl_ara_diag_EcuResetRequest_bc3e1f/rec_SWS_DM_01016_05.html,Verwendung KI-generiert / AI generated,538
classes/cl_ara_diag_EcuResetRequest_bc3e1f.html,SWS_DM_01013,content/ai/classes/cl_ara_diag_EcuResetRequest_bc3e1f/rec_SWS_DM_01013_06.html,Verwendung KI-generiert / AI generated,886
classes/cl_ara_diag_EcuResetRequest_bc3e1f.html,SWS_DM_01017,content/ai/classes/cl_ara_diag_EcuResetRequest_bc3e1f/rec_SWS_DM_01017_07.html,Verwendung KI-generiert / AI generated,504
classes/cl_ara_diag_EcuResetRequest_bc3e1f.html,SWS_DM_01011,content/ai/classes/cl_ara_diag_EcuResetRequest_bc3e1f/rec_SWS_DM_01011_08.html,Verwendung KI-generiert / AI generated,485
classes/cl_ara_diag_EventStatusByte_7b6229.html,(Seite),content/ai/classes/cl_ara_diag_EventStatusByte_7b6229/main_01.html,,951
classes/cl_ara_diag_EventStatusByte_7b6229.html,SWS_DM_01751,content/ai/classes/cl_ara_diag_EventStatusByte_7b6229/rec_SWS_DM_01751_02.html,Verwendung KI-generiert / AI generated,526
classes/cl_ara_diag_EventStatusByte_7b6229.html,SWS_DM_01753,content/ai/classes/cl_ara_diag_EventStatusByte_7b6229/rec_SWS_DM_01753_03.html,Verwendung KI-generiert / AI generated,515
classes/cl_ara_diag_EventStatusByte_7b6229.html,SWS_DM_01749,content/ai/classes/cl_ara_diag_EventStatusByte_7b6229/rec_SWS_DM_01749_04.html,Verwendung KI-generiert / AI generated,495
classes/cl_ara_diag_EventStatusByte_7b6229.html,SWS_DM_01750,content/ai/classes/cl_ara_diag_EventStatusByte_7b6229/rec_SWS_DM_01750_05.html,Verwendung KI-generiert / AI generated,496
classes/cl_ara_diag_Event_d44616.html,(Seite),content/ai/classes/cl_ara_diag_Event_d44616/main_01.html,Verwendungszweck,3806
classes/cl_ara_diag_Event_d44616.html,SWS_DM_00647,content/ai/classes/cl_ara_diag_Event_d44616/rec_SWS_DM_00647_02.html,Verwendung KI-generiert / AI generated,709
classes/cl_ara_diag_Event_d44616.html,SWS_DM_00653,content/ai/classes/cl_ara_diag_Event_d44616/rec_SWS_DM_00653_03.html,Verwendung KI-generiert / AI generated,654
classes/cl_ara_diag_Event_d44616.html,SWS_DM_00654,content/ai/classes/cl_ara_diag_Event_d44616/rec_SWS_DM_00654_04.html,Verwendung KI-generiert / AI generated,596
classes/cl_ara_diag_Event_d44616.html,SWS_DM_00649,content/ai/classes/cl_ara_diag_Event_d44616/rec_SWS_DM_00649_05.html,Verwendung KI-generiert / AI generated,589
classes/cl_ara_diag_Event_d44616.html,SWS_DM_00656,content/ai/classes/cl_ara_diag_Event_d44616/rec_SWS_DM_00656_06.html,Verwendung KI-generiert / AI generated,604
classes/cl_ara_diag_Event_d44616.html,SWS_DM_00655,content/ai/classes/cl_ara_diag_Event_d44616/rec_SWS_DM_00655_07.html,Verwendung KI-generiert / AI generated,660
classes/cl_ara_diag_Event_d44616.html,SWS_DM_00650,content/ai/classes/cl_ara_diag_Event_d44616/rec_SWS_DM_00650_08.html,Verwendung KI-generiert / AI generated,665
classes/cl_ara_diag_Event_d44616.html,SWS_DM_00648,content/ai/classes/cl_ara_diag_Event_d44616/rec_SWS_DM_00648_09.html,Verwendung KI-generiert / AI generated,517
classes/cl_ara_diag_ExternalAuthentication_19de3d.html,(Seite),content/ai/classes/cl_ara_diag_ExternalAuthentication_19de3d/main_01.html,Verwendungszweck,1365
classes/cl_ara_diag_ExternalAuthentication_19de3d.html,SWS_DM_01193,content/ai/classes/cl_ara_diag_ExternalAuthentication_19de3d/rec_SWS_DM_01193_02.html,Verwendung KI-generiert / AI generated,831
classes/cl_ara_diag_ExternalAuthentication_19de3d.html,SWS_DM_01199,content/ai/classes/cl_ara_diag_ExternalAuthentication_19de3d/rec_SWS_DM_01199_03.html,Verwendung KI-generiert / AI generated,606
classes/cl_ara_diag_ExternalAuthentication_19de3d.html,SWS_DM_01200,content/ai/classes/cl_ara_diag_ExternalAuthentication_19de3d/rec_SWS_DM_01200_04.html,Verwendung KI-generiert / AI generated,625
classes/cl_ara_diag_ExternalAuthentication_19de3d.html,SWS_DM_01201,content/ai/classes/cl_ara_diag_ExternalAuthentication_19de3d/rec_SWS_DM_01201_05.html,Verwendung KI-generiert / AI generated,561
classes/cl_ara_diag_ExternalAuthentication_19de3d.html,SWS_DM_01198,content/ai/classes/cl_ara_diag_ExternalAuthentication_19de3d/rec_SWS_DM_01198_06.html,Verwendung KI-generiert / AI generated,490
classes/cl_ara_diag_FileTransferService_FileSizes_fe19c0.html,(Seite),content/ai/classes/cl_ara_diag_FileTransferService_FileSizes_fe19c0/main_01.html,,563
classes/cl_ara_diag_FileTransferService_eb6d13.html,(Seite),content/ai/classes/cl_ara_diag_FileTransferService_eb6d13/main_01.html,Verwendungszweck,2279
classes/cl_ara_diag_FileTransferService_eb6d13.html,SWS_DM_01335,content/ai/classes/cl_ara_diag_FileTransferService_eb6d13/rec_SWS_DM_01335_02.html,Verwendung KI-generiert / AI generated,931
classes/cl_ara_diag_FileTransferService_eb6d13.html,SWS_DM_01325,content/ai/classes/cl_ara_diag_FileTransferService_eb6d13/rec_SWS_DM_01325_03.html,Verwendung KI-generiert / AI generated,824
classes/cl_ara_diag_FileTransferService_eb6d13.html,SWS_DM_01328,content/ai/classes/cl_ara_diag_FileTransferService_eb6d13/rec_SWS_DM_01328_04.html,Verwendung KI-generiert / AI generated,430
classes/cl_ara_diag_FileTransferService_eb6d13.html,SWS_DM_01336,content/ai/classes/cl_ara_diag_FileTransferService_eb6d13/rec_SWS_DM_01336_05.html,Verwendung KI-generiert / AI generated,606
classes/cl_ara_diag_FileTransferService_eb6d13.html,SWS_DM_01332,content/ai/classes/cl_ara_diag_FileTransferService_eb6d13/rec_SWS_DM_01332_06.html,Verwendung KI-generiert / AI generated,828
classes/cl_ara_diag_FileTransferService_eb6d13.html,SWS_DM_01331,content/ai/classes/cl_ara_diag_FileTransferService_eb6d13/rec_SWS_DM_01331_07.html,Verwendung KI-generiert / AI generated,824
classes/cl_ara_diag_FileTransferService_eb6d13.html,SWS_DM_01334,content/ai/classes/cl_ara_diag_FileTransferService_eb6d13/rec_SWS_DM_01334_08.html,Verwendung KI-generiert / AI generated,805
classes/cl_ara_diag_FileTransferService_eb6d13.html,SWS_DM_01333,content/ai/classes/cl_ara_diag_FileTransferService_eb6d13/rec_SWS_DM_01333_09.html,Verwendung KI-generiert / AI generated,758
classes/cl_ara_diag_FileTransferService_eb6d13.html,SWS_DM_01337,content/ai/classes/cl_ara_diag_FileTransferService_eb6d13/rec_SWS_DM_01337_10.html,Verwendung KI-generiert / AI generated,472
classes/cl_ara_diag_FileTransferService_eb6d13.html,SWS_DM_01330,content/ai/classes/cl_ara_diag_FileTransferService_eb6d13/rec_SWS_DM_01330_11.html,Verwendung KI-generiert / AI generated,508
classes/cl_ara_diag_FileTransferService_eb6d13.html,SWS_DM_01326,content/ai/classes/cl_ara_diag_FileTransferService_eb6d13/rec_SWS_DM_01326_12.html,Verwendung KI-generiert / AI generated,399
classes/cl_ara_diag_GenericDataIdentifier_01c949.html,(Seite),content/ai/classes/cl_ara_diag_GenericDataIdentifier_01c949/main_01.html,Generisches DID-Muster,2115
classes/cl_ara_diag_GenericDataIdentifier_01c949.html,SWS_DM_00634,content/ai/classes/cl_ara_diag_GenericDataIdentifier_01c949/rec_SWS_DM_00634_02.html,Verwendung KI-generiert / AI generated,906
classes/cl_ara_diag_GenericDataIdentifier_01c949.html,SWS_DM_00638,content/ai/classes/cl_ara_diag_GenericDataIdentifier_01c949/rec_SWS_DM_00638_03.html,Verwendung KI-generiert / AI generated,586
classes/cl_ara_diag_GenericDataIdentifier_01c949.html,SWS_DM_00636,content/ai/classes/cl_ara_diag_GenericDataIdentifier_01c949/rec_SWS_DM_00636_04.html,Verwendung KI-generiert / AI generated,647
classes/cl_ara_diag_GenericDataIdentifier_01c949.html,SWS_DM_00639,content/ai/classes/cl_ara_diag_GenericDataIdentifier_01c949/rec_SWS_DM_00639_05.html,Verwendung KI-generiert / AI generated,474
classes/cl_ara_diag_GenericDataIdentifier_01c949.html,SWS_DM_00637,content/ai/classes/cl_ara_diag_GenericDataIdentifier_01c949/rec_SWS_DM_00637_06.html,Verwendung KI-generiert / AI generated,716
classes/cl_ara_diag_GenericDataIdentifier_01c949.html,SWS_DM_00635,content/ai/classes/cl_ara_diag_GenericDataIdentifier_01c949/rec_SWS_DM_00635_07.html,Verwendung KI-generiert / AI generated,401
classes/cl_ara_diag_GenericDataIdentifier_OperationOutput_6768cf.html,(Seite),content/ai/classes/cl_ara_diag_GenericDataIdentifier_OperationOutput_6768cf/main_01.html,,498
classes/cl_ara_diag_GenericDiagnosticSovdContent_76e658.html,(Seite),content/ai/classes/cl_ara_diag_GenericDiagnosticSovdContent_76e658/main_01.html,Verwendungszweck,2813
classes/cl_ara_diag_GenericDiagnosticSovdContent_76e658.html,SWS_DM_02187,content/ai/classes/cl_ara_diag_GenericDiagnosticSovdContent_76e658/rec_SWS_DM_02187_02.html,Verwendung KI-generiert / AI generated,541
classes/cl_ara_diag_GenericDiagnosticSovdContent_76e658.html,SWS_DM_02189,content/ai/classes/cl_ara_diag_GenericDiagnosticSovdContent_76e658/rec_SWS_DM_02189_03.html,Verwendung KI-generiert / AI generated,419
classes/cl_ara_diag_GenericDiagnosticSovdContent_76e658.html,SWS_DM_02193,content/ai/classes/cl_ara_diag_GenericDiagnosticSovdContent_76e658/rec_SWS_DM_02193_04.html,Verwendung KI-generiert / AI generated,605
classes/cl_ara_diag_GenericDiagnosticSovdContent_76e658.html,SWS_DM_02191,content/ai/classes/cl_ara_diag_GenericDiagnosticSovdContent_76e658/rec_SWS_DM_02191_05.html,Verwendung KI-generiert / AI generated,513
classes/cl_ara_diag_GenericDiagnosticSovdContent_76e658.html,SWS_DM_02194,content/ai/classes/cl_ara_diag_GenericDiagnosticSovdContent_76e658/rec_SWS_DM_02194_06.html,Verwendung KI-generiert / AI generated,423
classes/cl_ara_diag_GenericDiagnosticSovdContent_76e658.html,SWS_DM_02192,content/ai/classes/cl_ara_diag_GenericDiagnosticSovdContent_76e658/rec_SWS_DM_02192_07.html,Verwendung KI-generiert / AI generated,613
classes/cl_ara_diag_GenericDiagnosticSovdContent_76e658.html,SWS_DM_02190,content/ai/classes/cl_ara_diag_GenericDiagnosticSovdContent_76e658/rec_SWS_DM_02190_08.html,Verwendung KI-generiert / AI generated,452
classes/cl_ara_diag_GenericDiagnosticSovdContent_76e658.html,SWS_DM_02188,content/ai/classes/cl_ara_diag_GenericDiagnosticSovdContent_76e658/rec_SWS_DM_02188_09.html,Verwendung KI-generiert / AI generated,555
classes/cl_ara_diag_GenericDiagnosticSovdOperation_StartAsynchronousExe_fe8b52.html,(Seite),content/ai/classes/cl_ara_diag_GenericDiagnosticSovdOperation_StartAsynchronousExe_fe8b52/main_01.html,,537
classes/cl_ara_diag_GenericDiagnosticSovdOperation_StartSynchronousExec_af6fb7.html,(Seite),content/ai/classes/cl_ara_diag_GenericDiagnosticSovdOperation_StartSynchronousExec_af6fb7/main_01.html,,654
classes/cl_ara_diag_GenericDiagnosticSovdOperation_fbec16.html,(Seite),content/ai/classes/cl_ara_diag_GenericDiagnosticSovdOperation_fbec16/main_01.html,Verwendungszweck,3555
classes/cl_ara_diag_GenericDiagnosticSovdOperation_fbec16.html,SWS_DM_02204,content/ai/classes/cl_ara_diag_GenericDiagnosticSovdOperation_fbec16/rec_SWS_DM_02204_02.html,Verwendung KI-generiert / AI generated,543
classes/cl_ara_diag_GenericDiagnosticSovdOperation_fbec16.html,SWS_DM_02206,content/ai/classes/cl_ara_diag_GenericDiagnosticSovdOperation_fbec16/rec_SWS_DM_02206_03.html,Verwendung KI-generiert / AI generated,421
classes/cl_ara_diag_GenericDiagnosticSovdOperation_fbec16.html,SWS_DM_02211,content/ai/classes/cl_ara_diag_GenericDiagnosticSovdOperation_fbec16/rec_SWS_DM_02211_04.html,Verwendung KI-generiert / AI generated,595
classes/cl_ara_diag_GenericDiagnosticSovdOperation_fbec16.html,SWS_DM_02210,content/ai/classes/cl_ara_diag_GenericDiagnosticSovdOperation_fbec16/rec_SWS_DM_02210_05.html,Verwendung KI-generiert / AI generated,824
classes/cl_ara_diag_GenericDiagnosticSovdOperation_fbec16.html,SWS_DM_02212,content/ai/classes/cl_ara_diag_GenericDiagnosticSovdOperation_fbec16/rec_SWS_DM_02212_06.html,Verwendung KI-generiert / AI generated,483
classes/cl_ara_diag_GenericDiagnosticSovdOperation_fbec16.html,SWS_DM_02207,content/ai/classes/cl_ara_diag_GenericDiagnosticSovdOperation_fbec16/rec_SWS_DM_02207_07.html,Verwendung KI-generiert / AI generated,454
classes/cl_ara_diag_GenericDiagnosticSovdOperation_fbec16.html,SWS_DM_02205,content/ai/classes/cl_ara_diag_GenericDiagnosticSovdOperation_fbec16/rec_SWS_DM_02205_08.html,Verwendung KI-generiert / AI generated,559
classes/cl_ara_diag_GenericRoutine_28dece.html,(Seite),content/ai/classes/cl_ara_diag_GenericRoutine_28dece/main_01.html,Generisches RoutineControl-Muster,2236
classes/cl_ara_diag_GenericRoutine_28dece.html,SWS_DM_00552,content/ai/classes/cl_ara_diag_GenericRoutine_28dece/rec_SWS_DM_00552_02.html,Verwendung KI-generiert / AI generated,839
classes/cl_ara_diag_GenericRoutine_28dece.html,SWS_DM_00557,content/ai/classes/cl_ara_diag_GenericRoutine_28dece/rec_SWS_DM_00557_03.html,Verwendung KI-generiert / AI generated,579
classes/cl_ara_diag_GenericRoutine_28dece.html,SWS_DM_00556,content/ai/classes/cl_ara_diag_GenericRoutine_28dece/rec_SWS_DM_00556_04.html,Verwendung KI-generiert / AI generated,684
classes/cl_ara_diag_GenericRoutine_28dece.html,SWS_DM_00554,content/ai/classes/cl_ara_diag_GenericRoutine_28dece/rec_SWS_DM_00554_05.html,Verwendung KI-generiert / AI generated,697
classes/cl_ara_diag_GenericRoutine_28dece.html,SWS_DM_00555,content/ai/classes/cl_ara_diag_GenericRoutine_28dece/rec_SWS_DM_00555_06.html,Verwendung KI-generiert / AI generated,622
classes/cl_ara_diag_GenericRoutine_28dece.html,SWS_DM_00558,content/ai/classes/cl_ara_diag_GenericRoutine_28dece/rec_SWS_DM_00558_07.html,Verwendung KI-generiert / AI generated,467
classes/cl_ara_diag_GenericRoutine_28dece.html,SWS_DM_00553,content/ai/classes/cl_ara_diag_GenericRoutine_28dece/rec_SWS_DM_00553_08.html,Verwendung KI-generiert / AI generated,394
classes/cl_ara_diag_GenericRoutine_OperationOutput_7bce1c.html,(Seite),content/ai/classes/cl_ara_diag_GenericRoutine_OperationOutput_7bce1c/main_01.html,,534
classes/cl_ara_diag_GenericUDSService_733cac.html,(Seite),content/ai/classes/cl_ara_diag_GenericUDSService_733cac/main_01.html,Custom-UDS-Service als gezielter Erweiterungspunkt,1693
classes/cl_ara_diag_GenericUDSService_733cac.html,SWS_DM_00616,content/ai/classes/cl_ara_diag_GenericUDSService_733cac/rec_SWS_DM_00616_02.html,Verwendung KI-generiert / AI generated,838
classes/cl_ara_diag_GenericUDSService_733cac.html,SWS_DM_00618,content/ai/classes/cl_ara_diag_GenericUDSService_733cac/rec_SWS_DM_00618_03.html,Verwendung KI-generiert / AI generated,818
classes/cl_ara_diag_GenericUDSService_733cac.html,SWS_DM_00619,content/ai/classes/cl_ara_diag_GenericUDSService_733cac/rec_SWS_DM_00619_04.html,Verwendung KI-generiert / AI generated,582
classes/cl_ara_diag_GenericUDSService_733cac.html,SWS_DM_00620,content/ai/classes/cl_ara_diag_GenericUDSService_733cac/rec_SWS_DM_00620_05.html,Verwendung KI-generiert / AI generated,470
classes/cl_ara_diag_GenericUDSService_733cac.html,SWS_DM_00584,content/ai/classes/cl_ara_diag_GenericUDSService_733cac/rec_SWS_DM_00584_06.html,Verwendung KI-generiert / AI generated,397
classes/cl_ara_diag_HttpRedirect_2b9775.html,(Seite),content/ai/classes/cl_ara_diag_HttpRedirect_2b9775/main_01.html,,573
classes/cl_ara_diag_Indicator_893c08.html,(Seite),content/ai/classes/cl_ara_diag_Indicator_893c08/main_01.html,Verwendungszweck,2041
classes/cl_ara_diag_Indicator_893c08.html,SWS_DM_00744,content/ai/classes/cl_ara_diag_Indicator_893c08/rec_SWS_DM_00744_02.html,Verwendung KI-generiert / AI generated,592
classes/cl_ara_diag_Indicator_893c08.html,SWS_DM_00742,content/ai/classes/cl_ara_diag_Indicator_893c08/rec_SWS_DM_00742_03.html,Verwendung KI-generiert / AI generated,770
classes/cl_ara_diag_Indicator_893c08.html,SWS_DM_00745,content/ai/classes/cl_ara_diag_Indicator_893c08/rec_SWS_DM_00745_04.html,Verwendung KI-generiert / AI generated,630
classes/cl_ara_diag_Indicator_893c08.html,SWS_DM_00743,content/ai/classes/cl_ara_diag_Indicator_893c08/rec_SWS_DM_00743_05.html,Verwendung KI-generiert / AI generated,420
classes/cl_ara_diag_MetaInfo_818707.html,(Seite),content/ai/classes/cl_ara_diag_MetaInfo_818707/main_01.html,Verwendungszweck,2078
classes/cl_ara_diag_MetaInfo_818707.html,SWS_DM_00979,content/ai/classes/cl_ara_diag_MetaInfo_818707/rec_SWS_DM_00979_02.html,Verwendung KI-generiert / AI generated,384
classes/cl_ara_diag_MetaInfo_818707.html,SWS_DM_00978,content/ai/classes/cl_ara_diag_MetaInfo_818707/rec_SWS_DM_00978_03.html,Verwendung KI-generiert / AI generated,421
classes/cl_ara_diag_MetaInfo_818707.html,SWS_DM_00974,content/ai/classes/cl_ara_diag_MetaInfo_818707/rec_SWS_DM_00974_04.html,Verwendung KI-generiert / AI generated,379
classes/cl_ara_diag_MetaInfo_818707.html,SWS_DM_00976,content/ai/classes/cl_ara_diag_MetaInfo_818707/rec_SWS_DM_00976_05.html,Verwendung KI-generiert / AI generated,484
classes/cl_ara_diag_MetaInfo_818707.html,SWS_DM_00980,content/ai/classes/cl_ara_diag_MetaInfo_818707/rec_SWS_DM_00980_06.html,Verwendung KI-generiert / AI generated,398
classes/cl_ara_diag_Monitor_5df579.html,(Seite),content/ai/classes/cl_ara_diag_Monitor_5df579/main_01.html,Monitor als Meldepunkt für ein Event,2992
classes/cl_ara_diag_Monitor_5df579.html,SWS_DM_00548,content/ai/classes/cl_ara_diag_Monitor_5df579/rec_SWS_DM_00548_02.html,Verwendung KI-generiert / AI generated,906
classes/cl_ara_diag_Monitor_5df579.html,SWS_DM_00549,content/ai/classes/cl_ara_diag_Monitor_5df579/rec_SWS_DM_00549_03.html,Verwendung KI-generiert / AI generated,881
classes/cl_ara_diag_Monitor_5df579.html,SWS_DM_00550,content/ai/classes/cl_ara_diag_Monitor_5df579/rec_SWS_DM_00550_04.html,Verwendung KI-generiert / AI generated,874
classes/cl_ara_diag_Monitor_5df579.html,SWS_DM_01972,content/ai/classes/cl_ara_diag_Monitor_5df579/rec_SWS_DM_01972_05.html,Verwendung KI-generiert / AI generated,857
classes/cl_ara_diag_Monitor_5df579.html,SWS_DM_01088,content/ai/classes/cl_ara_diag_Monitor_5df579/rec_SWS_DM_01088_06.html,Verwendung KI-generiert / AI generated,585
classes/cl_ara_diag_Monitor_5df579.html,SWS_DM_00543,content/ai/classes/cl_ara_diag_Monitor_5df579/rec_SWS_DM_00543_07.html,Verwendung KI-generiert / AI generated,1069
classes/cl_ara_diag_Monitor_5df579.html,SWS_DM_01089,content/ai/classes/cl_ara_diag_Monitor_5df579/rec_SWS_DM_01089_08.html,Verwendung KI-generiert / AI generated,460
classes/cl_ara_diag_MultipleCondition_2b127b.html,(Seite),content/ai/classes/cl_ara_diag_MultipleCondition_2b127b/main_01.html,Verwendungszweck,1233
classes/cl_ara_diag_MultipleCondition_2b127b.html,SWS_DM_01728,content/ai/classes/cl_ara_diag_MultipleCondition_2b127b/rec_SWS_DM_01728_02.html,Verwendung KI-generiert / AI generated,794
classes/cl_ara_diag_MultipleCondition_2b127b.html,SWS_DM_01727,content/ai/classes/cl_ara_diag_MultipleCondition_2b127b/rec_SWS_DM_01727_03.html,Verwendung KI-generiert / AI generated,786
classes/cl_ara_diag_MultipleCondition_2b127b.html,SWS_DM_01729,content/ai/classes/cl_ara_diag_MultipleCondition_2b127b/rec_SWS_DM_01729_04.html,Verwendung KI-generiert / AI generated,659
classes/cl_ara_diag_MultipleCondition_2b127b.html,SWS_DM_01737,content/ai/classes/cl_ara_diag_MultipleCondition_2b127b/rec_SWS_DM_01737_05.html,Verwendung KI-generiert / AI generated,397
classes/cl_ara_diag_MultipleEvent_ebadb2.html,(Seite),content/ai/classes/cl_ara_diag_MultipleEvent_ebadb2/main_01.html,Verwendungszweck,1939
classes/cl_ara_diag_MultipleEvent_ebadb2.html,SWS_DM_01709,content/ai/classes/cl_ara_diag_MultipleEvent_ebadb2/rec_SWS_DM_01709_02.html,Verwendung KI-generiert / AI generated,865
classes/cl_ara_diag_MultipleEvent_ebadb2.html,SWS_DM_01710,content/ai/classes/cl_ara_diag_MultipleEvent_ebadb2/rec_SWS_DM_01710_03.html,Verwendung KI-generiert / AI generated,812
classes/cl_ara_diag_MultipleEvent_ebadb2.html,SWS_DM_01707,content/ai/classes/cl_ara_diag_MultipleEvent_ebadb2/rec_SWS_DM_01707_04.html,Verwendung KI-generiert / AI generated,798
classes/cl_ara_diag_MultipleEvent_ebadb2.html,SWS_DM_01711,content/ai/classes/cl_ara_diag_MultipleEvent_ebadb2/rec_SWS_DM_01711_05.html,Verwendung KI-generiert / AI generated,804
classes/cl_ara_diag_MultipleEvent_ebadb2.html,SWS_DM_01705,content/ai/classes/cl_ara_diag_MultipleEvent_ebadb2/rec_SWS_DM_01705_06.html,Verwendung KI-generiert / AI generated,778
classes/cl_ara_diag_MultipleEvent_ebadb2.html,SWS_DM_01708,content/ai/classes/cl_ara_diag_MultipleEvent_ebadb2/rec_SWS_DM_01708_07.html,Verwendung KI-generiert / AI generated,683
classes/cl_ara_diag_MultipleEvent_ebadb2.html,SWS_DM_01706,content/ai/classes/cl_ara_diag_MultipleEvent_ebadb2/rec_SWS_DM_01706_08.html,Verwendung KI-generiert / AI generated,393
classes/cl_ara_diag_MultipleMonitor_197a12.html,(Seite),content/ai/classes/cl_ara_diag_MultipleMonitor_197a12/main_01.html,Verwendungszweck,1591
classes/cl_ara_diag_MultipleMonitor_197a12.html,SWS_DM_01696,content/ai/classes/cl_ara_diag_MultipleMonitor_197a12/rec_SWS_DM_01696_02.html,Verwendung KI-generiert / AI generated,656
classes/cl_ara_diag_MultipleMonitor_197a12.html,SWS_DM_01697,content/ai/classes/cl_ara_diag_MultipleMonitor_197a12/rec_SWS_DM_01697_03.html,Verwendung KI-generiert / AI generated,666
classes/cl_ara_diag_MultipleMonitor_197a12.html,SWS_DM_01702,content/ai/classes/cl_ara_diag_MultipleMonitor_197a12/rec_SWS_DM_01702_04.html,Verwendung KI-generiert / AI generated,671
classes/cl_ara_diag_MultipleMonitor_197a12.html,SWS_DM_01973,content/ai/classes/cl_ara_diag_MultipleMonitor_197a12/rec_SWS_DM_01973_05.html,Verwendung KI-generiert / AI generated,641
classes/cl_ara_diag_MultipleMonitor_197a12.html,SWS_DM_01695,content/ai/classes/cl_ara_diag_MultipleMonitor_197a12/rec_SWS_DM_01695_06.html,Verwendung KI-generiert / AI generated,786
classes/cl_ara_diag_MultipleMonitor_197a12.html,SWS_DM_01699,content/ai/classes/cl_ara_diag_MultipleMonitor_197a12/rec_SWS_DM_01699_07.html,Verwendung KI-generiert / AI generated,580
classes/cl_ara_diag_MultipleMonitor_197a12.html,SWS_DM_01698,content/ai/classes/cl_ara_diag_MultipleMonitor_197a12/rec_SWS_DM_01698_08.html,Verwendung KI-generiert / AI generated,620
classes/cl_ara_diag_MultipleMonitor_197a12.html,SWS_DM_01700,content/ai/classes/cl_ara_diag_MultipleMonitor_197a12/rec_SWS_DM_01700_09.html,Verwendung KI-generiert / AI generated,468
classes/cl_ara_diag_OperationCycle_67d05f.html,(Seite),content/ai/classes/cl_ara_diag_OperationCycle_67d05f/main_01.html,Zykluskontext für die Eventverarbeitung,2349
classes/cl_ara_diag_OperationCycle_67d05f.html,SWS_DM_00752,content/ai/classes/cl_ara_diag_OperationCycle_67d05f/rec_SWS_DM_00752_02.html,Verwendung KI-generiert / AI generated,780
classes/cl_ara_diag_OperationCycle_67d05f.html,SWS_DM_01102,content/ai/classes/cl_ara_diag_OperationCycle_67d05f/rec_SWS_DM_01102_03.html,Verwendung KI-generiert / AI generated,509
classes/cl_ara_diag_OperationCycle_67d05f.html,SWS_DM_00755,content/ai/classes/cl_ara_diag_OperationCycle_67d05f/rec_SWS_DM_00755_04.html,Verwendung KI-generiert / AI generated,777
classes/cl_ara_diag_OperationCycle_67d05f.html,SWS_DM_00753,content/ai/classes/cl_ara_diag_OperationCycle_67d05f/rec_SWS_DM_00753_05.html,Verwendung KI-generiert / AI generated,430
classes/cl_ara_diag_ReleaseHandler_e572cb.html,(Seite),content/ai/classes/cl_ara_diag_ReleaseHandler_e572cb/main_01.html,,869
classes/cl_ara_diag_ReleaseHandler_e572cb.html,SWS_DM_01536,content/ai/classes/cl_ara_diag_ReleaseHandler_e572cb/rec_SWS_DM_01536_02.html,Verwendung KI-generiert / AI generated,435
classes/cl_ara_diag_ReleaseHandler_e572cb.html,SWS_DM_01532,content/ai/classes/cl_ara_diag_ReleaseHandler_e572cb/rec_SWS_DM_01532_03.html,Verwendung KI-generiert / AI generated,383
classes/cl_ara_diag_ReleaseHandler_e572cb.html,SWS_DM_01537,content/ai/classes/cl_ara_diag_ReleaseHandler_e572cb/rec_SWS_DM_01537_04.html,Verwendung KI-generiert / AI generated,766
classes/cl_ara_diag_ReleaseHandler_e572cb.html,SWS_DM_01533,content/ai/classes/cl_ara_diag_ReleaseHandler_e572cb/rec_SWS_DM_01533_05.html,Verwendung KI-generiert / AI generated,486
classes/cl_ara_diag_ReleaseHandler_e572cb.html,SWS_DM_01531,content/ai/classes/cl_ara_diag_ReleaseHandler_e572cb/rec_SWS_DM_01531_06.html,Verwendung KI-generiert / AI generated,404
classes/cl_ara_diag_SecurityAccess_b489ef.html,(Seite),content/ai/classes/cl_ara_diag_SecurityAccess_b489ef/main_01.html,Erweiterungspunkt für UDS 0x27,2444
classes/cl_ara_diag_SecurityAccess_b489ef.html,SWS_DM_00765,content/ai/classes/cl_ara_diag_SecurityAccess_b489ef/rec_SWS_DM_00765_02.html,Verwendung KI-generiert / AI generated,755
classes/cl_ara_diag_SecurityAccess_b489ef.html,SWS_DM_00764,content/ai/classes/cl_ara_diag_SecurityAccess_b489ef/rec_SWS_DM_00764_03.html,Verwendung KI-generiert / AI generated,734
classes/cl_ara_diag_SecurityAccess_b489ef.html,SWS_DM_00766,content/ai/classes/cl_ara_diag_SecurityAccess_b489ef/rec_SWS_DM_00766_04.html,Verwendung KI-generiert / AI generated,579
classes/cl_ara_diag_SecurityAccess_b489ef.html,SWS_DM_00762,content/ai/classes/cl_ara_diag_SecurityAccess_b489ef/rec_SWS_DM_00762_05.html,Verwendung KI-generiert / AI generated,838
classes/cl_ara_diag_SecurityAccess_b489ef.html,SWS_DM_00767,content/ai/classes/cl_ara_diag_SecurityAccess_b489ef/rec_SWS_DM_00767_06.html,Verwendung KI-generiert / AI generated,467
classes/cl_ara_diag_SecurityAccess_b489ef.html,SWS_DM_00763,content/ai/classes/cl_ara_diag_SecurityAccess_b489ef/rec_SWS_DM_00763_07.html,Verwendung KI-generiert / AI generated,394
classes/cl_ara_diag_ServiceValidation_4c2c90.html,(Seite),content/ai/classes/cl_ara_diag_ServiceValidation_4c2c90/main_01.html,Verwendungszweck,1556
classes/cl_ara_diag_ServiceValidation_4c2c90.html,SWS_DM_00775,content/ai/classes/cl_ara_diag_ServiceValidation_4c2c90/rec_SWS_DM_00775_02.html,Verwendung KI-generiert / AI generated,490
classes/cl_ara_diag_ServiceValidation_4c2c90.html,SWS_DM_00776,content/ai/classes/cl_ara_diag_ServiceValidation_4c2c90/rec_SWS_DM_00776_03.html,Verwendung KI-generiert / AI generated,582
classes/cl_ara_diag_ServiceValidation_4c2c90.html,SWS_DM_00772,content/ai/classes/cl_ara_diag_ServiceValidation_4c2c90/rec_SWS_DM_00772_04.html,Verwendung KI-generiert / AI generated,1008
classes/cl_ara_diag_ServiceValidation_4c2c90.html,SWS_DM_00777,content/ai/classes/cl_ara_diag_ServiceValidation_4c2c90/rec_SWS_DM_00777_05.html,Verwendung KI-generiert / AI generated,470
classes/cl_ara_diag_ServiceValidation_4c2c90.html,SWS_DM_00774,content/ai/classes/cl_ara_diag_ServiceValidation_4c2c90/rec_SWS_DM_00774_06.html,Verwendung KI-generiert / AI generated,729
classes/cl_ara_diag_ServiceValidation_4c2c90.html,SWS_DM_00773,content/ai/classes/cl_ara_diag_ServiceValidation_4c2c90/rec_SWS_DM_00773_07.html,Verwendung KI-generiert / AI generated,397
classes/cl_ara_diag_SovdAuthorization_ValidateAuthorizationOutput_178096.html,(Seite),content/ai/classes/cl_ara_diag_SovdAuthorization_ValidateAuthorizationOutput_178096/main_01.html,,679
classes/cl_ara_diag_SovdAuthorization_cc5546.html,(Seite),content/ai/classes/cl_ara_diag_SovdAuthorization_cc5546/main_01.html,Verwendungszweck,3047
classes/cl_ara_diag_SovdAuthorization_cc5546.html,SWS_DM_01485,content/ai/classes/cl_ara_diag_SovdAuthorization_cc5546/rec_SWS_DM_01485_02.html,Verwendung KI-generiert / AI generated,774
classes/cl_ara_diag_SovdAuthorization_cc5546.html,SWS_DM_01484,content/ai/classes/cl_ara_diag_SovdAuthorization_cc5546/rec_SWS_DM_01484_03.html,Verwendung KI-generiert / AI generated,777
classes/cl_ara_diag_SovdAuthorization_cc5546.html,SWS_DM_01487,content/ai/classes/cl_ara_diag_SovdAuthorization_cc5546/rec_SWS_DM_01487_04.html,Verwendung KI-generiert / AI generated,677
classes/cl_ara_diag_SovdAuthorization_cc5546.html,SWS_DM_01489,content/ai/classes/cl_ara_diag_SovdAuthorization_cc5546/rec_SWS_DM_01489_05.html,Verwendung KI-generiert / AI generated,1069
classes/cl_ara_diag_SovdAuthorization_cc5546.html,SWS_DM_01486,content/ai/classes/cl_ara_diag_SovdAuthorization_cc5546/rec_SWS_DM_01486_06.html,Verwendung KI-generiert / AI generated,507
classes/cl_ara_diag_SovdAuthorization_cc5546.html,SWS_DM_01483,content/ai/classes/cl_ara_diag_SovdAuthorization_cc5546/rec_SWS_DM_01483_07.html,Verwendung KI-generiert / AI generated,1366
classes/cl_ara_diag_SovdBulkData_BulkDataMetaDataDescriptor_d2855b.html,(Seite),content/ai/classes/cl_ara_diag_SovdBulkData_BulkDataMetaDataDescriptor_d2855b/main_01.html,,687
classes/cl_ara_diag_SovdBulkData_DeleteByCategoryResult_e91b05.html,(Seite),content/ai/classes/cl_ara_diag_SovdBulkData_DeleteByCategoryResult_e91b05/main_01.html,,609
classes/cl_ara_diag_SovdBulkData_DeletionError_0b1f2d.html,(Seite),content/ai/classes/cl_ara_diag_SovdBulkData_DeletionError_0b1f2d/main_01.html,,591
classes/cl_ara_diag_SovdBulkData_bcbd0c.html,(Seite),content/ai/classes/cl_ara_diag_SovdBulkData_bcbd0c/main_01.html,Verwendungszweck,2266
classes/cl_ara_diag_SovdBulkData_bcbd0c.html,SWS_DM_01855,content/ai/classes/cl_ara_diag_SovdBulkData_bcbd0c/rec_SWS_DM_01855_02.html,Verwendung KI-generiert / AI generated,959
classes/cl_ara_diag_SovdBulkData_bcbd0c.html,SWS_DM_01856,content/ai/classes/cl_ara_diag_SovdBulkData_bcbd0c/rec_SWS_DM_01856_03.html,Verwendung KI-generiert / AI generated,933
classes/cl_ara_diag_SovdBulkData_bcbd0c.html,SWS_DM_01853,content/ai/classes/cl_ara_diag_SovdBulkData_bcbd0c/rec_SWS_DM_01853_04.html,Verwendung KI-generiert / AI generated,908
classes/cl_ara_diag_SovdBulkData_bcbd0c.html,SWS_DM_01857,content/ai/classes/cl_ara_diag_SovdBulkData_bcbd0c/rec_SWS_DM_01857_05.html,Verwendung KI-generiert / AI generated,672
classes/cl_ara_diag_SovdBulkData_bcbd0c.html,SWS_DM_01873,content/ai/classes/cl_ara_diag_SovdBulkData_bcbd0c/rec_SWS_DM_01873_06.html,Verwendung KI-generiert / AI generated,1004
classes/cl_ara_diag_SovdBulkData_bcbd0c.html,SWS_DM_01854,content/ai/classes/cl_ara_diag_SovdBulkData_bcbd0c/rec_SWS_DM_01854_07.html,Verwendung KI-generiert / AI generated,972
classes/cl_ara_diag_SovdBulkData_bcbd0c.html,SWS_DM_01847,content/ai/classes/cl_ara_diag_SovdBulkData_bcbd0c/rec_SWS_DM_01847_08.html,Verwendung KI-generiert / AI generated,1053
classes/cl_ara_diag_SovdBulkData_bcbd0c.html,SWS_DM_01849,content/ai/classes/cl_ara_diag_SovdBulkData_bcbd0c/rec_SWS_DM_01849_09.html,Verwendung KI-generiert / AI generated,532
classes/cl_ara_diag_SovdBulkData_bcbd0c.html,SWS_DM_01858,content/ai/classes/cl_ara_diag_SovdBulkData_bcbd0c/rec_SWS_DM_01858_10.html,Verwendung KI-generiert / AI generated,502
classes/cl_ara_diag_SovdConfiguration_694f8c.html,(Seite),content/ai/classes/cl_ara_diag_SovdConfiguration_694f8c/main_01.html,Verwendungszweck,2158
classes/cl_ara_diag_SovdConfiguration_694f8c.html,SWS_DM_01872,content/ai/classes/cl_ara_diag_SovdConfiguration_694f8c/rec_SWS_DM_01872_02.html,Verwendung KI-generiert / AI generated,677
classes/cl_ara_diag_SovdConfiguration_694f8c.html,SWS_DM_01870,content/ai/classes/cl_ara_diag_SovdConfiguration_694f8c/rec_SWS_DM_01870_03.html,Verwendung KI-generiert / AI generated,904
classes/cl_ara_diag_SovdConfiguration_694f8c.html,SWS_DM_01871,content/ai/classes/cl_ara_diag_SovdConfiguration_694f8c/rec_SWS_DM_01871_04.html,Verwendung KI-generiert / AI generated,910
classes/cl_ara_diag_SovdConfiguration_694f8c.html,SWS_DM_01864,content/ai/classes/cl_ara_diag_SovdConfiguration_694f8c/rec_SWS_DM_01864_05.html,Verwendung KI-generiert / AI generated,1063
classes/cl_ara_diag_SovdConfiguration_694f8c.html,SWS_DM_01867,content/ai/classes/cl_ara_diag_SovdConfiguration_694f8c/rec_SWS_DM_01867_06.html,Verwendung KI-generiert / AI generated,543
classes/cl_ara_diag_SovdConfiguration_694f8c.html,SWS_DM_01930,content/ai/classes/cl_ara_diag_SovdConfiguration_694f8c/rec_SWS_DM_01930_07.html,Verwendung KI-generiert / AI generated,507
classes/cl_ara_diag_SovdConfiguration_SovdConfigurationMetaInfo_4ce292.html,(Seite),content/ai/classes/cl_ara_diag_SovdConfiguration_SovdConfigurationMetaInfo_4ce292/main_01.html,,636
classes/cl_ara_diag_SovdContentConcurrencyType_2fcb32.html,(Seite),content/ai/classes/cl_ara_diag_SovdContentConcurrencyType_2fcb32/main_01.html,,612
classes/cl_ara_diag_SovdOperationExecution_GetStatusResponse_b9ff01.html,(Seite),content/ai/classes/cl_ara_diag_SovdOperationExecution_GetStatusResponse_b9ff01/main_01.html,,664
classes/cl_ara_diag_SovdOperationExecution_beb569.html,(Seite),content/ai/classes/cl_ara_diag_SovdOperationExecution_beb569/main_01.html,Verwendungszweck,2052
classes/cl_ara_diag_SovdOperationExecution_beb569.html,SWS_DM_02384,content/ai/classes/cl_ara_diag_SovdOperationExecution_beb569/rec_SWS_DM_02384_02.html,Verwendung KI-generiert / AI generated,1055
classes/cl_ara_diag_SovdOperationExecution_beb569.html,SWS_DM_02201,content/ai/classes/cl_ara_diag_SovdOperationExecution_beb569/rec_SWS_DM_02201_03.html,Verwendung KI-generiert / AI generated,869
classes/cl_ara_diag_SovdOperationExecution_beb569.html,SWS_DM_02202,content/ai/classes/cl_ara_diag_SovdOperationExecution_beb569/rec_SWS_DM_02202_04.html,Verwendung KI-generiert / AI generated,853
classes/cl_ara_diag_SovdProximityChallengeType_23fb4f.html,(Seite),content/ai/classes/cl_ara_diag_SovdProximityChallengeType_23fb4f/main_01.html,,620
classes/cl_ara_diag_SovdProximityChallenge_2669f4.html,(Seite),content/ai/classes/cl_ara_diag_SovdProximityChallenge_2669f4/main_01.html,Verwendungszweck,3135
classes/cl_ara_diag_SovdProximityChallenge_2669f4.html,SWS_DM_01494,content/ai/classes/cl_ara_diag_SovdProximityChallenge_2669f4/rec_SWS_DM_01494_02.html,Verwendung KI-generiert / AI generated,760
classes/cl_ara_diag_SovdProximityChallenge_2669f4.html,SWS_DM_01478,content/ai/classes/cl_ara_diag_SovdProximityChallenge_2669f4/rec_SWS_DM_01478_03.html,Verwendung KI-generiert / AI generated,682
classes/cl_ara_diag_SovdProximityChallenge_2669f4.html,SWS_DM_01480,content/ai/classes/cl_ara_diag_SovdProximityChallenge_2669f4/rec_SWS_DM_01480_04.html,Verwendung KI-generiert / AI generated,1073
classes/cl_ara_diag_SovdProximityChallenge_2669f4.html,SWS_DM_01495,content/ai/classes/cl_ara_diag_SovdProximityChallenge_2669f4/rec_SWS_DM_01495_05.html,Verwendung KI-generiert / AI generated,512
classes/cl_ara_diag_SovdProximityChallenge_2669f4.html,SWS_DM_01493,content/ai/classes/cl_ara_diag_SovdProximityChallenge_2669f4/rec_SWS_DM_01493_06.html,Verwendung KI-generiert / AI generated,828
classes/cl_ara_diag_SovdServiceValidation_586797.html,(Seite),content/ai/classes/cl_ara_diag_SovdServiceValidation_586797/main_01.html,Verwendungszweck,1989
classes/cl_ara_diag_SovdServiceValidation_586797.html,SWS_DM_01825,content/ai/classes/cl_ara_diag_SovdServiceValidation_586797/rec_SWS_DM_01825_02.html,Verwendung KI-generiert / AI generated,681
classes/cl_ara_diag_SovdServiceValidation_586797.html,SWS_DM_01823,content/ai/classes/cl_ara_diag_SovdServiceValidation_586797/rec_SWS_DM_01823_03.html,Verwendung KI-generiert / AI generated,1071
classes/cl_ara_diag_SovdServiceValidation_586797.html,SWS_DM_01826,content/ai/classes/cl_ara_diag_SovdServiceValidation_586797/rec_SWS_DM_01826_04.html,Verwendung KI-generiert / AI generated,511
classes/cl_ara_diag_SovdServiceValidation_586797.html,SWS_DM_01827,content/ai/classes/cl_ara_diag_SovdServiceValidation_586797/rec_SWS_DM_01827_05.html,Verwendung KI-generiert / AI generated,1284
classes/cl_ara_diag_SovdSwUpdate_18fa91.html,(Seite),content/ai/classes/cl_ara_diag_SovdSwUpdate_18fa91/main_01.html,Verwendungszweck,2414
classes/cl_ara_diag_SovdSwUpdate_18fa91.html,SWS_DM_01922,content/ai/classes/cl_ara_diag_SovdSwUpdate_18fa91/rec_SWS_DM_01922_02.html,Verwendung KI-generiert / AI generated,886
classes/cl_ara_diag_SovdSwUpdate_18fa91.html,SWS_DM_01920,content/ai/classes/cl_ara_diag_SovdSwUpdate_18fa91/rec_SWS_DM_01920_03.html,Verwendung KI-generiert / AI generated,848
classes/cl_ara_diag_SovdSwUpdate_18fa91.html,SWS_DM_01916,content/ai/classes/cl_ara_diag_SovdSwUpdate_18fa91/rec_SWS_DM_01916_04.html,Verwendung KI-generiert / AI generated,991
classes/cl_ara_diag_SovdSwUpdate_18fa91.html,SWS_DM_01917,content/ai/classes/cl_ara_diag_SovdSwUpdate_18fa91/rec_SWS_DM_01917_05.html,Verwendung KI-generiert / AI generated,880
classes/cl_ara_diag_SovdSwUpdate_18fa91.html,SWS_DM_01921,content/ai/classes/cl_ara_diag_SovdSwUpdate_18fa91/rec_SWS_DM_01921_06.html,Verwendung KI-generiert / AI generated,882
classes/cl_ara_diag_SovdSwUpdate_18fa91.html,SWS_DM_01924,content/ai/classes/cl_ara_diag_SovdSwUpdate_18fa91/rec_SWS_DM_01924_07.html,Verwendung KI-generiert / AI generated,672
classes/cl_ara_diag_SovdSwUpdate_18fa91.html,SWS_DM_01919,content/ai/classes/cl_ara_diag_SovdSwUpdate_18fa91/rec_SWS_DM_01919_08.html,Verwendung KI-generiert / AI generated,850
classes/cl_ara_diag_SovdSwUpdate_18fa91.html,SWS_DM_01918,content/ai/classes/cl_ara_diag_SovdSwUpdate_18fa91/rec_SWS_DM_01918_09.html,Verwendung KI-generiert / AI generated,885
classes/cl_ara_diag_SovdSwUpdate_18fa91.html,SWS_DM_01923,content/ai/classes/cl_ara_diag_SovdSwUpdate_18fa91/rec_SWS_DM_01923_10.html,Verwendung KI-generiert / AI generated,927
classes/cl_ara_diag_SovdSwUpdate_18fa91.html,SWS_DM_01910,content/ai/classes/cl_ara_diag_SovdSwUpdate_18fa91/rec_SWS_DM_01910_11.html,Verwendung KI-generiert / AI generated,1051
classes/cl_ara_diag_SovdSwUpdate_18fa91.html,SWS_DM_01913,content/ai/classes/cl_ara_diag_SovdSwUpdate_18fa91/rec_SWS_DM_01913_12.html,Verwendung KI-generiert / AI generated,538
classes/cl_ara_diag_SovdSwUpdate_18fa91.html,SWS_DM_01925,content/ai/classes/cl_ara_diag_SovdSwUpdate_18fa91/rec_SWS_DM_01925_13.html,Verwendung KI-generiert / AI generated,502
classes/cl_ara_diag_SovdSwUpdate_SubProgress_20a026.html,(Seite),content/ai/classes/cl_ara_diag_SovdSwUpdate_SubProgress_20a026/main_01.html,,639
classes/cl_ara_diag_SovdSwUpdate_UpdatePackageDetails_c26367.html,(Seite),content/ai/classes/cl_ara_diag_SovdSwUpdate_UpdatePackageDetails_c26367/main_01.html,,816
classes/cl_ara_diag_SovdSwUpdate_UpdatePackageStatus_aa6ef0.html,(Seite),content/ai/classes/cl_ara_diag_SovdSwUpdate_UpdatePackageStatus_aa6ef0/main_01.html,,666
classes/cl_ara_diag_TimeBased_573f80.html,(Seite),content/ai/classes/cl_ara_diag_TimeBased_573f80/main_01.html,,574
classes/cl_ara_diag_TransmitCertificate_236254.html,(Seite),content/ai/classes/cl_ara_diag_TransmitCertificate_236254/main_01.html,Verwendungszweck,1583
classes/cl_ara_diag_TransmitCertificate_236254.html,SWS_DM_01969,content/ai/classes/cl_ara_diag_TransmitCertificate_236254/rec_SWS_DM_01969_02.html,Verwendung KI-generiert / AI generated,580
classes/cl_ara_diag_TransmitCertificate_236254.html,SWS_DM_01968,content/ai/classes/cl_ara_diag_TransmitCertificate_236254/rec_SWS_DM_01968_03.html,Verwendung KI-generiert / AI generated,1128
classes/cl_ara_diag_TransmitCertificate_236254.html,SWS_DM_01970,content/ai/classes/cl_ara_diag_TransmitCertificate_236254/rec_SWS_DM_01970_04.html,Verwendung KI-generiert / AI generated,509
classes/cl_ara_diag_TransmitCertificate_236254.html,SWS_DM_01962,content/ai/classes/cl_ara_diag_TransmitCertificate_236254/rec_SWS_DM_01962_05.html,Verwendung KI-generiert / AI generated,1067
classes/cl_ara_diag_UploadService_OperationOutput_e2247e.html,(Seite),content/ai/classes/cl_ara_diag_UploadService_OperationOutput_e2247e/main_01.html,,639
classes/cl_ara_diag_UploadService_d0eb0f.html,(Seite),content/ai/classes/cl_ara_diag_UploadService_d0eb0f/main_01.html,Verwendungszweck,2214
classes/cl_ara_diag_UploadService_d0eb0f.html,SWS_DM_00802,content/ai/classes/cl_ara_diag_UploadService_d0eb0f/rec_SWS_DM_00802_02.html,Verwendung KI-generiert / AI generated,574
classes/cl_ara_diag_UploadService_d0eb0f.html,SWS_DM_00799,content/ai/classes/cl_ara_diag_UploadService_d0eb0f/rec_SWS_DM_00799_03.html,Verwendung KI-generiert / AI generated,1022
classes/cl_ara_diag_UploadService_d0eb0f.html,SWS_DM_00801,content/ai/classes/cl_ara_diag_UploadService_d0eb0f/rec_SWS_DM_00801_04.html,Verwendung KI-generiert / AI generated,1087
classes/cl_ara_diag_UploadService_d0eb0f.html,SWS_DM_00803,content/ai/classes/cl_ara_diag_UploadService_d0eb0f/rec_SWS_DM_00803_05.html,Verwendung KI-generiert / AI generated,503
classes/cl_ara_diag_UploadService_d0eb0f.html,SWS_DM_00800,content/ai/classes/cl_ara_diag_UploadService_d0eb0f/rec_SWS_DM_00800_06.html,Verwendung KI-generiert / AI generated,1054
classes/cl_ara_diag_UploadService_d0eb0f.html,SWS_DM_00797,content/ai/classes/cl_ara_diag_UploadService_d0eb0f/rec_SWS_DM_00797_07.html,Verwendung KI-generiert / AI generated,1048
classes/cl_ara_exec_ExecErrorDomain_39a295.html,(Seite),content/ai/classes/cl_ara_exec_ExecErrorDomain_39a295/main_01.html,Fehlervertrag von Execution Management,1063
classes/cl_ara_exec_ExecErrorDomain_39a295.html,SWS_EM_02286,content/ai/classes/cl_ara_exec_ExecErrorDomain_39a295/rec_SWS_EM_02286_02.html,Verwendung KI-generiert / AI generated,561
classes/cl_ara_exec_ExecErrorDomain_39a295.html,SWS_EM_02288,content/ai/classes/cl_ara_exec_ExecErrorDomain_39a295/rec_SWS_EM_02288_03.html,Verwendung KI-generiert / AI generated,495
classes/cl_ara_exec_ExecErrorDomain_39a295.html,SWS_EM_02287,content/ai/classes/cl_ara_exec_ExecErrorDomain_39a295/rec_SWS_EM_02287_04.html,Verwendung KI-generiert / AI generated,509
classes/cl_ara_exec_ExecErrorDomain_39a295.html,SWS_EM_02289,content/ai/classes/cl_ara_exec_ExecErrorDomain_39a295/rec_SWS_EM_02289_05.html,Verwendung KI-generiert / AI generated,507
classes/cl_ara_exec_ExecException_d50859.html,(Seite),content/ai/classes/cl_ara_exec_ExecException_d50859/main_01.html,Ausnahme im exec-Fehlerpfad,1013
classes/cl_ara_exec_ExecException_d50859.html,SWS_EM_02283,content/ai/classes/cl_ara_exec_ExecException_d50859/rec_SWS_EM_02283_02.html,Verwendung KI-generiert / AI generated,479
classes/cl_ara_exec_ExecutionClient_e0f3df.html,(Seite),content/ai/classes/cl_ara_exec_ExecutionClient_e0f3df/main_01.html,Rolle im gemeldeten Prozess-Lifecycle,3127
classes/cl_ara_exec_ExecutionClient_e0f3df.html,SWS_EM_02562,content/ai/classes/cl_ara_exec_ExecutionClient_e0f3df/rec_SWS_EM_02562_02.html,Verwendung KI-generiert / AI generated,841
classes/cl_ara_exec_ExecutionClient_e0f3df.html,SWS_EM_02560,content/ai/classes/cl_ara_exec_ExecutionClient_e0f3df/rec_SWS_EM_02560_03.html,Verwendung KI-generiert / AI generated,530
classes/cl_ara_exec_ExecutionClient_e0f3df.html,SWS_EM_02563,content/ai/classes/cl_ara_exec_ExecutionClient_e0f3df/rec_SWS_EM_02563_04.html,Verwendung KI-generiert / AI generated,337
classes/cl_ara_exec_ExecutionClient_e0f3df.html,SWS_EM_02580,content/ai/classes/cl_ara_exec_ExecutionClient_e0f3df/rec_SWS_EM_02580_05.html,Verwendung KI-generiert / AI generated,489
classes/cl_ara_exec_ExecutionClient_e0f3df.html,SWS_EM_02003,content/ai/classes/cl_ara_exec_ExecutionClient_e0f3df/rec_SWS_EM_02003_06.html,Verwendung KI-generiert / AI generated,876
classes/cl_ara_exec_ExecutionClient_e0f3df.html,SWS_EM_02581,content/ai/classes/cl_ara_exec_ExecutionClient_e0f3df/rec_SWS_EM_02581_07.html,Verwendung KI-generiert / AI generated,664
classes/cl_ara_exec_ExecutionClient_e0f3df.html,SWS_EM_02002,content/ai/classes/cl_ara_exec_ExecutionClient_e0f3df/rec_SWS_EM_02002_08.html,Verwendung KI-generiert / AI generated,507
classes/cl_ara_exec_ExecutionErrorEvent_7aa757.html,(Seite),content/ai/classes/cl_ara_exec_ExecutionErrorEvent_7aa757/main_01.html,Fehlerinformation an State Management,1115
classes/cl_ara_exec_FunctionGroupState_651be1.html,(Seite),content/ai/classes/cl_ara_exec_FunctionGroupState_651be1/main_01.html,Konfigurationswert für die Prozessmenge,1777
classes/cl_ara_exec_FunctionGroupState_651be1.html,SWS_EM_02324,content/ai/classes/cl_ara_exec_FunctionGroupState_651be1/rec_SWS_EM_02324_02.html,Verwendung KI-generiert / AI generated,506
classes/cl_ara_exec_FunctionGroupState_651be1.html,SWS_EM_02325,content/ai/classes/cl_ara_exec_FunctionGroupState_651be1/rec_SWS_EM_02325_03.html,Verwendung KI-generiert / AI generated,483
classes/cl_ara_exec_FunctionGroupState_651be1.html,SWS_EM_02331,content/ai/classes/cl_ara_exec_FunctionGroupState_651be1/rec_SWS_EM_02331_04.html,Verwendung KI-generiert / AI generated,471
classes/cl_ara_exec_FunctionGroupState_651be1.html,SWS_EM_02274,content/ai/classes/cl_ara_exec_FunctionGroupState_651be1/rec_SWS_EM_02274_05.html,Verwendung KI-generiert / AI generated,619
classes/cl_ara_exec_FunctionGroupState_651be1.html,SWS_EM_02330,content/ai/classes/cl_ara_exec_FunctionGroupState_651be1/rec_SWS_EM_02330_06.html,Verwendung KI-generiert / AI generated,541
classes/cl_ara_exec_FunctionGroupState_651be1.html,SWS_EM_02332,content/ai/classes/cl_ara_exec_FunctionGroupState_651be1/rec_SWS_EM_02332_07.html,Verwendung KI-generiert / AI generated,543
classes/cl_ara_exec_FunctionGroupState_651be1.html,SWS_EM_02273,content/ai/classes/cl_ara_exec_FunctionGroupState_651be1/rec_SWS_EM_02273_08.html,Verwendung KI-generiert / AI generated,568
classes/cl_ara_exec_FunctionGroupState_651be1.html,SWS_EM_02272,content/ai/classes/cl_ara_exec_FunctionGroupState_651be1/rec_SWS_EM_02272_09.html,Verwendung KI-generiert / AI generated,458
classes/cl_ara_exec_FunctionGroup_eb52bf.html,(Seite),content/ai/classes/cl_ara_exec_FunctionGroup_eb52bf/main_01.html,Grenze einer konsistent gesteuerten Prozessmenge,1840
classes/cl_ara_exec_FunctionGroup_eb52bf.html,SWS_EM_02321,content/ai/classes/cl_ara_exec_FunctionGroup_eb52bf/rec_SWS_EM_02321_02.html,Verwendung KI-generiert / AI generated,486
classes/cl_ara_exec_FunctionGroup_eb52bf.html,SWS_EM_02322,content/ai/classes/cl_ara_exec_FunctionGroup_eb52bf/rec_SWS_EM_02322_03.html,Verwendung KI-generiert / AI generated,476
classes/cl_ara_exec_FunctionGroup_eb52bf.html,SWS_EM_02328,content/ai/classes/cl_ara_exec_FunctionGroup_eb52bf/rec_SWS_EM_02328_04.html,Verwendung KI-generiert / AI generated,460
classes/cl_ara_exec_FunctionGroup_eb52bf.html,SWS_EM_02586,content/ai/classes/cl_ara_exec_FunctionGroup_eb52bf/rec_SWS_EM_02586_05.html,Verwendung KI-generiert / AI generated,512
classes/cl_ara_exec_FunctionGroup_eb52bf.html,SWS_EM_02268,content/ai/classes/cl_ara_exec_FunctionGroup_eb52bf/rec_SWS_EM_02268_06.html,Verwendung KI-generiert / AI generated,630
classes/cl_ara_exec_FunctionGroup_eb52bf.html,SWS_EM_02327,content/ai/classes/cl_ara_exec_FunctionGroup_eb52bf/rec_SWS_EM_02327_07.html,Verwendung KI-generiert / AI generated,427
classes/cl_ara_exec_FunctionGroup_eb52bf.html,SWS_EM_02329,content/ai/classes/cl_ara_exec_FunctionGroup_eb52bf/rec_SWS_EM_02329_08.html,Verwendung KI-generiert / AI generated,512
classes/cl_ara_exec_FunctionGroup_eb52bf.html,SWS_EM_02267,content/ai/classes/cl_ara_exec_FunctionGroup_eb52bf/rec_SWS_EM_02267_09.html,Verwendung KI-generiert / AI generated,558
classes/cl_ara_exec_FunctionGroup_eb52bf.html,SWS_EM_02266,content/ai/classes/cl_ara_exec_FunctionGroup_eb52bf/rec_SWS_EM_02266_10.html,Verwendung KI-generiert / AI generated,491
classes/cl_ara_exec_StateClient_276b21.html,(Seite),content/ai/classes/cl_ara_exec_StateClient_276b21/main_01.html,Steuergrenze zwischen State Management und Execution Management,3885
classes/cl_ara_exec_StateClient_276b21.html,SWS_EM_02276,content/ai/classes/cl_ara_exec_StateClient_276b21/rec_SWS_EM_02276_02.html,Verwendung KI-generiert / AI generated,477
classes/cl_ara_exec_StateClient_276b21.html,SWS_EM_02542,content/ai/classes/cl_ara_exec_StateClient_276b21/rec_SWS_EM_02542_03.html,Verwendung KI-generiert / AI generated,524
classes/cl_ara_exec_StateClient_276b21.html,SWS_EM_02279,content/ai/classes/cl_ara_exec_StateClient_276b21/rec_SWS_EM_02279_04.html,Verwendung KI-generiert / AI generated,550
classes/cl_ara_exec_StateClient_276b21.html,SWS_EM_02278,content/ai/classes/cl_ara_exec_StateClient_276b21/rec_SWS_EM_02278_05.html,Verwendung KI-generiert / AI generated,734
classes/cl_ara_exec_StateClient_276b21.html,SWS_EM_02561,content/ai/classes/cl_ara_exec_StateClient_276b21/rec_SWS_EM_02561_06.html,Verwendung KI-generiert / AI generated,479
classes/cl_ara_exec_StateClient_276b21.html,SWS_EM_02565,content/ai/classes/cl_ara_exec_StateClient_276b21/rec_SWS_EM_02565_07.html,Verwendung KI-generiert / AI generated,300
classes/cl_ara_exec_StateClient_276b21.html,SWS_EM_02566,content/ai/classes/cl_ara_exec_StateClient_276b21/rec_SWS_EM_02566_08.html,Verwendung KI-generiert / AI generated,477
classes/cl_ara_exec_StateClient_276b21.html,SWS_EM_02567,content/ai/classes/cl_ara_exec_StateClient_276b21/rec_SWS_EM_02567_09.html,Verwendung KI-generiert / AI generated,577
classes/cl_ara_exec_StateClient_276b21.html,SWS_EM_02277,content/ai/classes/cl_ara_exec_StateClient_276b21/rec_SWS_EM_02277_10.html,Verwendung KI-generiert / AI generated,468
classes/cl_ara_fw_FirewallStateSwitchInterface_a82001.html,(Seite),content/ai/classes/cl_ara_fw_FirewallStateSwitchInterface_a82001/main_01.html,Einordnung,615
classes/cl_ara_fw_FirewallStateSwitchInterface_a82001.html,AP_SWS_Fw_82002,content/ai/classes/cl_ara_fw_FirewallStateSwitchInterface_a82001/rec_AP_SWS_Fw_82002_02.html,Verwendung,379
classes/cl_ara_fw_FirewallStateSwitchInterface_a82001.html,AP_SWS_Fw_82003,content/ai/classes/cl_ara_fw_FirewallStateSwitchInterface_a82001/rec_AP_SWS_Fw_82003_03.html,Verwendung,380
classes/cl_ara_fw_FirewallStateSwitchInterface_a82001.html,AP_SWS_Fw_82004,content/ai/classes/cl_ara_fw_FirewallStateSwitchInterface_a82001/rec_AP_SWS_Fw_82004_04.html,Verwendung,379
classes/cl_ara_fw_FirewallStateSwitchInterface_a82001.html,AP_SWS_Fw_82005,content/ai/classes/cl_ara_fw_FirewallStateSwitchInterface_a82001/rec_AP_SWS_Fw_82005_05.html,Verwendung,360
classes/cl_ara_fw_FirewallStateSwitchInterface_a82001.html,AP_SWS_Fw_82006,content/ai/classes/cl_ara_fw_FirewallStateSwitchInterface_a82001/rec_AP_SWS_Fw_82006_06.html,Verwendung,379
classes/cl_ara_fw_FirewallStateSwitchInterface_a82001.html,AP_SWS_Fw_82007,content/ai/classes/cl_ara_fw_FirewallStateSwitchInterface_a82001/rec_AP_SWS_Fw_82007_07.html,Verwendung,360
classes/cl_ara_fw_FirewallStateSwitchInterface_a82001.html,AP_SWS_Fw_82008,content/ai/classes/cl_ara_fw_FirewallStateSwitchInterface_a82001/rec_AP_SWS_Fw_82008_08.html,Verwendung,370
classes/cl_ara_fw_FwErrorDomain_a83006.html,(Seite),content/ai/classes/cl_ara_fw_FwErrorDomain_a83006/main_01.html,Einordnung,615
classes/cl_ara_fw_FwErrorDomain_a83006.html,AP_SWS_Fw_83007,content/ai/classes/cl_ara_fw_FwErrorDomain_a83006/rec_AP_SWS_Fw_83007_02.html,Verwendung,355
classes/cl_ara_fw_FwErrorDomain_a83006.html,AP_SWS_Fw_83008,content/ai/classes/cl_ara_fw_FwErrorDomain_a83006/rec_AP_SWS_Fw_83008_03.html,Verwendung,360
classes/cl_ara_fw_FwErrorDomain_a83006.html,AP_SWS_Fw_83009,content/ai/classes/cl_ara_fw_FwErrorDomain_a83006/rec_AP_SWS_Fw_83009_04.html,Verwendung,364
classes/cl_ara_fw_FwErrorDomain_a83006.html,AP_SWS_Fw_83010,content/ai/classes/cl_ara_fw_FwErrorDomain_a83006/rec_AP_SWS_Fw_83010_05.html,Verwendung,355
classes/cl_ara_fw_FwErrorDomain_a83006.html,AP_SWS_Fw_83011,content/ai/classes/cl_ara_fw_FwErrorDomain_a83006/rec_AP_SWS_Fw_83011_06.html,Verwendung,358
classes/cl_ara_fw_FwErrorDomain_a83006.html,AP_SWS_Fw_83012,content/ai/classes/cl_ara_fw_FwErrorDomain_a83006/rec_AP_SWS_Fw_83012_07.html,Verwendung,367
classes/cl_ara_fw_FwException_a83004.html,(Seite),content/ai/classes/cl_ara_fw_FwException_a83004/main_01.html,Einordnung,615
classes/cl_ara_fw_FwException_a83004.html,AP_SWS_Fw_83005,content/ai/classes/cl_ara_fw_FwException_a83004/rec_AP_SWS_Fw_83005_02.html,Verwendung,362
classes/cl_ara_idsm_ContextDataProvider_725af1.html,(Seite),content/ai/classes/cl_ara_idsm_ContextDataProvider_725af1/main_01.html,Einordnung,616
classes/cl_ara_idsm_ContextDataProvider_725af1.html,SWS_AIDSM_10501,content/ai/classes/cl_ara_idsm_ContextDataProvider_725af1/rec_SWS_AIDSM_10501_02.html,Verwendung KI-generiert / AI generated,353
classes/cl_ara_idsm_ContextDataProvider_725af1.html,SWS_AIDSM_10509,content/ai/classes/cl_ara_idsm_ContextDataProvider_725af1/rec_SWS_AIDSM_10509_03.html,Verwendung KI-generiert / AI generated,352
classes/cl_ara_idsm_ContextDataProvider_725af1.html,SWS_AIDSM_10507,content/ai/classes/cl_ara_idsm_ContextDataProvider_725af1/rec_SWS_AIDSM_10507_04.html,Verwendung KI-generiert / AI generated,330
classes/cl_ara_idsm_ContextDataProvider_725af1.html,SWS_AIDSM_10508,content/ai/classes/cl_ara_idsm_ContextDataProvider_725af1/rec_SWS_AIDSM_10508_05.html,Verwendung KI-generiert / AI generated,331
classes/cl_ara_idsm_EventReporter_a34c7d.html,(Seite),content/ai/classes/cl_ara_idsm_EventReporter_a34c7d/main_01.html,Einordnung,579
classes/cl_ara_idsm_EventReporter_a34c7d.html,SWS_AIDSM_10101,content/ai/classes/cl_ara_idsm_EventReporter_a34c7d/rec_SWS_AIDSM_10101_02.html,Verwendung KI-generiert / AI generated,330
classes/cl_ara_idsm_EventReporter_a34c7d.html,SWS_AIDSM_10301,content/ai/classes/cl_ara_idsm_EventReporter_a34c7d/rec_SWS_AIDSM_10301_03.html,Verwendung KI-generiert / AI generated,366
classes/cl_ara_idsm_EventReporter_a34c7d.html,SWS_AIDSM_10304,content/ai/classes/cl_ara_idsm_EventReporter_a34c7d/rec_SWS_AIDSM_10304_04.html,Verwendung KI-generiert / AI generated,327
classes/cl_ara_idsm_EventReporter_a34c7d.html,SWS_AIDSM_10305,content/ai/classes/cl_ara_idsm_EventReporter_a34c7d/rec_SWS_AIDSM_10305_05.html,Verwendung KI-generiert / AI generated,343
classes/cl_ara_idsm_EventReporter_a34c7d.html,SWS_AIDSM_10306,content/ai/classes/cl_ara_idsm_EventReporter_a34c7d/rec_SWS_AIDSM_10306_06.html,Verwendung KI-generiert / AI generated,341
classes/cl_ara_idsm_EventReporter_a34c7d.html,SWS_AIDSM_10307,content/ai/classes/cl_ara_idsm_EventReporter_a34c7d/rec_SWS_AIDSM_10307_07.html,Verwendung KI-generiert / AI generated,357
classes/cl_ara_idsm_EventReporter_a34c7d.html,SWS_AIDSM_10302,content/ai/classes/cl_ara_idsm_EventReporter_a34c7d/rec_SWS_AIDSM_10302_08.html,Verwendung KI-generiert / AI generated,344
classes/cl_ara_idsm_EventReporter_a34c7d.html,SWS_AIDSM_10303,content/ai/classes/cl_ara_idsm_EventReporter_a34c7d/rec_SWS_AIDSM_10303_09.html,Verwendung KI-generiert / AI generated,326
classes/cl_ara_idsm_IdsmErrorDomain_1d6ce8.html,(Seite),content/ai/classes/cl_ara_idsm_IdsmErrorDomain_1d6ce8/main_01.html,Einordnung,561
classes/cl_ara_idsm_IdsmException_9a51e2.html,(Seite),content/ai/classes/cl_ara_idsm_IdsmException_9a51e2/main_01.html,Einordnung,538
classes/cl_ara_idsm_IdsmException_9a51e2.html,SWS_AIDSM_10704,content/ai/classes/cl_ara_idsm_IdsmException_9a51e2/rec_SWS_AIDSM_10704_02.html,Verwendung KI-generiert / AI generated,321
classes/cl_ara_idsm_QualifiedEventsReceiver_60bf93.html,(Seite),content/ai/classes/cl_ara_idsm_QualifiedEventsReceiver_60bf93/main_01.html,Einordnung,614
classes/cl_ara_idsm_QualifiedEventsReceiver_60bf93.html,SWS_AIDSM_10800,content/ai/classes/cl_ara_idsm_QualifiedEventsReceiver_60bf93/rec_SWS_AIDSM_10800_02.html,Verwendung KI-generiert / AI generated,345
classes/cl_ara_idsm_QualifiedEventsReceiver_60bf93.html,SWS_AIDSM_10801,content/ai/classes/cl_ara_idsm_QualifiedEventsReceiver_60bf93/rec_SWS_AIDSM_10801_03.html,Verwendung KI-generiert / AI generated,336
classes/cl_ara_idsm_QualifiedEventsReceiver_60bf93.html,SWS_AIDSM_10808,content/ai/classes/cl_ara_idsm_QualifiedEventsReceiver_60bf93/rec_SWS_AIDSM_10808_04.html,Verwendung KI-generiert / AI generated,330
classes/cl_ara_idsm_QualifiedEventsReceiver_60bf93.html,SWS_AIDSM_10807,content/ai/classes/cl_ara_idsm_QualifiedEventsReceiver_60bf93/rec_SWS_AIDSM_10807_05.html,Verwendung KI-generiert / AI generated,350
classes/cl_ara_idsm_QualifiedEventsReceiver_60bf93.html,SWS_AIDSM_10810,content/ai/classes/cl_ara_idsm_QualifiedEventsReceiver_60bf93/rec_SWS_AIDSM_10810_06.html,Verwendung KI-generiert / AI generated,358
classes/cl_ara_idsm_QualifiedEventsReceiver_60bf93.html,SWS_AIDSM_10809,content/ai/classes/cl_ara_idsm_QualifiedEventsReceiver_60bf93/rec_SWS_AIDSM_10809_07.html,Verwendung KI-generiert / AI generated,334
classes/cl_ara_idsm_ReportingModeProvider_54e0b6.html,(Seite),content/ai/classes/cl_ara_idsm_ReportingModeProvider_54e0b6/main_01.html,Einordnung,582
classes/cl_ara_idsm_ReportingModeProvider_54e0b6.html,SWS_AIDSM_10601,content/ai/classes/cl_ara_idsm_ReportingModeProvider_54e0b6/rec_SWS_AIDSM_10601_02.html,Verwendung KI-generiert / AI generated,348
classes/cl_ara_idsm_ReportingModeProvider_54e0b6.html,SWS_AIDSM_10602,content/ai/classes/cl_ara_idsm_ReportingModeProvider_54e0b6/rec_SWS_AIDSM_10602_03.html,Verwendung KI-generiert / AI generated,337
classes/cl_ara_idsm_ReportingModeProvider_54e0b6.html,SWS_AIDSM_10603,content/ai/classes/cl_ara_idsm_ReportingModeProvider_54e0b6/rec_SWS_AIDSM_10603_04.html,Verwendung KI-generiert / AI generated,337
classes/cl_ara_idsm_TimestampProvider_b8962a.html,(Seite),content/ai/classes/cl_ara_idsm_TimestampProvider_b8962a/main_01.html,Einordnung,574
classes/cl_ara_idsm_TimestampProvider_b8962a.html,SWS_AIDSM_10401,content/ai/classes/cl_ara_idsm_TimestampProvider_b8962a/rec_SWS_AIDSM_10401_02.html,Verwendung KI-generiert / AI generated,344
classes/cl_ara_idsm_TimestampProvider_b8962a.html,SWS_AIDSM_10408,content/ai/classes/cl_ara_idsm_TimestampProvider_b8962a/rec_SWS_AIDSM_10408_03.html,Verwendung KI-generiert / AI generated,325
classes/cl_ara_idsm_TimestampProvider_b8962a.html,SWS_AIDSM_10409,content/ai/classes/cl_ara_idsm_TimestampProvider_b8962a/rec_SWS_AIDSM_10409_04.html,Verwendung KI-generiert / AI generated,326
classes/cl_ara_log_Argument_2cabba.html,(Seite),content/ai/classes/cl_ara_log_Argument_2cabba/main_01.html,Logging-Baustein class ara::log::Argument,1388
classes/cl_ara_log_Format_2a1754.html,(Seite),content/ai/classes/cl_ara_log_Format_2a1754/main_01.html,Logging-Baustein struct ara::log::Format,1417
classes/cl_ara_log_LogStream_2f1f1b.html,(Seite),content/ai/classes/cl_ara_log_LogStream_2f1f1b/main_01.html,LogStream als flüchtiger Nachrichten-Builder,2431
classes/cl_ara_log_LogStream_2f1f1b.html,SWS_LOG_00039,content/ai/classes/cl_ara_log_LogStream_2f1f1b/rec_SWS_LOG_00039_02.html,Verwendung KI-generiert / AI generated,818
classes/cl_ara_log_LogStream_2f1f1b.html,SWS_LOG_00174,content/ai/classes/cl_ara_log_LogStream_2f1f1b/rec_SWS_LOG_00174_03.html,Verwendung KI-generiert / AI generated,626
classes/cl_ara_log_LogStream_2f1f1b.html,SWS_LOG_00176,content/ai/classes/cl_ara_log_LogStream_2f1f1b/rec_SWS_LOG_00176_04.html,Verwendung KI-generiert / AI generated,626
classes/cl_ara_log_LogStream_2f1f1b.html,SWS_LOG_00129,content/ai/classes/cl_ara_log_LogStream_2f1f1b/rec_SWS_LOG_00129_05.html,Verwendung KI-generiert / AI generated,786
classes/cl_ara_log_LogStream_2f1f1b.html,SWS_LOG_00258,content/ai/classes/cl_ara_log_LogStream_2f1f1b/rec_SWS_LOG_00258_06.html,Verwendung KI-generiert / AI generated,770
classes/cl_ara_log_LogStream_2f1f1b.html,SWS_LOG_00132,content/ai/classes/cl_ara_log_LogStream_2f1f1b/rec_SWS_LOG_00132_07.html,Verwendung KI-generiert / AI generated,768
classes/cl_ara_log_LogStream_2f1f1b.html,SWS_LOG_00040,content/ai/classes/cl_ara_log_LogStream_2f1f1b/rec_SWS_LOG_00040_08.html,Verwendung KI-generiert / AI generated,546
classes/cl_ara_log_LogStream_2f1f1b.html,SWS_LOG_00041,content/ai/classes/cl_ara_log_LogStream_2f1f1b/rec_SWS_LOG_00041_09.html,Verwendung KI-generiert / AI generated,542
classes/cl_ara_log_LogStream_2f1f1b.html,SWS_LOG_00042,content/ai/classes/cl_ara_log_LogStream_2f1f1b/rec_SWS_LOG_00042_10.html,Verwendung KI-generiert / AI generated,543
classes/cl_ara_log_LogStream_2f1f1b.html,SWS_LOG_00043,content/ai/classes/cl_ara_log_LogStream_2f1f1b/rec_SWS_LOG_00043_11.html,Verwendung KI-generiert / AI generated,543
classes/cl_ara_log_LogStream_2f1f1b.html,SWS_LOG_00044,content/ai/classes/cl_ara_log_LogStream_2f1f1b/rec_SWS_LOG_00044_12.html,Verwendung KI-generiert / AI generated,543
classes/cl_ara_log_LogStream_2f1f1b.html,SWS_LOG_00045,content/ai/classes/cl_ara_log_LogStream_2f1f1b/rec_SWS_LOG_00045_13.html,Verwendung KI-generiert / AI generated,547
classes/cl_ara_log_LogStream_2f1f1b.html,SWS_LOG_00046,content/ai/classes/cl_ara_log_LogStream_2f1f1b/rec_SWS_LOG_00046_14.html,Verwendung KI-generiert / AI generated,548
classes/cl_ara_log_LogStream_2f1f1b.html,SWS_LOG_00047,content/ai/classes/cl_ara_log_LogStream_2f1f1b/rec_SWS_LOG_00047_15.html,Verwendung KI-generiert / AI generated,548
classes/cl_ara_log_LogStream_2f1f1b.html,SWS_LOG_00048,content/ai/classes/cl_ara_log_LogStream_2f1f1b/rec_SWS_LOG_00048_16.html,Verwendung KI-generiert / AI generated,548
classes/cl_ara_log_LogStream_2f1f1b.html,SWS_LOG_00049,content/ai/classes/cl_ara_log_LogStream_2f1f1b/rec_SWS_LOG_00049_17.html,Verwendung KI-generiert / AI generated,529
classes/cl_ara_log_LogStream_2f1f1b.html,SWS_LOG_00050,content/ai/classes/cl_ara_log_LogStream_2f1f1b/rec_SWS_LOG_00050_18.html,Verwendung KI-generiert / AI generated,529
classes/cl_ara_log_LogStream_2f1f1b.html,SWS_LOG_00051,content/ai/classes/cl_ara_log_LogStream_2f1f1b/rec_SWS_LOG_00051_19.html,Verwendung KI-generiert / AI generated,537
classes/cl_ara_log_LogStream_2f1f1b.html,SWS_LOG_00062,content/ai/classes/cl_ara_log_LogStream_2f1f1b/rec_SWS_LOG_00062_20.html,Verwendung KI-generiert / AI generated,528
classes/cl_ara_log_LogStream_2f1f1b.html,SWS_LOG_00128,content/ai/classes/cl_ara_log_LogStream_2f1f1b/rec_SWS_LOG_00128_21.html,Verwendung KI-generiert / AI generated,621
classes/cl_ara_log_LogStream_2f1f1b.html,SWS_LOG_00203,content/ai/classes/cl_ara_log_LogStream_2f1f1b/rec_SWS_LOG_00203_22.html,Verwendung KI-generiert / AI generated,689
classes/cl_ara_log_LogStream_2f1f1b.html,SWS_LOG_00262,content/ai/classes/cl_ara_log_LogStream_2f1f1b/rec_SWS_LOG_00262_23.html,Verwendung KI-generiert / AI generated,783
classes/cl_ara_log_Logger_48f21d.html,(Seite),content/ai/classes/cl_ara_log_Logger_48f21d/main_01.html,Logger als Kontext und Filtergrenze,2578
classes/cl_ara_log_Logger_48f21d.html,SWS_LOG_00070,content/ai/classes/cl_ara_log_Logger_48f21d/rec_SWS_LOG_00070_02.html,Verwendung KI-generiert / AI generated,830
classes/cl_ara_log_Logger_48f21d.html,SWS_LOG_00204,content/ai/classes/cl_ara_log_Logger_48f21d/rec_SWS_LOG_00204_03.html,Verwendung KI-generiert / AI generated,823
classes/cl_ara_log_Logger_48f21d.html,SWS_LOG_00068,content/ai/classes/cl_ara_log_Logger_48f21d/rec_SWS_LOG_00068_04.html,Verwendung KI-generiert / AI generated,847
classes/cl_ara_log_Logger_48f21d.html,SWS_LOG_00065,content/ai/classes/cl_ara_log_Logger_48f21d/rec_SWS_LOG_00065_05.html,Verwendung KI-generiert / AI generated,846
classes/cl_ara_log_Logger_48f21d.html,SWS_LOG_00064,content/ai/classes/cl_ara_log_Logger_48f21d/rec_SWS_LOG_00064_06.html,Verwendung KI-generiert / AI generated,858
classes/cl_ara_log_Logger_48f21d.html,SWS_LOG_00067,content/ai/classes/cl_ara_log_Logger_48f21d/rec_SWS_LOG_00067_07.html,Verwendung KI-generiert / AI generated,805
classes/cl_ara_log_Logger_48f21d.html,SWS_LOG_00069,content/ai/classes/cl_ara_log_Logger_48f21d/rec_SWS_LOG_00069_08.html,Verwendung KI-generiert / AI generated,850
classes/cl_ara_log_Logger_48f21d.html,SWS_LOG_00066,content/ai/classes/cl_ara_log_Logger_48f21d/rec_SWS_LOG_00066_09.html,Verwendung KI-generiert / AI generated,846
classes/cl_ara_log_Logger_48f21d.html,SWS_LOG_00133,content/ai/classes/cl_ara_log_Logger_48f21d/rec_SWS_LOG_00133_10.html,Verwendung KI-generiert / AI generated,756
classes/cl_ara_log_Logger_48f21d.html,SWS_LOG_00259,content/ai/classes/cl_ara_log_Logger_48f21d/rec_SWS_LOG_00259_11.html,Verwendung KI-generiert / AI generated,620
classes/cl_ara_log_Logger_48f21d.html,SWS_LOG_00255,content/ai/classes/cl_ara_log_Logger_48f21d/rec_SWS_LOG_00255_12.html,Verwendung KI-generiert / AI generated,750
classes/cl_ara_log_Logger_48f21d.html,SWS_LOG_00131,content/ai/classes/cl_ara_log_Logger_48f21d/rec_SWS_LOG_00131_13.html,Verwendung KI-generiert / AI generated,796
classes/cl_ara_log_Logger_48f21d.html,SWS_LOG_00260,content/ai/classes/cl_ara_log_Logger_48f21d/rec_SWS_LOG_00260_14.html,Verwendung KI-generiert / AI generated,777
classes/cl_ara_nm_NetworkHandle_4a11c2.html,(Seite),content/ai/classes/cl_ara_nm_NetworkHandle_4a11c2/main_01.html,Einordnung,641
classes/cl_ara_nm_NetworkHandle_4a11c2.html,SWS_ANM_01000,content/ai/classes/cl_ara_nm_NetworkHandle_4a11c2/rec_SWS_ANM_01000_02.html,Verwendung KI-generiert / AI generated,364
classes/cl_ara_nm_NetworkHandle_4a11c2.html,SWS_ANM_01020,content/ai/classes/cl_ara_nm_NetworkHandle_4a11c2/rec_SWS_ANM_01020_03.html,Verwendung KI-generiert / AI generated,369
classes/cl_ara_nm_NetworkHandle_4a11c2.html,SWS_ANM_01358,content/ai/classes/cl_ara_nm_NetworkHandle_4a11c2/rec_SWS_ANM_01358_04.html,Verwendung KI-generiert / AI generated,348
classes/cl_ara_nm_NetworkHandle_4a11c2.html,SWS_ANM_01001,content/ai/classes/cl_ara_nm_NetworkHandle_4a11c2/rec_SWS_ANM_01001_05.html,Verwendung KI-generiert / AI generated,368
classes/cl_ara_nm_NetworkHandle_4a11c2.html,SWS_ANM_01008,content/ai/classes/cl_ara_nm_NetworkHandle_4a11c2/rec_SWS_ANM_01008_06.html,Verwendung KI-generiert / AI generated,361
classes/cl_ara_nm_NetworkHandle_4a11c2.html,SWS_ANM_01007,content/ai/classes/cl_ara_nm_NetworkHandle_4a11c2/rec_SWS_ANM_01007_07.html,Verwendung KI-generiert / AI generated,363
classes/cl_ara_nm_NetworkHandle_4a11c2.html,SWS_ANM_01012,content/ai/classes/cl_ara_nm_NetworkHandle_4a11c2/rec_SWS_ANM_01012_08.html,Verwendung KI-generiert / AI generated,331
classes/cl_ara_nm_NetworkHandle_4a11c2.html,SWS_ANM_01014,content/ai/classes/cl_ara_nm_NetworkHandle_4a11c2/rec_SWS_ANM_01014_09.html,Verwendung KI-generiert / AI generated,363
classes/cl_ara_nm_NetworkHandle_4a11c2.html,SWS_ANM_01010,content/ai/classes/cl_ara_nm_NetworkHandle_4a11c2/rec_SWS_ANM_01010_10.html,Verwendung KI-generiert / AI generated,336
classes/cl_ara_nm_NetworkHandle_4a11c2.html,SWS_ANM_01015,content/ai/classes/cl_ara_nm_NetworkHandle_4a11c2/rec_SWS_ANM_01015_11.html,Verwendung KI-generiert / AI generated,343
classes/cl_ara_nm_NetworkHandle_4a11c2.html,SWS_ANM_01009,content/ai/classes/cl_ara_nm_NetworkHandle_4a11c2/rec_SWS_ANM_01009_12.html,Verwendung KI-generiert / AI generated,382
classes/cl_ara_nm_NetworkHandle_4a11c2.html,SWS_ANM_01013,content/ai/classes/cl_ara_nm_NetworkHandle_4a11c2/rec_SWS_ANM_01013_13.html,Verwendung KI-generiert / AI generated,345
classes/cl_ara_nm_NmErrorDomain_9b71d3.html,(Seite),content/ai/classes/cl_ara_nm_NmErrorDomain_9b71d3/main_01.html,Einordnung,584
classes/cl_ara_nm_NmErrorDomain_9b71d3.html,SWS_ANM_01105,content/ai/classes/cl_ara_nm_NmErrorDomain_9b71d3/rec_SWS_ANM_01105_02.html,Verwendung KI-generiert / AI generated,343
classes/cl_ara_nm_NmErrorDomain_9b71d3.html,SWS_ANM_01107,content/ai/classes/cl_ara_nm_NmErrorDomain_9b71d3/rec_SWS_ANM_01107_03.html,Verwendung KI-generiert / AI generated,325
classes/cl_ara_nm_NmErrorDomain_9b71d3.html,SWS_ANM_01106,content/ai/classes/cl_ara_nm_NmErrorDomain_9b71d3/rec_SWS_ANM_01106_04.html,Verwendung KI-generiert / AI generated,333
classes/cl_ara_nm_NmErrorDomain_9b71d3.html,SWS_ANM_01108,content/ai/classes/cl_ara_nm_NmErrorDomain_9b71d3/rec_SWS_ANM_01108_05.html,Verwendung KI-generiert / AI generated,387
classes/cl_ara_nm_NmException_6e2f84.html,(Seite),content/ai/classes/cl_ara_nm_NmException_6e2f84/main_01.html,Einordnung,574
classes/cl_ara_nm_NmException_6e2f84.html,SWS_ANM_01100,content/ai/classes/cl_ara_nm_NmException_6e2f84/rec_SWS_ANM_01100_02.html,Verwendung KI-generiert / AI generated,315
classes/cl_ara_nm_NmException_6e2f84.html,SWS_ANM_01102,content/ai/classes/cl_ara_nm_NmException_6e2f84/rec_SWS_ANM_01102_03.html,Verwendung KI-generiert / AI generated,333
classes/cl_ara_per_FileAccessor_efe7d0.html,(Seite),content/ai/classes/cl_ara_per_FileAccessor_efe7d0/main_01.html,Gemeinsame Cursor-Schnittstelle,1954
classes/cl_ara_per_FileAccessor_efe7d0.html,SWS_PER_00162,content/ai/classes/cl_ara_per_FileAccessor_efe7d0/rec_SWS_PER_00162_02.html,Verwendung KI-generiert / AI generated,469
classes/cl_ara_per_FileAccessor_efe7d0.html,SWS_PER_00164,content/ai/classes/cl_ara_per_FileAccessor_efe7d0/rec_SWS_PER_00164_03.html,Verwendung KI-generiert / AI generated,681
classes/cl_ara_per_FileAccessor_efe7d0.html,SWS_PER_00163,content/ai/classes/cl_ara_per_FileAccessor_efe7d0/rec_SWS_PER_00163_04.html,Verwendung KI-generiert / AI generated,638
classes/cl_ara_per_FileInfo_15b6f6.html,(Seite),content/ai/classes/cl_ara_per_FileInfo_15b6f6/main_01.html,Dateimetadaten im Kontext,1132
classes/cl_ara_per_FileStorage_29266b.html,(Seite),content/ai/classes/cl_ara_per_FileStorage_29266b/main_01.html,Rolle im Speichermodell,3186
classes/cl_ara_per_FileStorage_29266b.html,SWS_PER_00111,content/ai/classes/cl_ara_per_FileStorage_29266b/rec_SWS_PER_00111_02.html,Verwendung KI-generiert / AI generated,816
classes/cl_ara_per_FileStorage_29266b.html,SWS_PER_00112,content/ai/classes/cl_ara_per_FileStorage_29266b/rec_SWS_PER_00112_03.html,Verwendung KI-generiert / AI generated,672
classes/cl_ara_per_FileStorage_29266b.html,SWS_PER_00110,content/ai/classes/cl_ara_per_FileStorage_29266b/rec_SWS_PER_00110_04.html,Verwendung KI-generiert / AI generated,678
classes/cl_ara_per_FileStorage_29266b.html,SWS_PER_00407,content/ai/classes/cl_ara_per_FileStorage_29266b/rec_SWS_PER_00407_05.html,Verwendung KI-generiert / AI generated,775
classes/cl_ara_per_FileStorage_29266b.html,SWS_PER_00438,content/ai/classes/cl_ara_per_FileStorage_29266b/rec_SWS_PER_00438_06.html,Verwendung KI-generiert / AI generated,795
classes/cl_ara_per_FileStorage_29266b.html,SWS_PER_00114,content/ai/classes/cl_ara_per_FileStorage_29266b/rec_SWS_PER_00114_07.html,Verwendung KI-generiert / AI generated,1315
classes/cl_ara_per_FileStorage_29266b.html,SWS_PER_00376,content/ai/classes/cl_ara_per_FileStorage_29266b/rec_SWS_PER_00376_08.html,Verwendung KI-generiert / AI generated,894
classes/cl_ara_per_FileStorage_29266b.html,SWS_PER_00430,content/ai/classes/cl_ara_per_FileStorage_29266b/rec_SWS_PER_00430_09.html,Verwendung KI-generiert / AI generated,1010
classes/cl_ara_per_FileStorage_29266b.html,SWS_PER_00113,content/ai/classes/cl_ara_per_FileStorage_29266b/rec_SWS_PER_00113_10.html,Verwendung KI-generiert / AI generated,1183
classes/cl_ara_per_FileStorage_29266b.html,SWS_PER_00375,content/ai/classes/cl_ara_per_FileStorage_29266b/rec_SWS_PER_00375_11.html,Verwendung KI-generiert / AI generated,994
classes/cl_ara_per_FileStorage_29266b.html,SWS_PER_00429,content/ai/classes/cl_ara_per_FileStorage_29266b/rec_SWS_PER_00429_12.html,Verwendung KI-generiert / AI generated,1076
classes/cl_ara_per_FileStorage_29266b.html,SWS_PER_00115,content/ai/classes/cl_ara_per_FileStorage_29266b/rec_SWS_PER_00115_13.html,Verwendung KI-generiert / AI generated,1337
classes/cl_ara_per_FileStorage_29266b.html,SWS_PER_00377,content/ai/classes/cl_ara_per_FileStorage_29266b/rec_SWS_PER_00377_14.html,Verwendung KI-generiert / AI generated,975
classes/cl_ara_per_FileStorage_29266b.html,SWS_PER_00431,content/ai/classes/cl_ara_per_FileStorage_29266b/rec_SWS_PER_00431_15.html,Verwendung KI-generiert / AI generated,1099
classes/cl_ara_per_FileStorage_29266b.html,SWS_PER_00337,content/ai/classes/cl_ara_per_FileStorage_29266b/rec_SWS_PER_00337_16.html,Verwendung KI-generiert / AI generated,905
classes/cl_ara_per_FileStorage_29266b.html,SWS_PER_00338,content/ai/classes/cl_ara_per_FileStorage_29266b/rec_SWS_PER_00338_17.html,Verwendung KI-generiert / AI generated,893
classes/cl_ara_per_KeyValueStorage_e55123.html,(Seite),content/ai/classes/cl_ara_per_KeyValueStorage_e55123/main_01.html,Rolle im Speichermodell,6428
classes/cl_ara_per_KeyValueStorage_e55123.html,SWS_PER_00365,content/ai/classes/cl_ara_per_KeyValueStorage_e55123/rec_SWS_PER_00365_02.html,Verwendung KI-generiert / AI generated,1332
classes/cl_ara_per_KeyValueStorage_e55123.html,SWS_PER_00042,content/ai/classes/cl_ara_per_KeyValueStorage_e55123/rec_SWS_PER_00042_03.html,Verwendung KI-generiert / AI generated,799
classes/cl_ara_per_KeyValueStorage_e55123.html,SWS_PER_00554,content/ai/classes/cl_ara_per_KeyValueStorage_e55123/rec_SWS_PER_00554_04.html,Verwendung KI-generiert / AI generated,893
classes/cl_ara_per_KeyValueStorage_e55123.html,SWS_PER_00044,content/ai/classes/cl_ara_per_KeyValueStorage_e55123/rec_SWS_PER_00044_05.html,Verwendung KI-generiert / AI generated,1248
classes/cl_ara_per_KeyValueStorage_e55123.html,SWS_PER_00332,content/ai/classes/cl_ara_per_KeyValueStorage_e55123/rec_SWS_PER_00332_06.html,Verwendung KI-generiert / AI generated,887
classes/cl_ara_per_KeyValueStorage_e55123.html,SWS_PER_00043,content/ai/classes/cl_ara_per_KeyValueStorage_e55123/rec_SWS_PER_00043_07.html,Verwendung KI-generiert / AI generated,719
classes/cl_ara_per_KeyValueStorage_e55123.html,SWS_PER_00427,content/ai/classes/cl_ara_per_KeyValueStorage_e55123/rec_SWS_PER_00427_08.html,Verwendung KI-generiert / AI generated,844
classes/cl_ara_per_KeyValueStorage_e55123.html,SWS_PER_00048,content/ai/classes/cl_ara_per_KeyValueStorage_e55123/rec_SWS_PER_00048_09.html,Verwendung KI-generiert / AI generated,783
classes/cl_ara_per_KeyValueStorage_e55123.html,SWS_PER_00047,content/ai/classes/cl_ara_per_KeyValueStorage_e55123/rec_SWS_PER_00047_10.html,Verwendung KI-generiert / AI generated,847
classes/cl_ara_per_KeyValueStorage_e55123.html,SWS_PER_00426,content/ai/classes/cl_ara_per_KeyValueStorage_e55123/rec_SWS_PER_00426_11.html,Verwendung KI-generiert / AI generated,953
classes/cl_ara_per_KeyValueStorage_e55123.html,SWS_PER_00046,content/ai/classes/cl_ara_per_KeyValueStorage_e55123/rec_SWS_PER_00046_12.html,Verwendung KI-generiert / AI generated,1179
classes/cl_ara_per_KeyValueStorage_e55123.html,SWS_PER_00049,content/ai/classes/cl_ara_per_KeyValueStorage_e55123/rec_SWS_PER_00049_13.html,Verwendung KI-generiert / AI generated,1123
classes/cl_ara_per_PerErrorDomain_5cc5d1.html,(Seite),content/ai/classes/cl_ara_per_PerErrorDomain_5cc5d1/main_01.html,Fehler als Result-Wert,1179
classes/cl_ara_per_PerException_03e937.html,(Seite),content/ai/classes/cl_ara_per_PerException_03e937/main_01.html,Einordnung,931
classes/cl_ara_per_ReadAccessor_4ffb0b.html,(Seite),content/ai/classes/cl_ara_per_ReadAccessor_4ffb0b/main_01.html,Lesen einer geöffneten Datei,1926
classes/cl_ara_per_ReadAccessor_4ffb0b.html,SWS_PER_00419,content/ai/classes/cl_ara_per_ReadAccessor_4ffb0b/rec_SWS_PER_00419_02.html,Verwendung KI-generiert / AI generated,644
classes/cl_ara_per_ReadAccessor_4ffb0b.html,SWS_PER_00168,content/ai/classes/cl_ara_per_ReadAccessor_4ffb0b/rec_SWS_PER_00168_03.html,Verwendung KI-generiert / AI generated,636
classes/cl_ara_per_ReadAccessor_4ffb0b.html,SWS_PER_00418,content/ai/classes/cl_ara_per_ReadAccessor_4ffb0b/rec_SWS_PER_00418_04.html,Verwendung KI-generiert / AI generated,610
classes/cl_ara_per_ReadAccessor_4ffb0b.html,SWS_PER_00167,content/ai/classes/cl_ara_per_ReadAccessor_4ffb0b/rec_SWS_PER_00167_05.html,Verwendung KI-generiert / AI generated,602
classes/cl_ara_per_ReadAccessor_4ffb0b.html,SWS_PER_00421,content/ai/classes/cl_ara_per_ReadAccessor_4ffb0b/rec_SWS_PER_00421_06.html,Verwendung KI-generiert / AI generated,676
classes/cl_ara_per_ReadAccessor_4ffb0b.html,SWS_PER_00422,content/ai/classes/cl_ara_per_ReadAccessor_4ffb0b/rec_SWS_PER_00422_07.html,Verwendung KI-generiert / AI generated,793
classes/cl_ara_per_ReadAccessor_4ffb0b.html,SWS_PER_00119,content/ai/classes/cl_ara_per_ReadAccessor_4ffb0b/rec_SWS_PER_00119_08.html,Verwendung KI-generiert / AI generated,1026
classes/cl_ara_per_ReadAccessor_4ffb0b.html,SWS_PER_00165,content/ai/classes/cl_ara_per_ReadAccessor_4ffb0b/rec_SWS_PER_00165_09.html,Verwendung KI-generiert / AI generated,878
classes/cl_ara_per_ReadAccessor_4ffb0b.html,SWS_PER_00420,content/ai/classes/cl_ara_per_ReadAccessor_4ffb0b/rec_SWS_PER_00420_10.html,Verwendung KI-generiert / AI generated,775
classes/cl_ara_per_ReadWriteAccessor_30aeb5.html,(Seite),content/ai/classes/cl_ara_per_ReadWriteAccessor_30aeb5/main_01.html,Kombinierter Dateizugriff,1786
classes/cl_ara_per_SharedHandle_a773d0.html,(Seite),content/ai/classes/cl_ara_per_SharedHandle_a773d0/main_01.html,Geteilte Storage-Lebensdauer,1710
classes/cl_ara_per_UniqueHandle_94e9f0.html,(Seite),content/ai/classes/cl_ara_per_UniqueHandle_94e9f0/main_01.html,Exklusiver Accessor-Besitz,1629
classes/cl_ara_per_WriteAccessor_a926f9.html,(Seite),content/ai/classes/cl_ara_per_WriteAccessor_a926f9/main_01.html,Schreiben einer geöffneten Datei,1938
classes/cl_ara_per_WriteAccessor_a926f9.html,SWS_PER_00428,content/ai/classes/cl_ara_per_WriteAccessor_a926f9/rec_SWS_PER_00428_02.html,Verwendung KI-generiert / AI generated,843
classes/cl_ara_per_WriteAccessor_a926f9.html,SWS_PER_00122,content/ai/classes/cl_ara_per_WriteAccessor_a926f9/rec_SWS_PER_00122_03.html,Verwendung KI-generiert / AI generated,779
classes/cl_ara_per_WriteAccessor_a926f9.html,SWS_PER_00423,content/ai/classes/cl_ara_per_WriteAccessor_a926f9/rec_SWS_PER_00423_04.html,Verwendung KI-generiert / AI generated,1105
classes/cl_ara_per_WriteAccessor_a926f9.html,SWS_PER_00166,content/ai/classes/cl_ara_per_WriteAccessor_a926f9/rec_SWS_PER_00166_05.html,Verwendung KI-generiert / AI generated,1086
classes/cl_ara_phm_PhmErrorDomain_9aaace.html,(Seite),content/ai/classes/cl_ara_phm_PhmErrorDomain_9aaace/main_01.html,Fehlerdomain für die PHM-API,1050
classes/cl_ara_phm_PhmErrorDomain_9aaace.html,SWS_PHM_01249,content/ai/classes/cl_ara_phm_PhmErrorDomain_9aaace/rec_SWS_PHM_01249_02.html,Verwendung KI-generiert / AI generated,439
classes/cl_ara_phm_PhmErrorDomain_9aaace.html,SWS_PHM_01248,content/ai/classes/cl_ara_phm_PhmErrorDomain_9aaace/rec_SWS_PHM_01248_03.html,Verwendung KI-generiert / AI generated,422
classes/cl_ara_phm_PhmErrorDomain_9aaace.html,SWS_PHM_01247,content/ai/classes/cl_ara_phm_PhmErrorDomain_9aaace/rec_SWS_PHM_01247_04.html,Verwendung KI-generiert / AI generated,487
classes/cl_ara_phm_PhmErrorDomain_9aaace.html,SWS_PHM_01250,content/ai/classes/cl_ara_phm_PhmErrorDomain_9aaace/rec_SWS_PHM_01250_05.html,Verwendung KI-generiert / AI generated,499
classes/cl_ara_phm_PhmException_0e0576.html,(Seite),content/ai/classes/cl_ara_phm_PhmException_0e0576/main_01.html,Ausnahmeform eines PHM-Fehlers,894
classes/cl_ara_phm_PhmException_0e0576.html,SWS_PHM_01243,content/ai/classes/cl_ara_phm_PhmException_0e0576/rec_SWS_PHM_01243_02.html,Verwendung KI-generiert / AI generated,435
classes/cl_ara_phm_RecoveryAction_8b27fd.html,(Seite),content/ai/classes/cl_ara_phm_RecoveryAction_8b27fd/main_01.html,Rolle im Recovery-Pfad,2484
classes/cl_ara_phm_RecoveryAction_8b27fd.html,SWS_PHM_01143,content/ai/classes/cl_ara_phm_RecoveryAction_8b27fd/rec_SWS_PHM_01143_02.html,Verwendung KI-generiert / AI generated,593
classes/cl_ara_phm_RecoveryAction_8b27fd.html,SWS_PHM_01141,content/ai/classes/cl_ara_phm_RecoveryAction_8b27fd/rec_SWS_PHM_01141_03.html,Verwendung KI-generiert / AI generated,517
classes/cl_ara_phm_RecoveryAction_8b27fd.html,SWS_PHM_01149,content/ai/classes/cl_ara_phm_RecoveryAction_8b27fd/rec_SWS_PHM_01149_04.html,Verwendung KI-generiert / AI generated,326
classes/cl_ara_phm_RecoveryAction_8b27fd.html,SWS_PHM_01150,content/ai/classes/cl_ara_phm_RecoveryAction_8b27fd/rec_SWS_PHM_01150_05.html,Verwendung KI-generiert / AI generated,341
classes/cl_ara_phm_RecoveryAction_8b27fd.html,SWS_PHM_01142,content/ai/classes/cl_ara_phm_RecoveryAction_8b27fd/rec_SWS_PHM_01142_06.html,Verwendung KI-generiert / AI generated,688
classes/cl_ara_phm_RecoveryAction_8b27fd.html,SWS_PHM_01144,content/ai/classes/cl_ara_phm_RecoveryAction_8b27fd/rec_SWS_PHM_01144_07.html,Verwendung KI-generiert / AI generated,571
classes/cl_ara_phm_RecoveryAction_8b27fd.html,SWS_PHM_01145,content/ai/classes/cl_ara_phm_RecoveryAction_8b27fd/rec_SWS_PHM_01145_08.html,Verwendung KI-generiert / AI generated,495
classes/cl_ara_phm_SupervisedEntity_c46882.html,(Seite),content/ai/classes/cl_ara_phm_SupervisedEntity_c46882/main_01.html,Prozessnahe Meldestelle für Supervision,6002
classes/cl_ara_phm_SupervisedEntity_c46882.html,SWS_PHM_01380,content/ai/classes/cl_ara_phm_SupervisedEntity_c46882/rec_SWS_PHM_01380_02.html,Verwendung KI-generiert / AI generated,542
classes/cl_ara_phm_SupervisedEntity_c46882.html,SWS_PHM_01130,content/ai/classes/cl_ara_phm_SupervisedEntity_c46882/rec_SWS_PHM_01130_03.html,Verwendung KI-generiert / AI generated,573
classes/cl_ara_phm_SupervisedEntity_c46882.html,SWS_PHM_01127,content/ai/classes/cl_ara_phm_SupervisedEntity_c46882/rec_SWS_PHM_01127_04.html,Verwendung KI-generiert / AI generated,1016
classes/cl_ara_phm_SupervisedEntity_c46882.html,SWS_PHM_01123,content/ai/classes/cl_ara_phm_SupervisedEntity_c46882/rec_SWS_PHM_01123_05.html,Verwendung KI-generiert / AI generated,555
classes/cl_ara_phm_SupervisedEntity_c46882.html,SWS_PHM_01212,content/ai/classes/cl_ara_phm_SupervisedEntity_c46882/rec_SWS_PHM_01212_06.html,Verwendung KI-generiert / AI generated,353
classes/cl_ara_phm_SupervisedEntity_c46882.html,SWS_PHM_01214,content/ai/classes/cl_ara_phm_SupervisedEntity_c46882/rec_SWS_PHM_01214_07.html,Verwendung KI-generiert / AI generated,493
classes/cl_ara_phm_SupervisedEntity_c46882.html,SWS_PHM_01211,content/ai/classes/cl_ara_phm_SupervisedEntity_c46882/rec_SWS_PHM_01211_08.html,Verwendung KI-generiert / AI generated,512
classes/cl_ara_rds_IEEE1722Datagram61883_IIDC_90243.html,(Seite),content/ai/classes/cl_ara_rds_IEEE1722Datagram61883_IIDC_90243/main_01.html,Einordnung,616
classes/cl_ara_rds_IEEE1722DatagramAAF_90261.html,(Seite),content/ai/classes/cl_ara_rds_IEEE1722DatagramAAF_90261/main_01.html,Einordnung,616
classes/cl_ara_rds_IEEE1722DatagramAVTPDUCommonHeaderFields_90229.html,(Seite),content/ai/classes/cl_ara_rds_IEEE1722DatagramAVTPDUCommonHeaderFields_90229/main_01.html,Einordnung,616
classes/cl_ara_rds_IEEE1722DatagramAVTPDUCommonStreamHeaderFields_90234.html,(Seite),content/ai/classes/cl_ara_rds_IEEE1722DatagramAVTPDUCommonStreamHeaderFields_90234/main_01.html,Einordnung,616
classes/cl_ara_rds_IEEE1722DatagramCRF_90293.html,(Seite),content/ai/classes/cl_ara_rds_IEEE1722DatagramCRF_90293/main_01.html,Einordnung,616
classes/cl_ara_rds_IEEE1722DatagramNTSCF_90305.html,(Seite),content/ai/classes/cl_ara_rds_IEEE1722DatagramNTSCF_90305/main_01.html,Einordnung,616
classes/cl_ara_rds_IEEE1722DatagramRVF_90274.html,(Seite),content/ai/classes/cl_ara_rds_IEEE1722DatagramRVF_90274/main_01.html,Einordnung,616
classes/cl_ara_rds_IEEE1722DatagramTSCF_90275.html,(Seite),content/ai/classes/cl_ara_rds_IEEE1722DatagramTSCF_90275/main_01.html,Einordnung,616
classes/cl_ara_rds_IEEE1722Datagram_90225.html,(Seite),content/ai/classes/cl_ara_rds_IEEE1722Datagram_90225/main_01.html,Einordnung,616
classes/cl_ara_rds_IEEE1722RawDataStreamConsumer_90311.html,(Seite),content/ai/classes/cl_ara_rds_IEEE1722RawDataStreamConsumer_90311/main_01.html,Einordnung,616
classes/cl_ara_rds_IEEE1722RawDataStreamProducer_90322.html,(Seite),content/ai/classes/cl_ara_rds_IEEE1722RawDataStreamProducer_90322/main_01.html,Einordnung,616
classes/cl_ara_rds_RawDataStreamClient_10481.html,(Seite),content/ai/classes/cl_ara_rds_RawDataStreamClient_10481/main_01.html,Einordnung,616
classes/cl_ara_rds_RawDataStreamServer_11311.html,(Seite),content/ai/classes/cl_ara_rds_RawDataStreamServer_11311/main_01.html,Einordnung,616
classes/cl_ara_rds_RdsErrorDomain_11293.html,(Seite),content/ai/classes/cl_ara_rds_RdsErrorDomain_11293/main_01.html,Einordnung,616
classes/cl_ara_rds_RdsException_11291.html,(Seite),content/ai/classes/cl_ara_rds_RdsException_11291/main_01.html,Einordnung,616
classes/cl_ara_rds_ReadDataResult_11300.html,(Seite),content/ai/classes/cl_ara_rds_ReadDataResult_11300/main_01.html,Einordnung,616
classes/cl_ara_shwa_AcceleratorSelector_c36eb9.html,(Seite),content/ai/classes/cl_ara_shwa_AcceleratorSelector_c36eb9/main_01.html,Rolle im Modell,521
classes/cl_ara_shwa_Accessor_f7ce9a.html,(Seite),content/ai/classes/cl_ara_shwa_Accessor_f7ce9a/main_01.html,Rolle im Modell,627
classes/cl_ara_shwa_Buffer_63e774.html,(Seite),content/ai/classes/cl_ara_shwa_Buffer_63e774/main_01.html,Rolle im Modell,659
classes/cl_ara_shwa_CpuSelector_479bc6.html,(Seite),content/ai/classes/cl_ara_shwa_CpuSelector_479bc6/main_01.html,Rolle im Modell,510
classes/cl_ara_shwa_DeviceMonitor_33f432.html,(Seite),content/ai/classes/cl_ara_shwa_DeviceMonitor_33f432/main_01.html,Rolle im Modell,609
classes/cl_ara_shwa_DeviceSelector_128fbb.html,(Seite),content/ai/classes/cl_ara_shwa_DeviceSelector_128fbb/main_01.html,Rolle im Modell,526
classes/cl_ara_shwa_Device_d8015e.html,(Seite),content/ai/classes/cl_ara_shwa_Device_d8015e/main_01.html,Rolle im Modell,506
classes/cl_ara_shwa_ErrorHandler_6e6f89.html,(Seite),content/ai/classes/cl_ara_shwa_ErrorHandler_6e6f89/main_01.html,Rolle im Modell,556
classes/cl_ara_shwa_Event_890cff.html,(Seite),content/ai/classes/cl_ara_shwa_Event_890cff/main_01.html,Rolle im Modell,611
classes/cl_ara_shwa_GpuSelector_5206d4.html,(Seite),content/ai/classes/cl_ara_shwa_GpuSelector_5206d4/main_01.html,Rolle im Modell,510
classes/cl_ara_shwa_Id_2261f1.html,(Seite),content/ai/classes/cl_ara_shwa_Id_2261f1/main_01.html,Rolle im Modell,485
classes/cl_ara_shwa_Platform_a2d416.html,(Seite),content/ai/classes/cl_ara_shwa_Platform_a2d416/main_01.html,Rolle im Modell,569
classes/cl_ara_shwa_PropertyList_e7bb02.html,(Seite),content/ai/classes/cl_ara_shwa_PropertyList_e7bb02/main_01.html,Rolle im Modell,509
classes/cl_ara_shwa_Queue_49e139.html,(Seite),content/ai/classes/cl_ara_shwa_Queue_49e139/main_01.html,Rolle im Modell,689
classes/cl_ara_shwa_Range_e149bc.html,(Seite),content/ai/classes/cl_ara_shwa_Range_e149bc/main_01.html,Rolle im Modell,528
classes/cl_ara_shwa_ShwaErrorDomain_473699.html,(Seite),content/ai/classes/cl_ara_shwa_ShwaErrorDomain_473699/main_01.html,Rolle im Modell,515
classes/cl_ara_shwa_ShwaException_d775f4.html,(Seite),content/ai/classes/cl_ara_shwa_ShwaException_d775f4/main_01.html,Rolle im Modell,534
classes/cl_ara_shwa_TaskHandler_71c103.html,(Seite),content/ai/classes/cl_ara_shwa_TaskHandler_71c103/main_01.html,Rolle im Modell,565
classes/cl_ara_sm_SmErrorDomain_2fd907.html,(Seite),content/ai/classes/cl_ara_sm_SmErrorDomain_2fd907/main_01.html,Fehlerdomäne für State Management,1019
classes/cl_ara_sm_SmErrorDomain_2fd907.html,SWS_SM_81249,content/ai/classes/cl_ara_sm_SmErrorDomain_2fd907/rec_SWS_SM_81249_02.html,Verwendung KI-generiert / AI generated,565
classes/cl_ara_sm_SmErrorDomain_2fd907.html,SWS_SM_81248,content/ai/classes/cl_ara_sm_SmErrorDomain_2fd907/rec_SWS_SM_81248_03.html,Verwendung KI-generiert / AI generated,566
classes/cl_ara_sm_SmErrorDomain_2fd907.html,SWS_SM_81247,content/ai/classes/cl_ara_sm_SmErrorDomain_2fd907/rec_SWS_SM_81247_04.html,Verwendung KI-generiert / AI generated,552
classes/cl_ara_sm_SmErrorDomain_2fd907.html,SWS_SM_81250,content/ai/classes/cl_ara_sm_SmErrorDomain_2fd907/rec_SWS_SM_81250_05.html,Verwendung KI-generiert / AI generated,574
classes/cl_ara_sm_SmException_0484af.html,(Seite),content/ai/classes/cl_ara_sm_SmException_0484af/main_01.html,Ausnahmehülle für einen SM-Fehler,904
classes/cl_ara_sm_SmException_0484af.html,SWS_SM_81243,content/ai/classes/cl_ara_sm_SmException_0484af/rec_SWS_SM_81243_02.html,Verwendung KI-generiert / AI generated,620
classes/cl_ara_sm_s2r_S2RHub_824327.html,(Seite),content/ai/classes/cl_ara_sm_s2r_S2RHub_824327/main_01.html,Koordination der Suspend-to-RAM-Teilnehmer,1241
classes/cl_ara_sm_s2r_S2RHub_824327.html,SWS_SM_81112,content/ai/classes/cl_ara_sm_s2r_S2RHub_824327/rec_SWS_SM_81112_02.html,Verwendung KI-generiert / AI generated,563
classes/cl_ara_sm_s2r_S2RHub_824327.html,SWS_SM_81110,content/ai/classes/cl_ara_sm_s2r_S2RHub_824327/rec_SWS_SM_81110_03.html,Verwendung KI-generiert / AI generated,588
classes/cl_ara_sm_s2r_S2RHub_824327.html,SWS_SM_81111,content/ai/classes/cl_ara_sm_s2r_S2RHub_824327/rec_SWS_SM_81111_04.html,Verwendung KI-generiert / AI generated,544
classes/cl_ara_sm_s2r_S2RHub_824327.html,SWS_SM_81103,content/ai/classes/cl_ara_sm_s2r_S2RHub_824327/rec_SWS_SM_81103_05.html,Verwendung KI-generiert / AI generated,1228
classes/cl_ara_sm_s2r_S2RHub_824327.html,SWS_SM_81106,content/ai/classes/cl_ara_sm_s2r_S2RHub_824327/rec_SWS_SM_81106_06.html,Verwendung KI-generiert / AI generated,556
classes/cl_ara_sm_s2r_S2RHub_824327.html,SWS_SM_81108,content/ai/classes/cl_ara_sm_s2r_S2RHub_824327/rec_SWS_SM_81108_07.html,Verwendung KI-generiert / AI generated,617
classes/cl_ara_sm_s2r_S2RHub_824327.html,SWS_SM_81105,content/ai/classes/cl_ara_sm_s2r_S2RHub_824327/rec_SWS_SM_81105_08.html,Verwendung KI-generiert / AI generated,512
classes/cl_ara_sm_s2r_S2RSatellite_fbf4f1.html,(Seite),content/ai/classes/cl_ara_sm_s2r_S2RSatellite_fbf4f1/main_01.html,Teilnehmer am Suspend-to-RAM-Ablauf,1159
classes/cl_ara_sm_s2r_S2RSatellite_fbf4f1.html,SWS_SM_81014,content/ai/classes/cl_ara_sm_s2r_S2RSatellite_fbf4f1/rec_SWS_SM_81014_02.html,Verwendung KI-generiert / AI generated,595
classes/cl_ara_sm_s2r_S2RSatellite_fbf4f1.html,SWS_SM_81010,content/ai/classes/cl_ara_sm_s2r_S2RSatellite_fbf4f1/rec_SWS_SM_81010_03.html,Verwendung KI-generiert / AI generated,598
classes/cl_ara_sm_s2r_S2RSatellite_fbf4f1.html,SWS_SM_81011,content/ai/classes/cl_ara_sm_s2r_S2RSatellite_fbf4f1/rec_SWS_SM_81011_04.html,Verwendung KI-generiert / AI generated,547
classes/cl_ara_sm_s2r_S2RSatellite_fbf4f1.html,SWS_SM_81012,content/ai/classes/cl_ara_sm_s2r_S2RSatellite_fbf4f1/rec_SWS_SM_81012_05.html,Verwendung KI-generiert / AI generated,561
classes/cl_ara_sm_s2r_S2RSatellite_fbf4f1.html,SWS_SM_81003,content/ai/classes/cl_ara_sm_s2r_S2RSatellite_fbf4f1/rec_SWS_SM_81003_06.html,Verwendung KI-generiert / AI generated,1160
classes/cl_ara_sm_s2r_S2RSatellite_fbf4f1.html,SWS_SM_81006,content/ai/classes/cl_ara_sm_s2r_S2RSatellite_fbf4f1/rec_SWS_SM_81006_07.html,Verwendung KI-generiert / AI generated,578
classes/cl_ara_sm_s2r_S2RSatellite_fbf4f1.html,SWS_SM_81013,content/ai/classes/cl_ara_sm_s2r_S2RSatellite_fbf4f1/rec_SWS_SM_81013_08.html,Verwendung KI-generiert / AI generated,538
classes/cl_ara_sm_s2r_S2RSatellite_fbf4f1.html,SWS_SM_81008,content/ai/classes/cl_ara_sm_s2r_S2RSatellite_fbf4f1/rec_SWS_SM_81008_09.html,Verwendung KI-generiert / AI generated,634
classes/cl_ara_sm_s2r_S2RSatellite_fbf4f1.html,SWS_SM_81005,content/ai/classes/cl_ara_sm_s2r_S2RSatellite_fbf4f1/rec_SWS_SM_81005_10.html,Verwendung KI-generiert / AI generated,536
classes/cl_ara_tsync_ConsumerTimeBaseValidationNotification_6ab1f0.html,(Seite),content/ai/classes/cl_ara_tsync_ConsumerTimeBaseValidationNotification_6ab1f0/main_01.html,Zeitbasis-Baustein class ara::tsync::ConsumerTimeBaseValidationNotification,1434
classes/cl_ara_tsync_ConsumerTimeBaseValidationNotification_6ab1f0.html,SWS_TS_00422,content/ai/classes/cl_ara_tsync_ConsumerTimeBaseValidationNotification_6ab1f0/rec_SWS_TS_00422_02.html,Verwendung KI-generiert / AI generated,798
classes/cl_ara_tsync_ConsumerTimeBaseValidationNotification_6ab1f0.html,SWS_TS_00420,content/ai/classes/cl_ara_tsync_ConsumerTimeBaseValidationNotification_6ab1f0/rec_SWS_TS_00420_03.html,Verwendung KI-generiert / AI generated,790
classes/cl_ara_tsync_ConsumerTimeBaseValidationNotification_6ab1f0.html,SWS_TS_01300,content/ai/classes/cl_ara_tsync_ConsumerTimeBaseValidationNotification_6ab1f0/rec_SWS_TS_01300_04.html,Verwendung KI-generiert / AI generated,699
classes/cl_ara_tsync_PdelayInitiatorMeasurementType_0a8c2b.html,(Seite),content/ai/classes/cl_ara_tsync_PdelayInitiatorMeasurementType_0a8c2b/main_01.html,Zeitbasis-Baustein struct ara::tsync::PdelayInitiatorMeasurementType,1449
classes/cl_ara_tsync_PdelayResponderMeasurementType_7b9b39.html,(Seite),content/ai/classes/cl_ara_tsync_PdelayResponderMeasurementType_7b9b39/main_01.html,Zeitbasis-Baustein struct ara::tsync::PdelayResponderMeasurementType,1404
classes/cl_ara_tsync_ProviderTimeBaseValidationNotification_d158e8.html,(Seite),content/ai/classes/cl_ara_tsync_ProviderTimeBaseValidationNotification_d158e8/main_01.html,Zeitbasis-Baustein class ara::tsync::ProviderTimeBaseValidationNotification,1434
classes/cl_ara_tsync_ProviderTimeBaseValidationNotification_d158e8.html,SWS_TS_00421,content/ai/classes/cl_ara_tsync_ProviderTimeBaseValidationNotification_d158e8/rec_SWS_TS_00421_02.html,Verwendung KI-generiert / AI generated,792
classes/cl_ara_tsync_ProviderTimeBaseValidationNotification_d158e8.html,SWS_TS_00423,content/ai/classes/cl_ara_tsync_ProviderTimeBaseValidationNotification_d158e8/rec_SWS_TS_00423_03.html,Verwendung KI-generiert / AI generated,798
classes/cl_ara_tsync_ProviderTimeBaseValidationNotification_d158e8.html,SWS_TS_01301,content/ai/classes/cl_ara_tsync_ProviderTimeBaseValidationNotification_d158e8/rec_SWS_TS_01301_04.html,Verwendung KI-generiert / AI generated,699
classes/cl_ara_tsync_SynchronizedTimeBaseConsumer_83c413.html,(Seite),content/ai/classes/cl_ara_tsync_SynchronizedTimeBaseConsumer_83c413/main_01.html,Consumer: synchronisierte Zeit sicher lesen,3104
classes/cl_ara_tsync_SynchronizedTimeBaseConsumer_83c413.html,SWS_TS_01008,content/ai/classes/cl_ara_tsync_SynchronizedTimeBaseConsumer_83c413/rec_SWS_TS_01008_02.html,Verwendung KI-generiert / AI generated,832
classes/cl_ara_tsync_SynchronizedTimeBaseConsumer_83c413.html,SWS_TS_01009,content/ai/classes/cl_ara_tsync_SynchronizedTimeBaseConsumer_83c413/rec_SWS_TS_01009_03.html,Verwendung KI-generiert / AI generated,995
classes/cl_ara_tsync_SynchronizedTimeBaseConsumer_83c413.html,SWS_TS_01010,content/ai/classes/cl_ara_tsync_SynchronizedTimeBaseConsumer_83c413/rec_SWS_TS_01010_04.html,Verwendung KI-generiert / AI generated,937
classes/cl_ara_tsync_SynchronizedTimeBaseConsumer_83c413.html,SWS_TS_01012,content/ai/classes/cl_ara_tsync_SynchronizedTimeBaseConsumer_83c413/rec_SWS_TS_01012_05.html,Verwendung KI-generiert / AI generated,774
classes/cl_ara_tsync_SynchronizedTimeBaseConsumer_83c413.html,SWS_TS_01014,content/ai/classes/cl_ara_tsync_SynchronizedTimeBaseConsumer_83c413/rec_SWS_TS_01014_06.html,Verwendung KI-generiert / AI generated,763
classes/cl_ara_tsync_SynchronizedTimeBaseConsumer_83c413.html,SWS_TS_01018,content/ai/classes/cl_ara_tsync_SynchronizedTimeBaseConsumer_83c413/rec_SWS_TS_01018_07.html,Verwendung KI-generiert / AI generated,787
classes/cl_ara_tsync_SynchronizedTimeBaseConsumer_83c413.html,SWS_TS_01016,content/ai/classes/cl_ara_tsync_SynchronizedTimeBaseConsumer_83c413/rec_SWS_TS_01016_08.html,Verwendung KI-generiert / AI generated,906
classes/cl_ara_tsync_SynchronizedTimeBaseConsumer_83c413.html,SWS_TS_01001,content/ai/classes/cl_ara_tsync_SynchronizedTimeBaseConsumer_83c413/rec_SWS_TS_01001_09.html,Verwendung KI-generiert / AI generated,825
classes/cl_ara_tsync_SynchronizedTimeBaseConsumer_83c413.html,SWS_TS_01003,content/ai/classes/cl_ara_tsync_SynchronizedTimeBaseConsumer_83c413/rec_SWS_TS_01003_10.html,Verwendung KI-generiert / AI generated,825
classes/cl_ara_tsync_SynchronizedTimeBaseConsumer_83c413.html,SWS_TS_01005,content/ai/classes/cl_ara_tsync_SynchronizedTimeBaseConsumer_83c413/rec_SWS_TS_01005_11.html,Verwendung KI-generiert / AI generated,677
classes/cl_ara_tsync_SynchronizedTimeBaseConsumer_83c413.html,SWS_TS_01011,content/ai/classes/cl_ara_tsync_SynchronizedTimeBaseConsumer_83c413/rec_SWS_TS_01011_12.html,Verwendung KI-generiert / AI generated,829
classes/cl_ara_tsync_SynchronizedTimeBaseConsumer_83c413.html,SWS_TS_01013,content/ai/classes/cl_ara_tsync_SynchronizedTimeBaseConsumer_83c413/rec_SWS_TS_01013_13.html,Verwendung KI-generiert / AI generated,857
classes/cl_ara_tsync_SynchronizedTimeBaseConsumer_83c413.html,SWS_TS_01015,content/ai/classes/cl_ara_tsync_SynchronizedTimeBaseConsumer_83c413/rec_SWS_TS_01015_14.html,Verwendung KI-generiert / AI generated,821
classes/cl_ara_tsync_SynchronizedTimeBaseConsumer_83c413.html,SWS_TS_01019,content/ai/classes/cl_ara_tsync_SynchronizedTimeBaseConsumer_83c413/rec_SWS_TS_01019_15.html,Verwendung KI-generiert / AI generated,853
classes/cl_ara_tsync_SynchronizedTimeBaseConsumer_83c413.html,SWS_TS_01017,content/ai/classes/cl_ara_tsync_SynchronizedTimeBaseConsumer_83c413/rec_SWS_TS_01017_16.html,Verwendung KI-generiert / AI generated,841
classes/cl_ara_tsync_SynchronizedTimeBaseConsumer_83c413.html,SWS_TS_01004,content/ai/classes/cl_ara_tsync_SynchronizedTimeBaseConsumer_83c413/rec_SWS_TS_01004_17.html,Verwendung KI-generiert / AI generated,523
classes/cl_ara_tsync_SynchronizedTimeBaseConsumer_83c413.html,SWS_TS_01002,content/ai/classes/cl_ara_tsync_SynchronizedTimeBaseConsumer_83c413/rec_SWS_TS_01002_18.html,Verwendung KI-generiert / AI generated,526
classes/cl_ara_tsync_SynchronizedTimeBaseProvider_07e996.html,(Seite),content/ai/classes/cl_ara_tsync_SynchronizedTimeBaseProvider_07e996/main_01.html,Provider: Zeitbasis am Ursprung steuern,2644
classes/cl_ara_tsync_SynchronizedTimeBaseProvider_07e996.html,SWS_TS_01109,content/ai/classes/cl_ara_tsync_SynchronizedTimeBaseProvider_07e996/rec_SWS_TS_01109_02.html,Verwendung KI-generiert / AI generated,849
classes/cl_ara_tsync_SynchronizedTimeBaseProvider_07e996.html,SWS_TS_01111,content/ai/classes/cl_ara_tsync_SynchronizedTimeBaseProvider_07e996/rec_SWS_TS_01111_03.html,Verwendung KI-generiert / AI generated,739
classes/cl_ara_tsync_SynchronizedTimeBaseProvider_07e996.html,SWS_TS_01113,content/ai/classes/cl_ara_tsync_SynchronizedTimeBaseProvider_07e996/rec_SWS_TS_01113_04.html,Verwendung KI-generiert / AI generated,776
classes/cl_ara_tsync_SynchronizedTimeBaseProvider_07e996.html,SWS_TS_01114,content/ai/classes/cl_ara_tsync_SynchronizedTimeBaseProvider_07e996/rec_SWS_TS_01114_05.html,Verwendung KI-generiert / AI generated,906
classes/cl_ara_tsync_SynchronizedTimeBaseProvider_07e996.html,SWS_TS_01110,content/ai/classes/cl_ara_tsync_SynchronizedTimeBaseProvider_07e996/rec_SWS_TS_01110_06.html,Verwendung KI-generiert / AI generated,914
classes/cl_ara_tsync_SynchronizedTimeBaseProvider_07e996.html,SWS_TS_01107,content/ai/classes/cl_ara_tsync_SynchronizedTimeBaseProvider_07e996/rec_SWS_TS_01107_07.html,Verwendung KI-generiert / AI generated,807
classes/cl_ara_tsync_SynchronizedTimeBaseProvider_07e996.html,SWS_TS_01112,content/ai/classes/cl_ara_tsync_SynchronizedTimeBaseProvider_07e996/rec_SWS_TS_01112_08.html,Verwendung KI-generiert / AI generated,776
classes/cl_ara_tsync_SynchronizedTimeBaseProvider_07e996.html,SWS_TS_01101,content/ai/classes/cl_ara_tsync_SynchronizedTimeBaseProvider_07e996/rec_SWS_TS_01101_09.html,Verwendung KI-generiert / AI generated,825
classes/cl_ara_tsync_SynchronizedTimeBaseProvider_07e996.html,SWS_TS_01102,content/ai/classes/cl_ara_tsync_SynchronizedTimeBaseProvider_07e996/rec_SWS_TS_01102_10.html,Verwendung KI-generiert / AI generated,825
classes/cl_ara_tsync_SynchronizedTimeBaseProvider_07e996.html,SWS_TS_01104,content/ai/classes/cl_ara_tsync_SynchronizedTimeBaseProvider_07e996/rec_SWS_TS_01104_11.html,Verwendung KI-generiert / AI generated,677
classes/cl_ara_tsync_SynchronizedTimeBaseProvider_07e996.html,SWS_TS_01115,content/ai/classes/cl_ara_tsync_SynchronizedTimeBaseProvider_07e996/rec_SWS_TS_01115_12.html,Verwendung KI-generiert / AI generated,841
classes/cl_ara_tsync_SynchronizedTimeBaseProvider_07e996.html,SWS_TS_01108,content/ai/classes/cl_ara_tsync_SynchronizedTimeBaseProvider_07e996/rec_SWS_TS_01108_13.html,Verwendung KI-generiert / AI generated,798
classes/cl_ara_tsync_SynchronizedTimeBaseProvider_07e996.html,SWS_TS_01103,content/ai/classes/cl_ara_tsync_SynchronizedTimeBaseProvider_07e996/rec_SWS_TS_01103_14.html,Verwendung KI-generiert / AI generated,523
classes/cl_ara_tsync_SynchronizedTimeBaseProvider_07e996.html,SWS_TS_01106,content/ai/classes/cl_ara_tsync_SynchronizedTimeBaseProvider_07e996/rec_SWS_TS_01106_15.html,Verwendung KI-generiert / AI generated,523
classes/cl_ara_tsync_SynchronizedTimeBaseStatus_510bde.html,(Seite),content/ai/classes/cl_ara_tsync_SynchronizedTimeBaseStatus_510bde/main_01.html,Statusobjekt als atomarer Beobachtungswert,2427
classes/cl_ara_tsync_SynchronizedTimeBaseStatus_510bde.html,SWS_TS_14176,content/ai/classes/cl_ara_tsync_SynchronizedTimeBaseStatus_510bde/rec_SWS_TS_14176_02.html,Verwendung KI-generiert / AI generated,794
classes/cl_ara_tsync_SynchronizedTimeBaseStatus_510bde.html,SWS_TS_01055,content/ai/classes/cl_ara_tsync_SynchronizedTimeBaseStatus_510bde/rec_SWS_TS_01055_03.html,Verwendung KI-generiert / AI generated,799
classes/cl_ara_tsync_SynchronizedTimeBaseStatus_510bde.html,SWS_TS_01054,content/ai/classes/cl_ara_tsync_SynchronizedTimeBaseStatus_510bde/rec_SWS_TS_01054_04.html,Verwendung KI-generiert / AI generated,776
classes/cl_ara_tsync_SynchronizedTimeBaseStatus_510bde.html,SWS_TS_14226,content/ai/classes/cl_ara_tsync_SynchronizedTimeBaseStatus_510bde/rec_SWS_TS_14226_05.html,Verwendung KI-generiert / AI generated,801
classes/cl_ara_tsync_SynchronizedTimeBaseStatus_510bde.html,SWS_TS_14229,content/ai/classes/cl_ara_tsync_SynchronizedTimeBaseStatus_510bde/rec_SWS_TS_14229_06.html,Verwendung KI-generiert / AI generated,799
classes/cl_ara_tsync_SynchronizedTimeBaseStatus_510bde.html,SWS_TS_01053,content/ai/classes/cl_ara_tsync_SynchronizedTimeBaseStatus_510bde/rec_SWS_TS_01053_07.html,Verwendung KI-generiert / AI generated,817
classes/cl_ara_tsync_SynchronizedTimeBaseStatus_510bde.html,SWS_TS_01056,content/ai/classes/cl_ara_tsync_SynchronizedTimeBaseStatus_510bde/rec_SWS_TS_01056_08.html,Verwendung KI-generiert / AI generated,776
classes/cl_ara_tsync_SynchronizedTimeBaseStatus_510bde.html,SWS_TS_01057,content/ai/classes/cl_ara_tsync_SynchronizedTimeBaseStatus_510bde/rec_SWS_TS_01057_09.html,Verwendung KI-generiert / AI generated,821
classes/cl_ara_tsync_SynchronizedTimeBaseStatus_510bde.html,SWS_TS_01058,content/ai/classes/cl_ara_tsync_SynchronizedTimeBaseStatus_510bde/rec_SWS_TS_01058_10.html,Verwendung KI-generiert / AI generated,806
classes/cl_ara_tsync_SynchronizedTimeBaseStatus_510bde.html,SWS_TS_01061,content/ai/classes/cl_ara_tsync_SynchronizedTimeBaseStatus_510bde/rec_SWS_TS_01061_11.html,Verwendung KI-generiert / AI generated,673
classes/cl_ara_tsync_SynchronizedTimeBaseStatus_510bde.html,SWS_TS_01059,content/ai/classes/cl_ara_tsync_SynchronizedTimeBaseStatus_510bde/rec_SWS_TS_01059_12.html,Verwendung KI-generiert / AI generated,513
classes/cl_ara_tsync_SynchronizedTimeBaseStatus_510bde.html,SWS_TS_01060,content/ai/classes/cl_ara_tsync_SynchronizedTimeBaseStatus_510bde/rec_SWS_TS_01060_13.html,Verwendung KI-generiert / AI generated,504
classes/cl_ara_tsync_TimeBase_accd82.html,(Seite),content/ai/classes/cl_ara_tsync_TimeBase_accd82/main_01.html,Zeitbasis-Baustein struct ara::tsync::TimeBase,1285
classes/cl_ara_tsync_TimeMasterMeasurementType_a65f68.html,(Seite),content/ai/classes/cl_ara_tsync_TimeMasterMeasurementType_a65f68/main_01.html,Zeitbasis-Baustein struct ara::tsync::TimeMasterMeasurementType,1364
classes/cl_ara_tsync_TimePrecisionMeasurement_74521c.html,(Seite),content/ai/classes/cl_ara_tsync_TimePrecisionMeasurement_74521c/main_01.html,Zeitbasis-Baustein struct ara::tsync::TimePrecisionMeasurement,1437
classes/cl_ara_tsync_TimeSlaveMeasurementType_50a9a5.html,(Seite),content/ai/classes/cl_ara_tsync_TimeSlaveMeasurementType_50a9a5/main_01.html,Zeitbasis-Baustein struct ara::tsync::TimeSlaveMeasurementType,1422
classes/cl_ara_tsync_TsyncErrorDomain_8fb61e.html,(Seite),content/ai/classes/cl_ara_tsync_TsyncErrorDomain_8fb61e/main_01.html,Zeitbasis-Baustein class ara::tsync::TsyncErrorDomain,1390
classes/cl_ara_tsync_TsyncErrorDomain_8fb61e.html,SWS_TS_00907,content/ai/classes/cl_ara_tsync_TsyncErrorDomain_8fb61e/rec_SWS_TS_00907_02.html,Verwendung KI-generiert / AI generated,768
classes/cl_ara_tsync_TsyncErrorDomain_8fb61e.html,SWS_TS_00906,content/ai/classes/cl_ara_tsync_TsyncErrorDomain_8fb61e/rec_SWS_TS_00906_03.html,Verwendung KI-generiert / AI generated,779
classes/cl_ara_tsync_TsyncErrorDomain_8fb61e.html,SWS_TS_00908,content/ai/classes/cl_ara_tsync_TsyncErrorDomain_8fb61e/rec_SWS_TS_00908_04.html,Verwendung KI-generiert / AI generated,818
classes/cl_ara_tsync_TsyncErrorDomain_8fb61e.html,SWS_TS_00905,content/ai/classes/cl_ara_tsync_TsyncErrorDomain_8fb61e/rec_SWS_TS_00905_05.html,Verwendung KI-generiert / AI generated,801
classes/cl_ara_tsync_TsyncException_752179.html,(Seite),content/ai/classes/cl_ara_tsync_TsyncException_752179/main_01.html,Zeitbasis-Baustein class ara::tsync::TsyncException,1326
classes/cl_ara_tsync_TsyncException_752179.html,SWS_TS_00903,content/ai/classes/cl_ara_tsync_TsyncException_752179/rec_SWS_TS_00903_02.html,Verwendung KI-generiert / AI generated,797
classes/cl_ara_tsync_UserData_a97d99.html,(Seite),content/ai/classes/cl_ara_tsync_UserData_a97d99/main_01.html,Zeitbasis-Baustein struct ara::tsync::UserData,1315
classes/cl_hierarchical_namespace_list_lower_skeleton_skeleton_service_a0d0ef.html,SWS_CM_90434,content/ai/classes/cl_hierarchical_namespace_list_lower_skeleton_skeleton_service_a0d0ef/rec_SWS_CM_90434_01.html,Verwendung KI-generiert / AI generated,706
classes/cl_hierarchical_namespace_list_lower_skeleton_skeleton_service_a0d0ef.html,SWS_CM_00191,content/ai/classes/cl_hierarchical_namespace_list_lower_skeleton_skeleton_service_a0d0ef/rec_SWS_CM_00191_02.html,Verwendung KI-generiert / AI generated,931
classes/cl_std_hash_ara_core_Monostate_a73c80.html,(Seite),content/ai/classes/cl_std_hash_ara_core_Monostate_a73c80/main_01.html,,679
classes/cl_std_hash_ara_core_Monostate_a73c80.html,SWS_CORE_01671,content/ai/classes/cl_std_hash_ara_core_Monostate_a73c80/rec_SWS_CORE_01671_02.html,Verwendung KI-generiert / AI generated,541
classes/cl_std_hash_ara_core_Optional_T_992b73.html,(Seite),content/ai/classes/cl_std_hash_ara_core_Optional_T_992b73/main_01.html,,632
classes/cl_std_hash_ara_core_Optional_T_cadf0d.html,SWS_CORE_01199,content/ai/classes/cl_std_hash_ara_core_Optional_T_cadf0d/rec_SWS_CORE_01199_01.html,Verwendung KI-generiert / AI generated,547
classes/cl_std_hash_ara_core_StringView_129f65.html,(Seite),content/ai/classes/cl_std_hash_ara_core_StringView_129f65/main_01.html,,693
classes/cl_std_hash_ara_core_String_71fe0f.html,(Seite),content/ai/classes/cl_std_hash_ara_core_String_71fe0f/main_01.html,,643
classes/cl_std_hash_ara_core_Variant_22cf88.html,(Seite),content/ai/classes/cl_std_hash_ara_core_Variant_22cf88/main_01.html,,646
classes/cl_std_hash_ara_core_Variant_Types..._1dc839.html,SWS_CORE_01669,content/ai/classes/cl_std_hash_ara_core_Variant_Types..._1dc839/rec_SWS_CORE_01669_01.html,Verwendung KI-generiert / AI generated,555
classes/cl_std_hash_ara_core_Vector_T_Allocator_c98564.html,SWS_CORE_01377,content/ai/classes/cl_std_hash_ara_core_Vector_T_Allocator_c98564/rec_SWS_CORE_01377_01.html,Verwendung KI-generiert / AI generated,546
classes/cl_std_tuple_element_I_ara_core_Array_T_N_e90135.html,(Seite),content/ai/classes/cl_std_tuple_element_I_ara_core_Array_T_N_e90135/main_01.html,,509
classes/cl_std_tuple_element_I_ara_core_Array_T_N_e90135.html,SWS_CORE_01285,content/ai/classes/cl_std_tuple_element_I_ara_core_Array_T_N_e90135/rec_SWS_CORE_01285_02.html,Technische Einordnung KI-generiert / AI generated,473
classes/cl_std_tuple_size_ara_core_Array_T_c75763.html,(Seite),content/ai/classes/cl_std_tuple_size_ara_core_Array_T_c75763/main_01.html,,493
index.html,(Seite),content/ai/index/main_01.html,Die Adaptive Platform in einem Satz,3718
index.html,(Seite),content/ai/index/main_02.html,API-Sichtbarkeit für Anwendungen,3589
modules/com.html,(Seite),content/ai/modules/com/main_01.html,Kommunikationsmodell,13056
modules/com.html,(Seite),content/ai/modules/com/main_02.html,,2512
modules/core.html,(Seite),content/ai/modules/core/main_01.html,Einordnung & Zweck,11556
modules/crypto.html,(Seite),content/ai/modules/crypto/main_01.html,Crypto Stack: standardisierter Zugang zu Vertrauensdiensten,8009
modules/diag.html,(Seite),content/ai/modules/diag/main_01.html,Rolle des Diagnosemoduls,8874
modules/exec.html,(Seite),content/ai/modules/exec/main_01.html,Vom Plattformstart zur Prozesssteuerung,7423
modules/fw.html,(Seite),content/ai/modules/fw/main_01.html,Einordnung & Zweck,2117
modules/idsm.html,(Seite),content/ai/modules/idsm/main_01.html,Zweck und Ereignisfluss,992
modules/log.html,(Seite),content/ai/modules/log/main_01.html,Log and Trace als Routing-Schicht,5690
modules/nm.html,(Seite),content/ai/modules/nm/main_01.html,Zweck und Modellbezug,930
modules/per.html,(Seite),content/ai/modules/per/main_01.html,Zweck und Systemgrenze,6560
modules/phm.html,(Seite),content/ai/modules/phm/main_01.html,Supervision als Plattform-Sicherheitsfunktion,4618
modules/rds.html,(Seite),content/ai/modules/rds/main_01.html,Einordnung & Zweck,2112
modules/shwa.html,(Seite),content/ai/modules/shwa/main_01.html,Einordnung und Zweck,2970
modules/sm.html,(Seite),content/ai/modules/sm/main_01.html,Vom Maschinenziel zur laufenden Anwendung,6815
modules/tsync.html,(Seite),content/ai/modules/tsync/main_01.html,Globale Zeit als Dienst für Anwendungen,6213
modules/ucm.html,(Seite),content/ai/modules/ucm/main_01.html,PackageManagement als Update-Grenze,4012
namespaces/ns_com_apext_com_secoc_eb0f3c.html,(Seite),content/ai/namespaces/ns_com_apext_com_secoc_eb0f3c/main_01.html,SecOC-Extension im Communication Management,1185
namespaces/ns_com_apext_com_secoc_eb0f3c.html,SWS_CM_12521,content/ai/namespaces/ns_com_apext_com_secoc_eb0f3c/rec_SWS_CM_12521_02.html,Verwendung KI-generiert / AI generated,623
namespaces/ns_com_apext_com_secoc_eb0f3c.html,SWS_CM_12522,content/ai/namespaces/ns_com_apext_com_secoc_eb0f3c/rec_SWS_CM_12522_03.html,Verwendung KI-generiert / AI generated,644
namespaces/ns_com_ara_com_4a3210.html,(Seite),content/ai/namespaces/ns_com_ara_com_4a3210/main_01.html,Öffentliche Sprache des Communication Management,3023
namespaces/ns_com_ara_com_4a3210.html,SWS_CM_10432,content/ai/namespaces/ns_com_ara_com_4a3210/rec_SWS_CM_10432_02.html,Verwendung KI-generiert / AI generated,986
namespaces/ns_com_ara_com_4a3210.html,SWS_CM_00301,content/ai/namespaces/ns_com_ara_com_4a3210/rec_SWS_CM_00301_03.html,Verwendung KI-generiert / AI generated,1443
namespaces/ns_com_ara_com_4a3210.html,SWS_CM_00310,content/ai/namespaces/ns_com_ara_com_4a3210/rec_SWS_CM_00310_04.html,Verwendung KI-generiert / AI generated,1408
namespaces/ns_com_ara_com_4a3210.html,SWS_CM_00309,content/ai/namespaces/ns_com_ara_com_4a3210/rec_SWS_CM_00309_05.html,Verwendung KI-generiert / AI generated,969
namespaces/ns_com_ara_com_4a3210.html,SWS_CM_00383,content/ai/namespaces/ns_com_ara_com_4a3210/rec_SWS_CM_00383_06.html,Verwendung KI-generiert / AI generated,1683
namespaces/ns_com_ara_com_4a3210.html,SWS_CM_00308,content/ai/namespaces/ns_com_ara_com_4a3210/rec_SWS_CM_00308_07.html,Verwendung KI-generiert / AI generated,888
namespaces/ns_com_ara_com_4a3210.html,SWS_CM_00311,content/ai/namespaces/ns_com_ara_com_4a3210/rec_SWS_CM_00311_08.html,Verwendung KI-generiert / AI generated,824
namespaces/ns_com_ara_com_4a3210.html,SWS_CM_11334,content/ai/namespaces/ns_com_ara_com_4a3210/rec_SWS_CM_11334_09.html,Verwendung KI-generiert / AI generated,506
namespaces/ns_com_ara_com_4a3210.html,SWS_CM_11335,content/ai/namespaces/ns_com_ara_com_4a3210/rec_SWS_CM_11335_10.html,Verwendung KI-generiert / AI generated,641
namespaces/ns_com_ara_com_e2e_f19464.html,(Seite),content/ai/namespaces/ns_com_ara_com_e2e_f19464/main_01.html,E2E-Zustände und Fehlersignale,1608
namespaces/ns_com_ara_com_e2e_f19464.html,SWS_CM_10474,content/ai/namespaces/ns_com_ara_com_e2e_f19464/rec_SWS_CM_10474_02.html,Verwendung KI-generiert / AI generated,667
namespaces/ns_com_ara_com_e2e_f19464.html,SWS_CM_90421,content/ai/namespaces/ns_com_ara_com_e2e_f19464/rec_SWS_CM_90421_03.html,Verwendung KI-generiert / AI generated,712
namespaces/ns_com_ara_com_e2e_f19464.html,SWS_CM_00091,content/ai/namespaces/ns_com_ara_com_e2e_f19464/rec_SWS_CM_00091_04.html,Verwendung KI-generiert / AI generated,643
namespaces/ns_com_ara_com_e2e_f19464.html,SWS_CM_00092,content/ai/namespaces/ns_com_ara_com_e2e_f19464/rec_SWS_CM_00092_05.html,Verwendung KI-generiert / AI generated,715
namespaces/ns_com_ara_com_e2e_f19464.html,SWS_CM_12510,content/ai/namespaces/ns_com_ara_com_e2e_f19464/rec_SWS_CM_12510_06.html,Verwendung KI-generiert / AI generated,484
namespaces/ns_com_ara_com_e2e_f19464.html,SWS_CM_12511,content/ai/namespaces/ns_com_ara_com_e2e_f19464/rec_SWS_CM_12511_07.html,Verwendung KI-generiert / AI generated,629
namespaces/ns_com_ara_com_runtime_ac29a8.html,(Seite),content/ai/namespaces/ns_com_ara_com_runtime_ac29a8/main_01.html,Übersetzung vom Modell- in den Bindungsraum,1362
namespaces/ns_com_ara_com_runtime_ac29a8.html,SWS_CM_00118,content/ai/namespaces/ns_com_ara_com_runtime_ac29a8/rec_SWS_CM_00118_02.html,Verwendung KI-generiert / AI generated,1499
namespaces/ns_core_ara_core_e30e31.html,(Seite),content/ai/namespaces/ns_core_ara_core_e30e31/main_01.html,Verwendung KI-generiert / AI generated,3170
namespaces/ns_core_ara_core_e30e31.html,SWS_CORE_03001,content/ai/namespaces/ns_core_ara_core_e30e31/rec_SWS_CORE_03001_02.html,Technische Einordnung KI-generiert / AI generated,591
namespaces/ns_core_ara_core_e30e31.html,SWS_CORE_01612,content/ai/namespaces/ns_core_ara_core_e30e31/rec_SWS_CORE_01612_03.html,Technische Einordnung KI-generiert / AI generated,596
namespaces/ns_core_ara_core_e30e31.html,SWS_CORE_01901,content/ai/namespaces/ns_core_ara_core_e30e31/rec_SWS_CORE_01901_04.html,Technische Einordnung KI-generiert / AI generated,500
namespaces/ns_core_ara_core_e30e31.html,SWS_CORE_01101,content/ai/namespaces/ns_core_ara_core_e30e31/rec_SWS_CORE_01101_05.html,Technische Einordnung KI-generiert / AI generated,595
namespaces/ns_core_ara_core_e30e31.html,SWS_CORE_01606,content/ai/namespaces/ns_core_ara_core_e30e31/rec_SWS_CORE_01606_06.html,Technische Einordnung KI-generiert / AI generated,602
namespaces/ns_core_ara_core_e30e31.html,SWS_CORE_00052,content/ai/namespaces/ns_core_ara_core_e30e31/rec_SWS_CORE_00052_07.html,Verwendung KI-generiert / AI generated,736
namespaces/ns_core_ara_core_e30e31.html,SWS_CORE_10002,content/ai/namespaces/ns_core_ara_core_e30e31/rec_SWS_CORE_10002_08.html,Verwendung KI-generiert / AI generated,1248
namespaces/ns_core_ara_core_e30e31.html,SWS_CORE_05280,content/ai/namespaces/ns_core_ara_core_e30e31/rec_SWS_CORE_05280_09.html,Verwendung KI-generiert / AI generated,524
namespaces/ns_core_ara_core_e30e31.html,SWS_CORE_06565,content/ai/namespaces/ns_core_ara_core_e30e31/rec_SWS_CORE_06565_10.html,Technische Einordnung KI-generiert / AI generated,944
namespaces/ns_core_ara_core_e30e31.html,SWS_CORE_00480,content/ai/namespaces/ns_core_ara_core_e30e31/rec_SWS_CORE_00480_11.html,Verwendung KI-generiert / AI generated,469
namespaces/ns_core_ara_core_e30e31.html,SWS_CORE_10003,content/ai/namespaces/ns_core_ara_core_e30e31/rec_SWS_CORE_10003_12.html,Verwendung KI-generiert / AI generated,1470
namespaces/ns_core_ara_core_e30e31.html,SWS_CORE_06562,content/ai/namespaces/ns_core_ara_core_e30e31/rec_SWS_CORE_06562_13.html,Technische Einordnung KI-generiert / AI generated,657
namespaces/ns_core_ara_core_e30e31.html,SWS_CORE_06563,content/ai/namespaces/ns_core_ara_core_e30e31/rec_SWS_CORE_06563_14.html,Technische Einordnung KI-generiert / AI generated,737
namespaces/ns_core_ara_core_e30e31.html,SWS_CORE_00051,content/ai/namespaces/ns_core_ara_core_e30e31/rec_SWS_CORE_00051_15.html,Verwendung KI-generiert / AI generated,755
namespaces/ns_core_ara_core_e30e31.html,SWS_CORE_06564,content/ai/namespaces/ns_core_ara_core_e30e31/rec_SWS_CORE_06564_16.html,Technische Einordnung KI-generiert / AI generated,944
namespaces/ns_core_ara_core_e30e31.html,SWS_CORE_01980,content/ai/namespaces/ns_core_ara_core_e30e31/rec_SWS_CORE_01980_17.html,Technische Einordnung KI-generiert / AI generated,502
namespaces/ns_core_ara_core_e30e31.html,SWS_CORE_01981,content/ai/namespaces/ns_core_ara_core_e30e31/rec_SWS_CORE_01981_18.html,Technische Einordnung KI-generiert / AI generated,502
namespaces/ns_core_ara_core_e30e31.html,SWS_CORE_01282,content/ai/namespaces/ns_core_ara_core_e30e31/rec_SWS_CORE_01282_19.html,Technische Einordnung KI-generiert / AI generated,496
namespaces/ns_core_ara_core_e30e31.html,SWS_CORE_01283,content/ai/namespaces/ns_core_ara_core_e30e31/rec_SWS_CORE_01283_20.html,Technische Einordnung KI-generiert / AI generated,496
namespaces/ns_core_ara_core_e30e31.html,SWS_CORE_01284,content/ai/namespaces/ns_core_ara_core_e30e31/rec_SWS_CORE_01284_21.html,Technische Einordnung KI-generiert / AI generated,496
namespaces/ns_core_ara_core_e30e31.html,SWS_CORE_01286,content/ai/namespaces/ns_core_ara_core_e30e31/rec_SWS_CORE_01286_22.html,Technische Einordnung KI-generiert / AI generated,496
namespaces/ns_core_ara_core_e30e31.html,SWS_CORE_01613,content/ai/namespaces/ns_core_ara_core_e30e31/rec_SWS_CORE_01613_23.html,Technische Einordnung KI-generiert / AI generated,1057
namespaces/ns_core_ara_core_e30e31.html,SWS_CORE_01614,content/ai/namespaces/ns_core_ara_core_e30e31/rec_SWS_CORE_01614_24.html,Technische Einordnung KI-generiert / AI generated,1057
namespaces/ns_core_ara_core_e30e31.html,SWS_CORE_01615,content/ai/namespaces/ns_core_ara_core_e30e31/rec_SWS_CORE_01615_25.html,Technische Einordnung KI-generiert / AI generated,1057
namespaces/ns_core_ara_core_e30e31.html,SWS_CORE_01616,content/ai/namespaces/ns_core_ara_core_e30e31/rec_SWS_CORE_01616_26.html,Technische Einordnung KI-generiert / AI generated,1057
namespaces/ns_core_ara_core_e30e31.html,SWS_CORE_01617,content/ai/namespaces/ns_core_ara_core_e30e31/rec_SWS_CORE_01617_27.html,Technische Einordnung KI-generiert / AI generated,1072
namespaces/ns_core_ara_core_e30e31.html,SWS_CORE_01618,content/ai/namespaces/ns_core_ara_core_e30e31/rec_SWS_CORE_01618_28.html,Technische Einordnung KI-generiert / AI generated,1072
namespaces/ns_core_ara_core_e30e31.html,SWS_CORE_01619,content/ai/namespaces/ns_core_ara_core_e30e31/rec_SWS_CORE_01619_29.html,Technische Einordnung KI-generiert / AI generated,1072
namespaces/ns_core_ara_core_e30e31.html,SWS_CORE_01620,content/ai/namespaces/ns_core_ara_core_e30e31/rec_SWS_CORE_01620_30.html,Technische Einordnung KI-generiert / AI generated,1072
namespaces/ns_core_ara_core_e30e31.html,SWS_CORE_01621,content/ai/namespaces/ns_core_ara_core_e30e31/rec_SWS_CORE_01621_31.html,Technische Einordnung KI-generiert / AI generated,607
namespaces/ns_core_ara_core_e30e31.html,SWS_CORE_01622,content/ai/namespaces/ns_core_ara_core_e30e31/rec_SWS_CORE_01622_32.html,Technische Einordnung KI-generiert / AI generated,607
namespaces/ns_core_ara_core_e30e31.html,SWS_CORE_01623,content/ai/namespaces/ns_core_ara_core_e30e31/rec_SWS_CORE_01623_33.html,Technische Einordnung KI-generiert / AI generated,607
namespaces/ns_core_ara_core_e30e31.html,SWS_CORE_01624,content/ai/namespaces/ns_core_ara_core_e30e31/rec_SWS_CORE_01624_34.html,Technische Einordnung KI-generiert / AI generated,607
namespaces/ns_core_ara_core_e30e31.html,SWS_CORE_03401,content/ai/namespaces/ns_core_ara_core_e30e31/rec_SWS_CORE_03401_35.html,Technische Einordnung KI-generiert / AI generated,558
namespaces/ns_core_ara_core_e30e31.html,SWS_CORE_03402,content/ai/namespaces/ns_core_ara_core_e30e31/rec_SWS_CORE_03402_36.html,Technische Einordnung KI-generiert / AI generated,558
namespaces/ns_core_ara_core_e30e31.html,SWS_CORE_03403,content/ai/namespaces/ns_core_ara_core_e30e31/rec_SWS_CORE_03403_37.html,Technische Einordnung KI-generiert / AI generated,558
namespaces/ns_core_ara_core_e30e31.html,SWS_CORE_03404,content/ai/namespaces/ns_core_ara_core_e30e31/rec_SWS_CORE_03404_38.html,Technische Einordnung KI-generiert / AI generated,558
namespaces/ns_core_ara_core_e30e31.html,SWS_CORE_01626,content/ai/namespaces/ns_core_ara_core_e30e31/rec_SWS_CORE_01626_39.html,Technische Einordnung KI-generiert / AI generated,618
namespaces/ns_core_ara_core_e30e31.html,SWS_CORE_01138,content/ai/namespaces/ns_core_ara_core_e30e31/rec_SWS_CORE_01138_40.html,Technische Einordnung KI-generiert / AI generated,648
namespaces/ns_core_ara_core_e30e31.html,SWS_CORE_01139,content/ai/namespaces/ns_core_ara_core_e30e31/rec_SWS_CORE_01139_41.html,Technische Einordnung KI-generiert / AI generated,648
namespaces/ns_core_ara_core_e30e31.html,SWS_CORE_01140,content/ai/namespaces/ns_core_ara_core_e30e31/rec_SWS_CORE_01140_42.html,Technische Einordnung KI-generiert / AI generated,648
namespaces/ns_core_ara_core_e30e31.html,SWS_CORE_01143,content/ai/namespaces/ns_core_ara_core_e30e31/rec_SWS_CORE_01143_43.html,Technische Einordnung KI-generiert / AI generated,496
namespaces/ns_core_ara_core_e30e31.html,SWS_CORE_01176,content/ai/namespaces/ns_core_ara_core_e30e31/rec_SWS_CORE_01176_44.html,Technische Einordnung KI-generiert / AI generated,496
namespaces/ns_core_ara_core_e30e31.html,SWS_CORE_01177,content/ai/namespaces/ns_core_ara_core_e30e31/rec_SWS_CORE_01177_45.html,Technische Einordnung KI-generiert / AI generated,496
namespaces/ns_core_ara_core_e30e31.html,SWS_CORE_01188,content/ai/namespaces/ns_core_ara_core_e30e31/rec_SWS_CORE_01188_46.html,Technische Einordnung KI-generiert / AI generated,496
namespaces/ns_core_ara_core_e30e31.html,SWS_CORE_01189,content/ai/namespaces/ns_core_ara_core_e30e31/rec_SWS_CORE_01189_47.html,Technische Einordnung KI-generiert / AI generated,496
namespaces/ns_core_ara_core_e30e31.html,SWS_CORE_01291,content/ai/namespaces/ns_core_ara_core_e30e31/rec_SWS_CORE_01291_48.html,Technische Einordnung KI-generiert / AI generated,487
namespaces/ns_core_ara_core_e30e31.html,SWS_CORE_01391,content/ai/namespaces/ns_core_ara_core_e30e31/rec_SWS_CORE_01391_49.html,Technische Einordnung KI-generiert / AI generated,592
namespaces/ns_core_ara_core_e30e31.html,SWS_CORE_01628,content/ai/namespaces/ns_core_ara_core_e30e31/rec_SWS_CORE_01628_50.html,Technische Einordnung KI-generiert / AI generated,595
namespaces/ns_core_ara_core_e30e31.html,SWS_CORE_01642,content/ai/namespaces/ns_core_ara_core_e30e31/rec_SWS_CORE_01642_51.html,Technische Einordnung KI-generiert / AI generated,595
namespaces/ns_core_ara_core_e30e31.html,SWS_CORE_02182,content/ai/namespaces/ns_core_ara_core_e30e31/rec_SWS_CORE_02182_52.html,Technische Einordnung KI-generiert / AI generated,619
namespaces/ns_core_ara_core_e30e31.html,SWS_CORE_03367,content/ai/namespaces/ns_core_ara_core_e30e31/rec_SWS_CORE_03367_53.html,Technische Einordnung KI-generiert / AI generated,610
namespaces/ns_core_ara_core_e30e31.html,SWS_CORE_03368,content/ai/namespaces/ns_core_ara_core_e30e31/rec_SWS_CORE_03368_54.html,Technische Einordnung KI-generiert / AI generated,610
namespaces/ns_core_ara_core_e30e31.html,SWS_CORE_03369,content/ai/namespaces/ns_core_ara_core_e30e31/rec_SWS_CORE_03369_55.html,Technische Einordnung KI-generiert / AI generated,610
namespaces/ns_core_ara_core_e30e31.html,SWS_CORE_01752,content/ai/namespaces/ns_core_ara_core_e30e31/rec_SWS_CORE_01752_56.html,Technische Einordnung KI-generiert / AI generated,490
namespaces/ns_core_ara_core_e30e31.html,SWS_CORE_03352,content/ai/namespaces/ns_core_ara_core_e30e31/rec_SWS_CORE_03352_57.html,Technische Einordnung KI-generiert / AI generated,610
namespaces/ns_core_ara_core_e30e31.html,SWS_CORE_03353,content/ai/namespaces/ns_core_ara_core_e30e31/rec_SWS_CORE_03353_58.html,Technische Einordnung KI-generiert / AI generated,610
namespaces/ns_core_ara_core_e30e31.html,SWS_CORE_03354,content/ai/namespaces/ns_core_ara_core_e30e31/rec_SWS_CORE_03354_59.html,Technische Einordnung KI-generiert / AI generated,610
namespaces/ns_core_ara_core_e30e31.html,SWS_CORE_03355,content/ai/namespaces/ns_core_ara_core_e30e31/rec_SWS_CORE_03355_60.html,Technische Einordnung KI-generiert / AI generated,610
namespaces/ns_core_ara_core_e30e31.html,SWS_CORE_03356,content/ai/namespaces/ns_core_ara_core_e30e31/rec_SWS_CORE_03356_61.html,Technische Einordnung KI-generiert / AI generated,610
namespaces/ns_core_ara_core_e30e31.html,SWS_CORE_03357,content/ai/namespaces/ns_core_ara_core_e30e31/rec_SWS_CORE_03357_62.html,Technische Einordnung KI-generiert / AI generated,610
namespaces/ns_core_ara_core_e30e31.html,SWS_CORE_03358,content/ai/namespaces/ns_core_ara_core_e30e31/rec_SWS_CORE_03358_63.html,Technische Einordnung KI-generiert / AI generated,610
namespaces/ns_core_ara_core_e30e31.html,SWS_CORE_03359,content/ai/namespaces/ns_core_ara_core_e30e31/rec_SWS_CORE_03359_64.html,Technische Einordnung KI-generiert / AI generated,610
namespaces/ns_core_ara_core_e30e31.html,SWS_CORE_03360,content/ai/namespaces/ns_core_ara_core_e30e31/rec_SWS_CORE_03360_65.html,Technische Einordnung KI-generiert / AI generated,610
namespaces/ns_core_ara_core_e30e31.html,SWS_CORE_03361,content/ai/namespaces/ns_core_ara_core_e30e31/rec_SWS_CORE_03361_66.html,Technische Einordnung KI-generiert / AI generated,610
namespaces/ns_core_ara_core_e30e31.html,SWS_CORE_03362,content/ai/namespaces/ns_core_ara_core_e30e31/rec_SWS_CORE_03362_67.html,Technische Einordnung KI-generiert / AI generated,610
namespaces/ns_core_ara_core_e30e31.html,SWS_CORE_03363,content/ai/namespaces/ns_core_ara_core_e30e31/rec_SWS_CORE_03363_68.html,Technische Einordnung KI-generiert / AI generated,610
namespaces/ns_core_ara_core_e30e31.html,SWS_CORE_01144,content/ai/namespaces/ns_core_ara_core_e30e31/rec_SWS_CORE_01144_69.html,Technische Einordnung KI-generiert / AI generated,496
namespaces/ns_core_ara_core_e30e31.html,SWS_CORE_01178,content/ai/namespaces/ns_core_ara_core_e30e31/rec_SWS_CORE_01178_70.html,Technische Einordnung KI-generiert / AI generated,496
namespaces/ns_core_ara_core_e30e31.html,SWS_CORE_01179,content/ai/namespaces/ns_core_ara_core_e30e31/rec_SWS_CORE_01179_71.html,Technische Einordnung KI-generiert / AI generated,496
namespaces/ns_core_ara_core_e30e31.html,SWS_CORE_01190,content/ai/namespaces/ns_core_ara_core_e30e31/rec_SWS_CORE_01190_72.html,Technische Einordnung KI-generiert / AI generated,496
namespaces/ns_core_ara_core_e30e31.html,SWS_CORE_01191,content/ai/namespaces/ns_core_ara_core_e30e31/rec_SWS_CORE_01191_73.html,Technische Einordnung KI-generiert / AI generated,496
namespaces/ns_core_ara_core_e30e31.html,SWS_CORE_01292,content/ai/namespaces/ns_core_ara_core_e30e31/rec_SWS_CORE_01292_74.html,Technische Einordnung KI-generiert / AI generated,487
namespaces/ns_core_ara_core_e30e31.html,SWS_CORE_01392,content/ai/namespaces/ns_core_ara_core_e30e31/rec_SWS_CORE_01392_75.html,Technische Einordnung KI-generiert / AI generated,592
namespaces/ns_core_ara_core_e30e31.html,SWS_CORE_01629,content/ai/namespaces/ns_core_ara_core_e30e31/rec_SWS_CORE_01629_76.html,Technische Einordnung KI-generiert / AI generated,595
namespaces/ns_core_ara_core_e30e31.html,SWS_CORE_01643,content/ai/namespaces/ns_core_ara_core_e30e31/rec_SWS_CORE_01643_77.html,Technische Einordnung KI-generiert / AI generated,595
namespaces/ns_core_ara_core_e30e31.html,SWS_CORE_02183,content/ai/namespaces/ns_core_ara_core_e30e31/rec_SWS_CORE_02183_78.html,Technische Einordnung KI-generiert / AI generated,619
namespaces/ns_core_ara_core_e30e31.html,SWS_CORE_03370,content/ai/namespaces/ns_core_ara_core_e30e31/rec_SWS_CORE_03370_79.html,Technische Einordnung KI-generiert / AI generated,610
namespaces/ns_core_ara_core_e30e31.html,SWS_CORE_03371,content/ai/namespaces/ns_core_ara_core_e30e31/rec_SWS_CORE_03371_80.html,Technische Einordnung KI-generiert / AI generated,610
namespaces/ns_core_ara_core_e30e31.html,SWS_CORE_03372,content/ai/namespaces/ns_core_ara_core_e30e31/rec_SWS_CORE_03372_81.html,Technische Einordnung KI-generiert / AI generated,610
namespaces/ns_core_ara_core_e30e31.html,SWS_CORE_01756,content/ai/namespaces/ns_core_ara_core_e30e31/rec_SWS_CORE_01756_82.html,Technische Einordnung KI-generiert / AI generated,490
namespaces/ns_core_ara_core_e30e31.html,SWS_CORE_02187,content/ai/namespaces/ns_core_ara_core_e30e31/rec_SWS_CORE_02187_83.html,Technische Einordnung KI-generiert / AI generated,619
namespaces/ns_core_ara_core_e30e31.html,SWS_CORE_03400,content/ai/namespaces/ns_core_ara_core_e30e31/rec_SWS_CORE_03400_84.html,Technische Einordnung KI-generiert / AI generated,545
namespaces/ns_core_ara_core_e30e31.html,SWS_CORE_01146,content/ai/namespaces/ns_core_ara_core_e30e31/rec_SWS_CORE_01146_85.html,Technische Einordnung KI-generiert / AI generated,496
namespaces/ns_core_ara_core_e30e31.html,SWS_CORE_01180,content/ai/namespaces/ns_core_ara_core_e30e31/rec_SWS_CORE_01180_86.html,Technische Einordnung KI-generiert / AI generated,496
namespaces/ns_core_ara_core_e30e31.html,SWS_CORE_01181,content/ai/namespaces/ns_core_ara_core_e30e31/rec_SWS_CORE_01181_87.html,Technische Einordnung KI-generiert / AI generated,496
namespaces/ns_core_ara_core_e30e31.html,SWS_CORE_01192,content/ai/namespaces/ns_core_ara_core_e30e31/rec_SWS_CORE_01192_88.html,Technische Einordnung KI-generiert / AI generated,496
namespaces/ns_core_ara_core_e30e31.html,SWS_CORE_01193,content/ai/namespaces/ns_core_ara_core_e30e31/rec_SWS_CORE_01193_89.html,Technische Einordnung KI-generiert / AI generated,496
namespaces/ns_core_ara_core_e30e31.html,SWS_CORE_01294,content/ai/namespaces/ns_core_ara_core_e30e31/rec_SWS_CORE_01294_90.html,Technische Einordnung KI-generiert / AI generated,487
namespaces/ns_core_ara_core_e30e31.html,SWS_CORE_01393,content/ai/namespaces/ns_core_ara_core_e30e31/rec_SWS_CORE_01393_91.html,Technische Einordnung KI-generiert / AI generated,592
namespaces/ns_core_ara_core_e30e31.html,SWS_CORE_01631,content/ai/namespaces/ns_core_ara_core_e30e31/rec_SWS_CORE_01631_92.html,Technische Einordnung KI-generiert / AI generated,595
namespaces/ns_core_ara_core_e30e31.html,SWS_CORE_01645,content/ai/namespaces/ns_core_ara_core_e30e31/rec_SWS_CORE_01645_93.html,Technische Einordnung KI-generiert / AI generated,595
namespaces/ns_core_ara_core_e30e31.html,SWS_CORE_02185,content/ai/namespaces/ns_core_ara_core_e30e31/rec_SWS_CORE_02185_94.html,Technische Einordnung KI-generiert / AI generated,619
namespaces/ns_core_ara_core_e30e31.html,SWS_CORE_03376,content/ai/namespaces/ns_core_ara_core_e30e31/rec_SWS_CORE_03376_95.html,Technische Einordnung KI-generiert / AI generated,610
namespaces/ns_core_ara_core_e30e31.html,SWS_CORE_03377,content/ai/namespaces/ns_core_ara_core_e30e31/rec_SWS_CORE_03377_96.html,Technische Einordnung KI-generiert / AI generated,610
namespaces/ns_core_ara_core_e30e31.html,SWS_CORE_03378,content/ai/namespaces/ns_core_ara_core_e30e31/rec_SWS_CORE_03378_97.html,Technische Einordnung KI-generiert / AI generated,610
namespaces/ns_core_ara_core_e30e31.html,SWS_CORE_01142,content/ai/namespaces/ns_core_ara_core_e30e31/rec_SWS_CORE_01142_98.html,Technische Einordnung KI-generiert / AI generated,496
namespaces/ns_core_ara_core_e30e31.html,SWS_CORE_01148,content/ai/namespaces/ns_core_ara_core_e30e31/rec_SWS_CORE_01148_99.html,Technische Einordnung KI-generiert / AI generated,496
namespaces/ns_core_ara_core_e30e31.html,SWS_CORE_01149,content/ai/namespaces/ns_core_ara_core_e30e31/rec_SWS_CORE_01149_100.html,Technische Einordnung KI-generiert / AI generated,496
namespaces/ns_core_ara_core_e30e31.html,SWS_CORE_01186,content/ai/namespaces/ns_core_ara_core_e30e31/rec_SWS_CORE_01186_101.html,Technische Einordnung KI-generiert / AI generated,496
namespaces/ns_core_ara_core_e30e31.html,SWS_CORE_01187,content/ai/namespaces/ns_core_ara_core_e30e31/rec_SWS_CORE_01187_102.html,Technische Einordnung KI-generiert / AI generated,496
namespaces/ns_core_ara_core_e30e31.html,SWS_CORE_01290,content/ai/namespaces/ns_core_ara_core_e30e31/rec_SWS_CORE_01290_103.html,Technische Einordnung KI-generiert / AI generated,487
namespaces/ns_core_ara_core_e30e31.html,SWS_CORE_01390,content/ai/namespaces/ns_core_ara_core_e30e31/rec_SWS_CORE_01390_104.html,Technische Einordnung KI-generiert / AI generated,592
namespaces/ns_core_ara_core_e30e31.html,SWS_CORE_01627,content/ai/namespaces/ns_core_ara_core_e30e31/rec_SWS_CORE_01627_105.html,Technische Einordnung KI-generiert / AI generated,595
namespaces/ns_core_ara_core_e30e31.html,SWS_CORE_01641,content/ai/namespaces/ns_core_ara_core_e30e31/rec_SWS_CORE_01641_106.html,Technische Einordnung KI-generiert / AI generated,595
namespaces/ns_core_ara_core_e30e31.html,SWS_CORE_02181,content/ai/namespaces/ns_core_ara_core_e30e31/rec_SWS_CORE_02181_107.html,Technische Einordnung KI-generiert / AI generated,619
namespaces/ns_core_ara_core_e30e31.html,SWS_CORE_03364,content/ai/namespaces/ns_core_ara_core_e30e31/rec_SWS_CORE_03364_108.html,Technische Einordnung KI-generiert / AI generated,610
namespaces/ns_core_ara_core_e30e31.html,SWS_CORE_03365,content/ai/namespaces/ns_core_ara_core_e30e31/rec_SWS_CORE_03365_109.html,Technische Einordnung KI-generiert / AI generated,610
namespaces/ns_core_ara_core_e30e31.html,SWS_CORE_03366,content/ai/namespaces/ns_core_ara_core_e30e31/rec_SWS_CORE_03366_110.html,Technische Einordnung KI-generiert / AI generated,610
namespaces/ns_core_ara_core_e30e31.html,SWS_CORE_06560,content/ai/namespaces/ns_core_ara_core_e30e31/rec_SWS_CORE_06560_111.html,Technische Einordnung KI-generiert / AI generated,519
namespaces/ns_core_ara_core_e30e31.html,SWS_CORE_06561,content/ai/namespaces/ns_core_ara_core_e30e31/rec_SWS_CORE_06561_112.html,Technische Einordnung KI-generiert / AI generated,519
namespaces/ns_core_ara_core_e30e31.html,SWS_CORE_01145,content/ai/namespaces/ns_core_ara_core_e30e31/rec_SWS_CORE_01145_113.html,Technische Einordnung KI-generiert / AI generated,496
namespaces/ns_core_ara_core_e30e31.html,SWS_CORE_01182,content/ai/namespaces/ns_core_ara_core_e30e31/rec_SWS_CORE_01182_114.html,Technische Einordnung KI-generiert / AI generated,496
namespaces/ns_core_ara_core_e30e31.html,SWS_CORE_01183,content/ai/namespaces/ns_core_ara_core_e30e31/rec_SWS_CORE_01183_115.html,Technische Einordnung KI-generiert / AI generated,496
namespaces/ns_core_ara_core_e30e31.html,SWS_CORE_01194,content/ai/namespaces/ns_core_ara_core_e30e31/rec_SWS_CORE_01194_116.html,Technische Einordnung KI-generiert / AI generated,496
namespaces/ns_core_ara_core_e30e31.html,SWS_CORE_01195,content/ai/namespaces/ns_core_ara_core_e30e31/rec_SWS_CORE_01195_117.html,Technische Einordnung KI-generiert / AI generated,496
namespaces/ns_core_ara_core_e30e31.html,SWS_CORE_01293,content/ai/namespaces/ns_core_ara_core_e30e31/rec_SWS_CORE_01293_118.html,Technische Einordnung KI-generiert / AI generated,487
namespaces/ns_core_ara_core_e30e31.html,SWS_CORE_01394,content/ai/namespaces/ns_core_ara_core_e30e31/rec_SWS_CORE_01394_119.html,Technische Einordnung KI-generiert / AI generated,592
namespaces/ns_core_ara_core_e30e31.html,SWS_CORE_01630,content/ai/namespaces/ns_core_ara_core_e30e31/rec_SWS_CORE_01630_120.html,Technische Einordnung KI-generiert / AI generated,595
namespaces/ns_core_ara_core_e30e31.html,SWS_CORE_01644,content/ai/namespaces/ns_core_ara_core_e30e31/rec_SWS_CORE_01644_121.html,Technische Einordnung KI-generiert / AI generated,595
namespaces/ns_core_ara_core_e30e31.html,SWS_CORE_02184,content/ai/namespaces/ns_core_ara_core_e30e31/rec_SWS_CORE_02184_122.html,Technische Einordnung KI-generiert / AI generated,619
namespaces/ns_core_ara_core_e30e31.html,SWS_CORE_03373,content/ai/namespaces/ns_core_ara_core_e30e31/rec_SWS_CORE_03373_123.html,Technische Einordnung KI-generiert / AI generated,610
namespaces/ns_core_ara_core_e30e31.html,SWS_CORE_03374,content/ai/namespaces/ns_core_ara_core_e30e31/rec_SWS_CORE_03374_124.html,Technische Einordnung KI-generiert / AI generated,610
namespaces/ns_core_ara_core_e30e31.html,SWS_CORE_03375,content/ai/namespaces/ns_core_ara_core_e30e31/rec_SWS_CORE_03375_125.html,Technische Einordnung KI-generiert / AI generated,610
namespaces/ns_core_ara_core_e30e31.html,SWS_CORE_01147,content/ai/namespaces/ns_core_ara_core_e30e31/rec_SWS_CORE_01147_126.html,Technische Einordnung KI-generiert / AI generated,496
namespaces/ns_core_ara_core_e30e31.html,SWS_CORE_01184,content/ai/namespaces/ns_core_ara_core_e30e31/rec_SWS_CORE_01184_127.html,Technische Einordnung KI-generiert / AI generated,496
namespaces/ns_core_ara_core_e30e31.html,SWS_CORE_01185,content/ai/namespaces/ns_core_ara_core_e30e31/rec_SWS_CORE_01185_128.html,Technische Einordnung KI-generiert / AI generated,496
namespaces/ns_core_ara_core_e30e31.html,SWS_CORE_01196,content/ai/namespaces/ns_core_ara_core_e30e31/rec_SWS_CORE_01196_129.html,Technische Einordnung KI-generiert / AI generated,496
namespaces/ns_core_ara_core_e30e31.html,SWS_CORE_01197,content/ai/namespaces/ns_core_ara_core_e30e31/rec_SWS_CORE_01197_130.html,Technische Einordnung KI-generiert / AI generated,496
namespaces/ns_core_ara_core_e30e31.html,SWS_CORE_01295,content/ai/namespaces/ns_core_ara_core_e30e31/rec_SWS_CORE_01295_131.html,Technische Einordnung KI-generiert / AI generated,487
namespaces/ns_core_ara_core_e30e31.html,SWS_CORE_01395,content/ai/namespaces/ns_core_ara_core_e30e31/rec_SWS_CORE_01395_132.html,Technische Einordnung KI-generiert / AI generated,592
namespaces/ns_core_ara_core_e30e31.html,SWS_CORE_01632,content/ai/namespaces/ns_core_ara_core_e30e31/rec_SWS_CORE_01632_133.html,Technische Einordnung KI-generiert / AI generated,595
namespaces/ns_core_ara_core_e30e31.html,SWS_CORE_01646,content/ai/namespaces/ns_core_ara_core_e30e31/rec_SWS_CORE_01646_134.html,Technische Einordnung KI-generiert / AI generated,595
namespaces/ns_core_ara_core_e30e31.html,SWS_CORE_02186,content/ai/namespaces/ns_core_ara_core_e30e31/rec_SWS_CORE_02186_135.html,Technische Einordnung KI-generiert / AI generated,619
namespaces/ns_core_ara_core_e30e31.html,SWS_CORE_03379,content/ai/namespaces/ns_core_ara_core_e30e31/rec_SWS_CORE_03379_136.html,Technische Einordnung KI-generiert / AI generated,610
namespaces/ns_core_ara_core_e30e31.html,SWS_CORE_03380,content/ai/namespaces/ns_core_ara_core_e30e31/rec_SWS_CORE_03380_137.html,Technische Einordnung KI-generiert / AI generated,610
namespaces/ns_core_ara_core_e30e31.html,SWS_CORE_03381,content/ai/namespaces/ns_core_ara_core_e30e31/rec_SWS_CORE_03381_138.html,Technische Einordnung KI-generiert / AI generated,610
namespaces/ns_core_ara_core_e30e31.html,SWS_CORE_01755,content/ai/namespaces/ns_core_ara_core_e30e31/rec_SWS_CORE_01755_139.html,Technische Einordnung KI-generiert / AI generated,490
namespaces/ns_core_ara_core_e30e31.html,SWS_CORE_03399,content/ai/namespaces/ns_core_ara_core_e30e31/rec_SWS_CORE_03399_140.html,Technische Einordnung KI-generiert / AI generated,545
namespaces/ns_core_ara_core_e30e31.html,SWS_CORE_01753,content/ai/namespaces/ns_core_ara_core_e30e31/rec_SWS_CORE_01753_141.html,Technische Einordnung KI-generiert / AI generated,490
namespaces/ns_core_ara_core_e30e31.html,SWS_CORE_01754,content/ai/namespaces/ns_core_ara_core_e30e31/rec_SWS_CORE_01754_142.html,Technische Einordnung KI-generiert / AI generated,490
namespaces/ns_core_ara_core_e30e31.html,SWS_CORE_03397,content/ai/namespaces/ns_core_ara_core_e30e31/rec_SWS_CORE_03397_143.html,Technische Einordnung KI-generiert / AI generated,603
namespaces/ns_core_ara_core_e30e31.html,SWS_CORE_03396,content/ai/namespaces/ns_core_ara_core_e30e31/rec_SWS_CORE_03396_144.html,Technische Einordnung KI-generiert / AI generated,603
namespaces/ns_core_ara_core_e30e31.html,SWS_CORE_03391,content/ai/namespaces/ns_core_ara_core_e30e31/rec_SWS_CORE_03391_145.html,Technische Einordnung KI-generiert / AI generated,603
namespaces/ns_core_ara_core_e30e31.html,SWS_CORE_03392,content/ai/namespaces/ns_core_ara_core_e30e31/rec_SWS_CORE_03392_146.html,Technische Einordnung KI-generiert / AI generated,603
namespaces/ns_core_ara_core_e30e31.html,SWS_CORE_03398,content/ai/namespaces/ns_core_ara_core_e30e31/rec_SWS_CORE_03398_147.html,Technische Einordnung KI-generiert / AI generated,604
namespaces/ns_core_ara_core_e30e31.html,SWS_CORE_03394,content/ai/namespaces/ns_core_ara_core_e30e31/rec_SWS_CORE_03394_148.html,Technische Einordnung KI-generiert / AI generated,604
namespaces/ns_core_ara_core_e30e31.html,SWS_CORE_03393,content/ai/namespaces/ns_core_ara_core_e30e31/rec_SWS_CORE_03393_149.html,Technische Einordnung KI-generiert / AI generated,604
namespaces/ns_core_ara_core_e30e31.html,SWS_CORE_03395,content/ai/namespaces/ns_core_ara_core_e30e31/rec_SWS_CORE_03395_150.html,Technische Einordnung KI-generiert / AI generated,605
namespaces/ns_core_ara_core_e30e31.html,SWS_CORE_01096,content/ai/namespaces/ns_core_ara_core_e30e31/rec_SWS_CORE_01096_151.html,Technische Einordnung KI-generiert / AI generated,688
namespaces/ns_core_ara_core_e30e31.html,SWS_CORE_01296,content/ai/namespaces/ns_core_ara_core_e30e31/rec_SWS_CORE_01296_152.html,Technische Einordnung KI-generiert / AI generated,497
namespaces/ns_core_ara_core_e30e31.html,SWS_CORE_01396,content/ai/namespaces/ns_core_ara_core_e30e31/rec_SWS_CORE_01396_153.html,Technische Einordnung KI-generiert / AI generated,602
namespaces/ns_core_ara_core_e30e31.html,SWS_CORE_01496,content/ai/namespaces/ns_core_ara_core_e30e31/rec_SWS_CORE_01496_154.html,Technische Einordnung KI-generiert / AI generated,593
namespaces/ns_core_ara_core_e30e31.html,SWS_CORE_01696,content/ai/namespaces/ns_core_ara_core_e30e31/rec_SWS_CORE_01696_155.html,Technische Einordnung KI-generiert / AI generated,605
namespaces/ns_core_ara_core_e30e31.html,SWS_CORE_03296,content/ai/namespaces/ns_core_ara_core_e30e31/rec_SWS_CORE_03296_156.html,Technische Einordnung KI-generiert / AI generated,620
namespaces/ns_core_ara_core_e30e31.html,SWS_CORE_03382,content/ai/namespaces/ns_core_ara_core_e30e31/rec_SWS_CORE_03382_157.html,Technische Einordnung KI-generiert / AI generated,611
namespaces/ns_core_ara_core_e30e31.html,SWS_CORE_03383,content/ai/namespaces/ns_core_ara_core_e30e31/rec_SWS_CORE_03383_158.html,Technische Einordnung KI-generiert / AI generated,611
namespaces/ns_core_ara_core_e30e31.html,SWS_CORE_03384,content/ai/namespaces/ns_core_ara_core_e30e31/rec_SWS_CORE_03384_159.html,Technische Einordnung KI-generiert / AI generated,611
namespaces/ns_core_ara_core_e30e31.html,SWS_CORE_03385,content/ai/namespaces/ns_core_ara_core_e30e31/rec_SWS_CORE_03385_160.html,Technische Einordnung KI-generiert / AI generated,611
namespaces/ns_core_ara_core_e30e31.html,SWS_CORE_03386,content/ai/namespaces/ns_core_ara_core_e30e31/rec_SWS_CORE_03386_161.html,Technische Einordnung KI-generiert / AI generated,611
namespaces/ns_core_ara_core_e30e31.html,SWS_CORE_03387,content/ai/namespaces/ns_core_ara_core_e30e31/rec_SWS_CORE_03387_162.html,Technische Einordnung KI-generiert / AI generated,611
namespaces/ns_core_ara_core_e30e31.html,SWS_CORE_03388,content/ai/namespaces/ns_core_ara_core_e30e31/rec_SWS_CORE_03388_163.html,Technische Einordnung KI-generiert / AI generated,611
namespaces/ns_core_ara_core_e30e31.html,SWS_CORE_03389,content/ai/namespaces/ns_core_ara_core_e30e31/rec_SWS_CORE_03389_164.html,Technische Einordnung KI-generiert / AI generated,611
namespaces/ns_core_ara_core_e30e31.html,SWS_CORE_03390,content/ai/namespaces/ns_core_ara_core_e30e31/rec_SWS_CORE_03390_165.html,Technische Einordnung KI-generiert / AI generated,611
namespaces/ns_core_ara_core_e30e31.html,SWS_CORE_01633,content/ai/namespaces/ns_core_ara_core_e30e31/rec_SWS_CORE_01633_166.html,Technische Einordnung KI-generiert / AI generated,606
namespaces/ns_core_ara_core_e30e31.html,SWS_CORE_01634,content/ai/namespaces/ns_core_ara_core_e30e31/rec_SWS_CORE_01634_167.html,Technische Einordnung KI-generiert / AI generated,606
namespaces/ns_core_ara_core_literals_string_view_literals_c613a9.html,SWS_CORE_02188,content/ai/namespaces/ns_core_ara_core_literals_string_view_literals_c613a9/rec_SWS_CORE_02188_01.html,Technische Einordnung KI-generiert / AI generated,632
namespaces/ns_crypto_ara_crypto_aacf86.html,(Seite),content/ai/namespaces/ns_crypto_ara_crypto_aacf86/main_01.html,Rolle im Crypto Stack,1665
namespaces/ns_crypto_ara_crypto_aacf86.html,SWS_CRYPT_20099,content/ai/namespaces/ns_crypto_ara_crypto_aacf86/rec_SWS_CRYPT_20099_02.html,Verwendung KI-generiert / AI generated,473
namespaces/ns_crypto_ara_crypto_aacf86.html,SWS_CRYPT_50200,content/ai/namespaces/ns_crypto_ara_crypto_aacf86/rec_SWS_CRYPT_50200_03.html,Verwendung KI-generiert / AI generated,468
namespaces/ns_crypto_ara_crypto_aacf86.html,SWS_CRYPT_50004,content/ai/namespaces/ns_crypto_ara_crypto_aacf86/rec_SWS_CRYPT_50004_04.html,Verwendung KI-generiert / AI generated,466
namespaces/ns_crypto_ara_crypto_aacf86.html,SWS_CRYPT_50005,content/ai/namespaces/ns_crypto_ara_crypto_aacf86/rec_SWS_CRYPT_50005_05.html,Verwendung KI-generiert / AI generated,475
namespaces/ns_crypto_ara_crypto_aacf86.html,SWS_CRYPT_40099,content/ai/namespaces/ns_crypto_ara_crypto_aacf86/rec_SWS_CRYPT_40099_06.html,Verwendung KI-generiert / AI generated,471
namespaces/ns_crypto_ara_crypto_cryp_39bdc3.html,(Seite),content/ai/namespaces/ns_crypto_ara_crypto_cryp_39bdc3/main_01.html,Rolle im Crypto Stack,1864
namespaces/ns_crypto_ara_crypto_x509_6a3cad.html,(Seite),content/ai/namespaces/ns_crypto_ara_crypto_x509_6a3cad/main_01.html,Rolle im Crypto Stack,1483
namespaces/ns_diag_ara_diag_fbd60d.html,(Seite),content/ai/namespaces/ns_diag_ara_diag_fbd60d/main_01.html,Architektureinbettung,1717
namespaces/ns_diag_ara_diag_fbd60d.html,SWS_DM_00524,content/ai/namespaces/ns_diag_ara_diag_fbd60d/rec_SWS_DM_00524_02.html,Verwendung KI-generiert / AI generated,634
namespaces/ns_diag_ara_diag_fbd60d.html,SWS_DM_01003,content/ai/namespaces/ns_diag_ara_diag_fbd60d/rec_SWS_DM_01003_03.html,Verwendung KI-generiert / AI generated,583
namespaces/ns_diag_ara_diag_fbd60d.html,SWS_DM_01004,content/ai/namespaces/ns_diag_ara_diag_fbd60d/rec_SWS_DM_01004_04.html,Verwendung KI-generiert / AI generated,539
namespaces/ns_diag_ara_diag_fbd60d.html,SWS_DM_01816,content/ai/namespaces/ns_diag_ara_diag_fbd60d/rec_SWS_DM_01816_05.html,Verwendung KI-generiert / AI generated,513
namespaces/ns_diag_ara_diag_fbd60d.html,SWS_DM_00536,content/ai/namespaces/ns_diag_ara_diag_fbd60d/rec_SWS_DM_00536_06.html,Verwendung KI-generiert / AI generated,509
namespaces/ns_diag_ara_diag_fbd60d.html,SWS_DM_00525,content/ai/namespaces/ns_diag_ara_diag_fbd60d/rec_SWS_DM_00525_07.html,Verwendung KI-generiert / AI generated,610
namespaces/ns_diag_ara_diag_fbd60d.html,SWS_DM_00537,content/ai/namespaces/ns_diag_ara_diag_fbd60d/rec_SWS_DM_00537_08.html,Verwendung KI-generiert / AI generated,586
namespaces/ns_diag_ara_diag_fbd60d.html,SWS_DM_01005,content/ai/namespaces/ns_diag_ara_diag_fbd60d/rec_SWS_DM_01005_09.html,Verwendung KI-generiert / AI generated,606
namespaces/ns_diag_ara_diag_fbd60d.html,SWS_DM_01006,content/ai/namespaces/ns_diag_ara_diag_fbd60d/rec_SWS_DM_01006_10.html,Verwendung KI-generiert / AI generated,599
namespaces/ns_diag_ara_diag_fbd60d.html,SWS_DM_01817,content/ai/namespaces/ns_diag_ara_diag_fbd60d/rec_SWS_DM_01817_11.html,Verwendung KI-generiert / AI generated,584
namespaces/ns_exec_ara_exec_a73810.html,(Seite),content/ai/namespaces/ns_exec_ara_exec_a73810/main_01.html,Öffentliche API für Execution und State Management,1727
namespaces/ns_exec_ara_exec_a73810.html,SWS_EM_02281,content/ai/namespaces/ns_exec_ara_exec_a73810/rec_SWS_EM_02281_02.html,Verwendung KI-generiert / AI generated,363
namespaces/ns_exec_ara_exec_a73810.html,SWS_EM_02000,content/ai/namespaces/ns_exec_ara_exec_a73810/rec_SWS_EM_02000_03.html,Verwendung KI-generiert / AI generated,605
namespaces/ns_exec_ara_exec_a73810.html,SWS_EM_02541,content/ai/namespaces/ns_exec_ara_exec_a73810/rec_SWS_EM_02541_04.html,Verwendung KI-generiert / AI generated,348
namespaces/ns_exec_ara_exec_a73810.html,SWS_EM_02290,content/ai/namespaces/ns_exec_ara_exec_a73810/rec_SWS_EM_02290_05.html,Verwendung KI-generiert / AI generated,442
namespaces/ns_idsm_ara_idsm_c9e8a2.html,(Seite),content/ai/namespaces/ns_idsm_ara_idsm_c9e8a2/main_01.html,Namespace-Grenze,768
namespaces/ns_idsm_ara_idsm_c9e8a2.html,SWS_AIDSM_10203,content/ai/namespaces/ns_idsm_ara_idsm_c9e8a2/rec_SWS_AIDSM_10203_02.html,Verwendung KI-generiert / AI generated,333
namespaces/ns_idsm_ara_idsm_c9e8a2.html,SWS_AIDSM_10205,content/ai/namespaces/ns_idsm_ara_idsm_c9e8a2/rec_SWS_AIDSM_10205_03.html,Verwendung KI-generiert / AI generated,354
namespaces/ns_idsm_ara_idsm_c9e8a2.html,SWS_AIDSM_10202,content/ai/namespaces/ns_idsm_ara_idsm_c9e8a2/rec_SWS_AIDSM_10202_04.html,Verwendung KI-generiert / AI generated,340
namespaces/ns_idsm_ara_idsm_c9e8a2.html,SWS_AIDSM_10204,content/ai/namespaces/ns_idsm_ara_idsm_c9e8a2/rec_SWS_AIDSM_10204_05.html,Verwendung KI-generiert / AI generated,350
namespaces/ns_log_apext_log_14fe26.html,(Seite),content/ai/namespaces/ns_log_apext_log_14fe26/main_01.html,Erweiterungspunkt für modelliertes Tracing,894
namespaces/ns_log_apext_log_14fe26.html,SWS_LOG_20000,content/ai/namespaces/ns_log_apext_log_14fe26/rec_SWS_LOG_20000_02.html,Verwendung KI-generiert / AI generated,781
namespaces/ns_log_ara_log_10815c.html,(Seite),content/ai/namespaces/ns_log_ara_log_10815c/main_01.html,Öffentliche Oberfläche von ara::log,2253
namespaces/ns_log_ara_log_10815c.html,SWS_LOG_00098,content/ai/namespaces/ns_log_ara_log_10815c/rec_SWS_LOG_00098_02.html,Verwendung KI-generiert / AI generated,651
namespaces/ns_log_ara_log_10815c.html,SWS_LOG_00018,content/ai/namespaces/ns_log_ara_log_10815c/rec_SWS_LOG_00018_03.html,Verwendung KI-generiert / AI generated,649
namespaces/ns_log_ara_log_10815c.html,SWS_LOG_00265,content/ai/namespaces/ns_log_ara_log_10815c/rec_SWS_LOG_00265_04.html,Verwendung KI-generiert / AI generated,673
namespaces/ns_log_ara_log_10815c.html,SWS_LOG_00201,content/ai/namespaces/ns_log_ara_log_10815c/rec_SWS_LOG_00201_05.html,Verwendung KI-generiert / AI generated,806
namespaces/ns_log_ara_log_10815c.html,SWS_LOG_00223,content/ai/namespaces/ns_log_ara_log_10815c/rec_SWS_LOG_00223_06.html,Verwendung KI-generiert / AI generated,781
namespaces/ns_log_ara_log_10815c.html,SWS_LOG_00224,content/ai/namespaces/ns_log_ara_log_10815c/rec_SWS_LOG_00224_07.html,Verwendung KI-generiert / AI generated,787
namespaces/ns_log_ara_log_10815c.html,SWS_LOG_00215,content/ai/namespaces/ns_log_ara_log_10815c/rec_SWS_LOG_00215_08.html,Verwendung KI-generiert / AI generated,572
namespaces/ns_log_ara_log_10815c.html,SWS_LOG_00216,content/ai/namespaces/ns_log_ara_log_10815c/rec_SWS_LOG_00216_09.html,Verwendung KI-generiert / AI generated,618
namespaces/ns_log_ara_log_10815c.html,SWS_LOG_00021,content/ai/namespaces/ns_log_ara_log_10815c/rec_SWS_LOG_00021_10.html,Verwendung KI-generiert / AI generated,947
namespaces/ns_log_ara_log_10815c.html,SWS_LOG_00256,content/ai/namespaces/ns_log_ara_log_10815c/rec_SWS_LOG_00256_11.html,Verwendung KI-generiert / AI generated,947
namespaces/ns_log_ara_log_10815c.html,SWS_LOG_00263,content/ai/namespaces/ns_log_ara_log_10815c/rec_SWS_LOG_00263_12.html,Verwendung KI-generiert / AI generated,947
namespaces/ns_log_ara_log_10815c.html,SWS_LOG_00211,content/ai/namespaces/ns_log_ara_log_10815c/rec_SWS_LOG_00211_13.html,Verwendung KI-generiert / AI generated,572
namespaces/ns_log_ara_log_10815c.html,SWS_LOG_00212,content/ai/namespaces/ns_log_ara_log_10815c/rec_SWS_LOG_00212_14.html,Verwendung KI-generiert / AI generated,618
namespaces/ns_log_ara_log_10815c.html,SWS_LOG_00217,content/ai/namespaces/ns_log_ara_log_10815c/rec_SWS_LOG_00217_15.html,Verwendung KI-generiert / AI generated,779
namespaces/ns_log_ara_log_10815c.html,SWS_LOG_00218,content/ai/namespaces/ns_log_ara_log_10815c/rec_SWS_LOG_00218_16.html,Verwendung KI-generiert / AI generated,785
namespaces/ns_log_ara_log_10815c.html,SWS_LOG_00208,content/ai/namespaces/ns_log_ara_log_10815c/rec_SWS_LOG_00208_17.html,Verwendung KI-generiert / AI generated,577
namespaces/ns_log_ara_log_10815c.html,SWS_LOG_00219,content/ai/namespaces/ns_log_ara_log_10815c/rec_SWS_LOG_00219_18.html,Verwendung KI-generiert / AI generated,779
namespaces/ns_log_ara_log_10815c.html,SWS_LOG_00220,content/ai/namespaces/ns_log_ara_log_10815c/rec_SWS_LOG_00220_19.html,Verwendung KI-generiert / AI generated,785
namespaces/ns_log_ara_log_10815c.html,SWS_LOG_00209,content/ai/namespaces/ns_log_ara_log_10815c/rec_SWS_LOG_00209_20.html,Verwendung KI-generiert / AI generated,572
namespaces/ns_log_ara_log_10815c.html,SWS_LOG_00210,content/ai/namespaces/ns_log_ara_log_10815c/rec_SWS_LOG_00210_21.html,Verwendung KI-generiert / AI generated,618
namespaces/ns_log_ara_log_10815c.html,SWS_LOG_00221,content/ai/namespaces/ns_log_ara_log_10815c/rec_SWS_LOG_00221_22.html,Verwendung KI-generiert / AI generated,779
namespaces/ns_log_ara_log_10815c.html,SWS_LOG_00222,content/ai/namespaces/ns_log_ara_log_10815c/rec_SWS_LOG_00222_23.html,Verwendung KI-generiert / AI generated,785
namespaces/ns_log_ara_log_10815c.html,SWS_LOG_00213,content/ai/namespaces/ns_log_ara_log_10815c/rec_SWS_LOG_00213_24.html,Verwendung KI-generiert / AI generated,572
namespaces/ns_log_ara_log_10815c.html,SWS_LOG_00214,content/ai/namespaces/ns_log_ara_log_10815c/rec_SWS_LOG_00214_25.html,Verwendung KI-generiert / AI generated,618
namespaces/ns_log_ara_log_10815c.html,SWS_LOG_00205,content/ai/namespaces/ns_log_ara_log_10815c/rec_SWS_LOG_00205_26.html,Verwendung KI-generiert / AI generated,823
namespaces/ns_log_ara_log_10815c.html,SWS_LOG_00063,content/ai/namespaces/ns_log_ara_log_10815c/rec_SWS_LOG_00063_27.html,Verwendung KI-generiert / AI generated,514
namespaces/ns_log_ara_log_10815c.html,SWS_LOG_00124,content/ai/namespaces/ns_log_ara_log_10815c/rec_SWS_LOG_00124_28.html,Verwendung KI-generiert / AI generated,652
namespaces/ns_log_ara_log_10815c.html,SWS_LOG_00125,content/ai/namespaces/ns_log_ara_log_10815c/rec_SWS_LOG_00125_29.html,Verwendung KI-generiert / AI generated,488
namespaces/ns_log_ara_log_10815c.html,SWS_LOG_00126,content/ai/namespaces/ns_log_ara_log_10815c/rec_SWS_LOG_00126_30.html,Verwendung KI-generiert / AI generated,452
namespaces/ns_log_ara_log_10815c.html,SWS_LOG_00127,content/ai/namespaces/ns_log_ara_log_10815c/rec_SWS_LOG_00127_31.html,Verwendung KI-generiert / AI generated,437
namespaces/ns_nm_ara_nm_a7c4d1.html,(Seite),content/ai/namespaces/ns_nm_ara_nm_a7c4d1/main_01.html,Namespace-Grenze,747
namespaces/ns_nm_ara_nm_a7c4d1.html,SWS_ANM_01111,content/ai/namespaces/ns_nm_ara_nm_a7c4d1/rec_SWS_ANM_01111_02.html,Verwendung KI-generiert / AI generated,383
namespaces/ns_nm_ara_nm_a7c4d1.html,SWS_ANM_01109,content/ai/namespaces/ns_nm_ara_nm_a7c4d1/rec_SWS_ANM_01109_03.html,Verwendung KI-generiert / AI generated,334
namespaces/ns_nm_ara_nm_a7c4d1.html,SWS_ANM_01110,content/ai/namespaces/ns_nm_ara_nm_a7c4d1/rec_SWS_ANM_01110_04.html,Verwendung KI-generiert / AI generated,351
namespaces/ns_per_ara_per_d9a3e9.html,(Seite),content/ai/namespaces/ns_per_ara_per_d9a3e9/main_01.html,Öffentliche Einstiegspunkte,2359
namespaces/ns_per_ara_per_d9a3e9.html,SWS_PER_00576,content/ai/namespaces/ns_per_ara_per_d9a3e9/rec_SWS_PER_00576_02.html,Verwendung KI-generiert / AI generated,970
namespaces/ns_per_ara_per_d9a3e9.html,SWS_PER_00567,content/ai/namespaces/ns_per_ara_per_d9a3e9/rec_SWS_PER_00567_03.html,Verwendung KI-generiert / AI generated,814
namespaces/ns_per_ara_per_d9a3e9.html,SWS_PER_00406,content/ai/namespaces/ns_per_ara_per_d9a3e9/rec_SWS_PER_00406_04.html,Verwendung KI-generiert / AI generated,959
namespaces/ns_per_ara_per_d9a3e9.html,SWS_PER_00405,content/ai/namespaces/ns_per_ara_per_d9a3e9/rec_SWS_PER_00405_05.html,Verwendung KI-generiert / AI generated,978
namespaces/ns_per_ara_per_d9a3e9.html,SWS_PER_00352,content/ai/namespaces/ns_per_ara_per_d9a3e9/rec_SWS_PER_00352_06.html,Verwendung KI-generiert / AI generated,518
namespaces/ns_per_ara_per_d9a3e9.html,SWS_PER_00116,content/ai/namespaces/ns_per_ara_per_d9a3e9/rec_SWS_PER_00116_07.html,Verwendung KI-generiert / AI generated,1037
namespaces/ns_per_ara_per_d9a3e9.html,SWS_PER_00052,content/ai/namespaces/ns_per_ara_per_d9a3e9/rec_SWS_PER_00052_08.html,Verwendung KI-generiert / AI generated,1022
namespaces/ns_per_ara_per_d9a3e9.html,SWS_PER_00335,content/ai/namespaces/ns_per_ara_per_d9a3e9/rec_SWS_PER_00335_09.html,Verwendung KI-generiert / AI generated,843
namespaces/ns_per_ara_per_d9a3e9.html,SWS_PER_00333,content/ai/namespaces/ns_per_ara_per_d9a3e9/rec_SWS_PER_00333_10.html,Verwendung KI-generiert / AI generated,827
namespaces/ns_per_ara_per_d9a3e9.html,SWS_PER_00433,content/ai/namespaces/ns_per_ara_per_d9a3e9/rec_SWS_PER_00433_11.html,Verwendung KI-generiert / AI generated,1194
namespaces/ns_per_ara_per_d9a3e9.html,SWS_PER_00577,content/ai/namespaces/ns_per_ara_per_d9a3e9/rec_SWS_PER_00577_12.html,Verwendung KI-generiert / AI generated,967
namespaces/ns_per_ara_per_d9a3e9.html,SWS_PER_00336,content/ai/namespaces/ns_per_ara_per_d9a3e9/rec_SWS_PER_00336_13.html,Verwendung KI-generiert / AI generated,1042
namespaces/ns_per_ara_per_d9a3e9.html,SWS_PER_00334,content/ai/namespaces/ns_per_ara_per_d9a3e9/rec_SWS_PER_00334_14.html,Verwendung KI-generiert / AI generated,1052
namespaces/ns_per_ara_per_d9a3e9.html,SWS_PER_00358,content/ai/namespaces/ns_per_ara_per_d9a3e9/rec_SWS_PER_00358_15.html,Verwendung KI-generiert / AI generated,1110
namespaces/ns_per_ara_per_d9a3e9.html,SWS_PER_00357,content/ai/namespaces/ns_per_ara_per_d9a3e9/rec_SWS_PER_00357_16.html,Verwendung KI-generiert / AI generated,1211
namespaces/ns_phm_apext_phm_c44d23.html,(Seite),content/ai/namespaces/ns_phm_apext_phm_c44d23/main_01.html,Erweiterungspunkt für den Watchdog,870
namespaces/ns_phm_ara_phm_9fbd40.html,(Seite),content/ai/namespaces/ns_phm_ara_phm_9fbd40/main_01.html,Öffentliche API für die Health-Supervision,1388
namespaces/ns_phm_ara_phm_9fbd40.html,SWS_PHM_01358,content/ai/namespaces/ns_phm_ara_phm_9fbd40/rec_SWS_PHM_01358_02.html,Verwendung KI-generiert / AI generated,396
namespaces/ns_phm_ara_phm_9fbd40.html,SWS_PHM_01137,content/ai/namespaces/ns_phm_ara_phm_9fbd40/rec_SWS_PHM_01137_03.html,Verwendung KI-generiert / AI generated,447
namespaces/ns_phm_ara_phm_9fbd40.html,SWS_PHM_01240,content/ai/namespaces/ns_phm_ara_phm_9fbd40/rec_SWS_PHM_01240_04.html,Verwendung KI-generiert / AI generated,334
namespaces/ns_phm_ara_phm_9fbd40.html,SWS_PHM_01138,content/ai/namespaces/ns_phm_ara_phm_9fbd40/rec_SWS_PHM_01138_05.html,Verwendung KI-generiert / AI generated,377
namespaces/ns_phm_ara_phm_9fbd40.html,SWS_PHM_01251,content/ai/namespaces/ns_phm_ara_phm_9fbd40/rec_SWS_PHM_01251_06.html,Verwendung KI-generiert / AI generated,408
namespaces/ns_shwa_ara_shwa_59c3fa.html,(Seite),content/ai/namespaces/ns_shwa_ara_shwa_59c3fa/main_01.html,Namespace und Aufgabenbereiche,784
namespaces/ns_sm_apext_sm_a5dc2b.html,(Seite),content/ai/namespaces/ns_sm_apext_sm_a5dc2b/main_01.html,OEM-/Integrationsnahe Power-State-Typen,845
namespaces/ns_sm_ara_sm_0efb8d.html,(Seite),content/ai/namespaces/ns_sm_ara_sm_0efb8d/main_01.html,Öffentliche SM-Fehler- und Basistypen,870
namespaces/ns_sm_ara_sm_0efb8d.html,SWS_SM_81251,content/ai/namespaces/ns_sm_ara_sm_0efb8d/rec_SWS_SM_81251_02.html,Verwendung KI-generiert / AI generated,522
namespaces/ns_sm_ara_sm_0efb8d.html,SWS_SM_81244,content/ai/namespaces/ns_sm_ara_sm_0efb8d/rec_SWS_SM_81244_03.html,Verwendung KI-generiert / AI generated,558
namespaces/ns_sm_ara_sm_s2r_b2e85c.html,(Seite),content/ai/namespaces/ns_sm_ara_sm_s2r_b2e85c/main_01.html,Suspend-to-RAM-Namensraum,808
namespaces/ns_tsync_apext_tsync_4a60ba.html,(Seite),content/ai/namespaces/ns_tsync_apext_tsync_4a60ba/main_01.html,Zeitbasis-Baustein namespace apext::tsync,1124
namespaces/ns_tsync_apext_tsync_4a60ba.html,SWS_TS_14202,content/ai/namespaces/ns_tsync_apext_tsync_4a60ba/rec_SWS_TS_14202_02.html,Verwendung KI-generiert / AI generated,645
namespaces/ns_tsync_apext_tsync_4a60ba.html,SWS_TS_14212,content/ai/namespaces/ns_tsync_apext_tsync_4a60ba/rec_SWS_TS_14212_03.html,Verwendung KI-generiert / AI generated,813
namespaces/ns_tsync_apext_tsync_4a60ba.html,SWS_TS_14213,content/ai/namespaces/ns_tsync_apext_tsync_4a60ba/rec_SWS_TS_14213_04.html,Verwendung KI-generiert / AI generated,780
namespaces/ns_tsync_ara_tsync_6055e5.html,(Seite),content/ai/namespaces/ns_tsync_ara_tsync_6055e5/main_01.html,Öffentliche Begriffe für globale Zeit,1109
namespaces/ns_tsync_ara_tsync_6055e5.html,SWS_TS_01051,content/ai/namespaces/ns_tsync_ara_tsync_6055e5/rec_SWS_TS_01051_02.html,Verwendung KI-generiert / AI generated,624
namespaces/ns_tsync_ara_tsync_6055e5.html,SWS_TS_01050,content/ai/namespaces/ns_tsync_ara_tsync_6055e5/rec_SWS_TS_01050_03.html,Verwendung KI-generiert / AI generated,666
namespaces/ns_tsync_ara_tsync_6055e5.html,SWS_TS_00901,content/ai/namespaces/ns_tsync_ara_tsync_6055e5/rec_SWS_TS_00901_04.html,Verwendung KI-generiert / AI generated,639
namespaces/ns_tsync_ara_tsync_6055e5.html,SWS_TS_14222,content/ai/namespaces/ns_tsync_ara_tsync_6055e5/rec_SWS_TS_14222_05.html,Verwendung KI-generiert / AI generated,667
namespaces/ns_tsync_ara_tsync_6055e5.html,SWS_TS_14221,content/ai/namespaces/ns_tsync_ara_tsync_6055e5/rec_SWS_TS_14221_06.html,Verwendung KI-generiert / AI generated,677
namespaces/ns_tsync_ara_tsync_6055e5.html,SWS_TS_14223,content/ai/namespaces/ns_tsync_ara_tsync_6055e5/rec_SWS_TS_14223_07.html,Verwendung KI-generiert / AI generated,663
namespaces/ns_tsync_ara_tsync_6055e5.html,SWS_TS_00909,content/ai/namespaces/ns_tsync_ara_tsync_6055e5/rec_SWS_TS_00909_08.html,Verwendung KI-generiert / AI generated,807
namespaces/ns_tsync_ara_tsync_6055e5.html,SWS_TS_00910,content/ai/namespaces/ns_tsync_ara_tsync_6055e5/rec_SWS_TS_00910_09.html,Verwendung KI-generiert / AI generated,780
services/sv_com_VerificationStatusConfigurationByDataId_bae065.html,(Seite),content/ai/services/sv_com_VerificationStatusConfigurationByDataId_bae065/main_01.html,Konfiguration nach Data-ID,1758
services/sv_com_VerificationStatusConfigurationByFreshnessId_f27706.html,(Seite),content/ai/services/sv_com_VerificationStatusConfigurationByFreshnessId_f27706/main_01.html,Konfiguration nach Freshness-ID,1649
services/sv_com_VerificationStatus_8570a9.html,(Seite),content/ai/services/sv_com_VerificationStatus_8570a9/main_01.html,Verifikationsstatus als Plattformdienst,2232
services/sv_sm_StateMachineNotification_5aed9a.html,(Seite),content/ai/services/sv_sm_StateMachineNotification_5aed9a/main_01.html,Beobachtung statt Steuerung,1006
services/sv_sm_StateMachineService_b68b0b.html,(Seite),content/ai/services/sv_sm_StateMachineService_b68b0b/main_01.html,Steuereingang einer konfigurierten StateMachine,2093
services/sv_sm_StateMachineService_b68b0b.html,SWS_SM_91107,content/ai/services/sv_sm_StateMachineService_b68b0b/rec_SWS_SM_91107_02.html,Verwendung KI-generiert / AI generated,554
services/sv_sm_UpdateAllowedService_ed06fe.html,(Seite),content/ai/services/sv_sm_UpdateAllowedService_ed06fe/main_01.html,Projektentscheidung über Update-Zulässigkeit,926
services/sv_sm_UpdateRequest_5d5803.html,(Seite),content/ai/services/sv_sm_UpdateRequest_5d5803/main_01.html,Kontrollpunkt vor einer Update-Änderung,2457
services/sv_sm_UpdateRequest_5d5803.html,SWS_SM_91105,content/ai/services/sv_sm_UpdateRequest_5d5803/rec_SWS_SM_91105_02.html,Verwendung KI-generiert / AI generated,588
services/sv_sm_UpdateRequest_5d5803.html,SWS_SM_91103,content/ai/services/sv_sm_UpdateRequest_5d5803/rec_SWS_SM_91103_03.html,Verwendung KI-generiert / AI generated,559
services/sv_sm_UpdateRequest_5d5803.html,SWS_SM_91102,content/ai/services/sv_sm_UpdateRequest_5d5803/rec_SWS_SM_91102_04.html,Verwendung KI-generiert / AI generated,582
services/sv_sm_UpdateRequest_5d5803.html,SWS_SM_91100,content/ai/services/sv_sm_UpdateRequest_5d5803/rec_SWS_SM_91100_05.html,Verwendung KI-generiert / AI generated,505
services/sv_sm_UpdateRequest_5d5803.html,SWS_SM_91106,content/ai/services/sv_sm_UpdateRequest_5d5803/rec_SWS_SM_91106_06.html,Verwendung KI-generiert / AI generated,430
services/sv_sm_UpdateRequest_5d5803.html,SWS_SM_91101,content/ai/services/sv_sm_UpdateRequest_5d5803/rec_SWS_SM_91101_07.html,Verwendung KI-generiert / AI generated,510
services/sv_sm_UpdateRequest_5d5803.html,SWS_SM_91104,content/ai/services/sv_sm_UpdateRequest_5d5803/rec_SWS_SM_91104_08.html,Verwendung KI-generiert / AI generated,576
services/sv_ucm_PackageManagement_3e8fec.html,(Seite),content/ai/services/sv_ucm_PackageManagement_3e8fec/main_01.html,"Ein Dienst, drei fachliche Ebenen",3390
services/sv_ucm_PackageManagement_3e8fec.html,SWS_UCM_00352,content/ai/services/sv_ucm_PackageManagement_3e8fec/rec_SWS_UCM_00352_02.html,Verwendung KI-generiert / AI generated,467
services/sv_ucm_PackageManagement_3e8fec.html,SWS_UCM_00351,content/ai/services/sv_ucm_PackageManagement_3e8fec/rec_SWS_UCM_00351_03.html,Verwendung KI-generiert / AI generated,417
services/sv_ucm_PackageManagement_3e8fec.html,SWS_UCM_00348,content/ai/services/sv_ucm_PackageManagement_3e8fec/rec_SWS_UCM_00348_04.html,Verwendung KI-generiert / AI generated,461
services/sv_ucm_PackageManagement_3e8fec.html,SWS_UCM_00354,content/ai/services/sv_ucm_PackageManagement_3e8fec/rec_SWS_UCM_00354_05.html,Verwendung KI-generiert / AI generated,428
services/sv_ucm_PackageManagement_3e8fec.html,SWS_UCM_00355,content/ai/services/sv_ucm_PackageManagement_3e8fec/rec_SWS_UCM_00355_06.html,Verwendung KI-generiert / AI generated,448
services/sv_ucm_PackageManagement_3e8fec.html,SWS_UCM_00343,content/ai/services/sv_ucm_PackageManagement_3e8fec/rec_SWS_UCM_00343_07.html,Verwendung KI-generiert / AI generated,435
services/sv_ucm_PackageManagement_3e8fec.html,SWS_UCM_00360,content/ai/services/sv_ucm_PackageManagement_3e8fec/rec_SWS_UCM_00360_08.html,Verwendung KI-generiert / AI generated,432
services/sv_ucm_PackageManagement_3e8fec.html,SWS_UCM_00356,content/ai/services/sv_ucm_PackageManagement_3e8fec/rec_SWS_UCM_00356_09.html,Verwendung KI-generiert / AI generated,457
services/sv_ucm_PackageManagement_3e8fec.html,SWS_UCM_00357,content/ai/services/sv_ucm_PackageManagement_3e8fec/rec_SWS_UCM_00357_10.html,Verwendung KI-generiert / AI generated,440
services/sv_ucm_PackageManagement_3e8fec.html,SWS_UCM_00358,content/ai/services/sv_ucm_PackageManagement_3e8fec/rec_SWS_UCM_00358_11.html,Verwendung KI-generiert / AI generated,457
services/sv_ucm_PackageManagement_3e8fec.html,SWS_UCM_00359,content/ai/services/sv_ucm_PackageManagement_3e8fec/rec_SWS_UCM_00359_12.html,Verwendung KI-generiert / AI generated,420
services/sv_ucm_PackageManagement_3e8fec.html,SWS_UCM_00349,content/ai/services/sv_ucm_PackageManagement_3e8fec/rec_SWS_UCM_00349_13.html,Verwendung KI-generiert / AI generated,456
services/sv_ucm_PackageManagement_3e8fec.html,SWS_UCM_00344,content/ai/services/sv_ucm_PackageManagement_3e8fec/rec_SWS_UCM_00344_14.html,Verwendung KI-generiert / AI generated,481
services/sv_ucm_PackageManagement_3e8fec.html,SWS_UCM_00398,content/ai/services/sv_ucm_PackageManagement_3e8fec/rec_SWS_UCM_00398_15.html,Verwendung KI-generiert / AI generated,430
services/sv_ucm_PackageManagement_3e8fec.html,SWS_UCM_00350,content/ai/services/sv_ucm_PackageManagement_3e8fec/rec_SWS_UCM_00350_16.html,Verwendung KI-generiert / AI generated,483
services/sv_ucm_PackageManagement_3e8fec.html,SWS_UCM_00353,content/ai/services/sv_ucm_PackageManagement_3e8fec/rec_SWS_UCM_00353_17.html,Verwendung KI-generiert / AI generated,471
services/sv_ucm_PackageManagement_3e8fec.html,SWS_UCM_00397,content/ai/services/sv_ucm_PackageManagement_3e8fec/rec_SWS_UCM_00397_18.html,Verwendung KI-generiert / AI generated,439
services/sv_ucm_PackageManagement_3e8fec.html,SWS_UCM_00346,content/ai/services/sv_ucm_PackageManagement_3e8fec/rec_SWS_UCM_00346_19.html,Verwendung KI-generiert / AI generated,478
services/sv_ucm_PackageManagement_3e8fec.html,SWS_UCM_00347,content/ai/services/sv_ucm_PackageManagement_3e8fec/rec_SWS_UCM_00347_20.html,Verwendung KI-generiert / AI generated,495
services/sv_ucm_PackageManagement_3e8fec.html,SWS_UCM_00345,content/ai/services/sv_ucm_PackageManagement_3e8fec/rec_SWS_UCM_00345_21.html,Verwendung KI-generiert / AI generated,469
